Delivery,Bid,Ask,Last,Time,+/-,On Vol,Off Vol,Tot Vol,Open,High,Low,Settl.,O.I,Product,ProductCode,Date
2027,-2.40,-,-,-,0.00,-,3,3,-,-,-,-2.05,678,HLBY,HLBY-27,2026-05-21
2028,-,-,-,-,0.00,-,-,-,-,-,-,0.79,305,HLBY,HLBY-28,2026-05-21
2029,-,-,-,-,0.00,-,-,-,-,-,-,0.91,79,HLBY,HLBY-29,2026-05-21
2030,-,-,-,-,0.00,-,-,-,-,-,-,0.84,0,HLBY,HLBY-30,2026-05-21
Q3 2026,-6.25,-6.00,-,-,0.00,-,-,-,-,-,-,-6.50,835,HLBQ,HLBQ3-26,2026-05-21
Q4 2026,-,-1.50,-,-,0.00,-,-,-,-,-,-,-2.89,922,HLBQ,HLBQ4-26,2026-05-21
Q1 2027,0.25,3.00,-,-,0.00,-,-,-,-,-,-,0.77,132,HLBQ,HLBQ1-27,2026-05-21
Q2 2027,-3.80,-,-,-,0.00,-,-,-,-,-,-,-2.45,2,HLBQ,HLBQ2-27,2026-05-21
May 2026,-,-,-,-,0.00,-,-,-,-,-,-,-24.06,"1,071",HLBM,HLBMMAY-26,2026-05-21
Jun 2026,-,-,-,-,0.00,-,5,5,-,-,-,-14.75,"1,008",HLBM,HLBMJUN-26,2026-05-21
Jul 2026,-15.00,-14.50,-,-,0.00,-,-,-,-,-,-,-16.05,90,HLBM,HLBMJUL-26,2026-05-21
Aug 2026,-,-6.00,-,-,0.00,-,-,-,-,-,-,-8.47,14,HLBM,HLBMAUG-26,2026-05-21
2027,48.50,49.00,48.80,11:31,-0.40,1,2,3,48.80,48.80,48.80,49.20,"3,697",NSBY,NSBY-27,2026-05-21
2028,43.10,43.85,-,-,0.00,-,3,3,-,-,-,43.90,"1,591",NSBY,NSBY-28,2026-05-21
2029,43.50,44.00,-,-,0.00,-,3,3,-,-,-,43.80,634,NSBY,NSBY-29,2026-05-21
2030,-,-,-,-,0.00,-,-,-,-,-,-,45.10,288,NSBY,NSBY-30,2026-05-21
2031,-,-,-,-,0.00,-,-,-,-,-,-,47.20,145,NSBY,NSBY-31,2026-05-21
2032,-,-,-,-,0.00,-,-,-,-,-,-,48.38,53,NSBY,NSBY-32,2026-05-21
2033,-,-,-,-,0.00,-,-,-,-,-,-,48.88,1,NSBY,NSBY-33,2026-05-21
2034,-,-,-,-,0.00,-,-,-,-,-,-,49.38,1,NSBY,NSBY-34,2026-05-21
2035,-,-,-,-,0.00,-,-,-,-,-,-,49.88,0,NSBY,NSBY-35,2026-05-21
2036,-,-,-,-,0.00,-,-,-,-,-,-,50.13,0,NSBY,NSBY-36,2026-05-21
Q3 2026,56.90,57.20,56.90,11:42,-0.40,3,7,10,56.90,56.90,56.90,57.30,"5,312",NSBQ,NSBQ3-26,2026-05-21
Q4 2026,75.40,75.75,75.40,11:42,-0.35,1,6,7,75.40,75.40,75.40,75.75,"4,315",NSBQ,NSBQ4-26,2026-05-21
Q1 2027,80.10,80.70,-,-,0.00,-,-,-,-,-,-,80.95,942,NSBQ,NSBQ1-27,2026-05-21
Q2 2027,36.60,37.50,-,-,0.00,-,-,-,-,-,-,37.30,280,NSBQ,NSBQ2-27,2026-05-21
Q3 2027,27.10,28.49,-,-,0.00,-,-,-,-,-,-,28.30,266,NSBQ,NSBQ3-27,2026-05-21
Q4 2027,51.10,52.00,-,-,0.00,-,-,-,-,-,-,51.40,331,NSBQ,NSBQ4-27,2026-05-21
Q1 2028,68.05,69.00,-,-,0.00,-,-,-,-,-,-,68.78,129,NSBQ,NSBQ1-28,2026-05-21
Q2 2028,32.20,34.15,-,-,0.00,-,-,-,-,-,-,33.50,32,NSBQ,NSBQ2-28,2026-05-21
Q3 2028,-,-,-,-,0.00,-,-,-,-,-,-,24.30,35,NSBQ,NSBQ3-28,2026-05-21
Q4 2028,45.25,53.25,-,-,0.00,-,-,-,-,-,-,49.35,68,NSBQ,NSBQ4-28,2026-05-21
May 2026,72.00,77.00,-,-,0.00,-,-,-,-,-,-,77.00,"4,775",NSBM,NSBMMAY-26,2026-05-21
Jun 2026,57.45,57.80,57.45,11:49,-0.44,20,87,107,57.50,57.50,57.30,57.89,"5,304",NSBM,NSBMJUN-26,2026-05-21
Jul 2026,50.00,50.25,49.50,11:26,-0.75,12,86,98,50.00,50.00,49.50,50.25,670,NSBM,NSBMJUL-26,2026-05-21
Aug 2026,54.50,56.00,-,-,0.00,-,2,2,-,-,-,56.50,219,NSBM,NSBMAUG-26,2026-05-21
Sep 2026,64.00,-,-,-,0.00,-,5,5,-,-,-,64.50,131,NSBM,NSBMSEP-26,2026-05-21
Oct 2026,-,66.07,-,-,0.00,-,-,-,-,-,-,65.00,48,NSBM,NSBMOCT-26,2026-05-21
Nov 2026,76.00,-,-,-,0.00,-,-,-,-,-,-,76.85,6,NSBM,NSBMNOV-26,2026-05-21
2027,-2.30,-1.70,-,-,0.00,-,3,3,-,-,-,-2.05,678,HLBY,HLBY-27,2026-05-21
2028,-,-,-,-,0.00,-,-,-,-,-,-,0.79,305,HLBY,HLBY-28,2026-05-21
2029,-,-,-,-,0.00,-,-,-,-,-,-,0.91,79,HLBY,HLBY-29,2026-05-21
2030,-,-,-,-,0.00,-,-,-,-,-,-,0.84,0,HLBY,HLBY-30,2026-05-21
Q3 2026,-6.25,-6.00,-,-,0.00,-,-,-,-,-,-,-6.50,835,HLBQ,HLBQ3-26,2026-05-21
Q4 2026,-,-2.00,-,-,0.00,-,-,-,-,-,-,-2.89,922,HLBQ,HLBQ4-26,2026-05-21
Q1 2027,0.25,3.00,-,-,0.00,-,-,-,-,-,-,0.77,132,HLBQ,HLBQ1-27,2026-05-21
Q2 2027,-3.80,-,-,-,0.00,-,-,-,-,-,-,-2.45,2,HLBQ,HLBQ2-27,2026-05-21
May 2026,-,-,-,-,0.00,-,-,-,-,-,-,-24.06,"1,071",HLBM,HLBMMAY-26,2026-05-21
Jun 2026,-,-,-,-,0.00,-,5,5,-,-,-,-14.75,"1,008",HLBM,HLBMJUN-26,2026-05-21
Jul 2026,-15.00,-14.50,-,-,0.00,-,-,-,-,-,-,-16.05,90,HLBM,HLBMJUL-26,2026-05-21
Aug 2026,-,-6.00,-,-,0.00,-,-,-,-,-,-,-8.47,14,HLBM,HLBMAUG-26,2026-05-21
2027,48.80,49.40,49.00,12:27,-0.20,4,4,8,48.80,49.00,48.80,49.20,"3,697",NSBY,NSBY-27,2026-05-21
2028,43.65,43.85,-,-,0.00,-,3,3,-,-,-,43.90,"1,591",NSBY,NSBY-28,2026-05-21
2029,43.50,44.00,-,-,0.00,-,3,3,-,-,-,43.80,634,NSBY,NSBY-29,2026-05-21
2030,-,-,-,-,0.00,-,-,-,-,-,-,45.10,288,NSBY,NSBY-30,2026-05-21
2031,-,-,-,-,0.00,-,-,-,-,-,-,47.20,145,NSBY,NSBY-31,2026-05-21
2032,-,-,-,-,0.00,-,-,-,-,-,-,48.38,53,NSBY,NSBY-32,2026-05-21
2033,-,-,-,-,0.00,-,-,-,-,-,-,48.88,1,NSBY,NSBY-33,2026-05-21
2034,-,-,-,-,0.00,-,-,-,-,-,-,49.38,1,NSBY,NSBY-34,2026-05-21
2035,-,-,-,-,0.00,-,-,-,-,-,-,49.88,0,NSBY,NSBY-35,2026-05-21
2036,-,-,-,-,0.00,-,-,-,-,-,-,50.13,0,NSBY,NSBY-36,2026-05-21
Q3 2026,57.25,57.36,57.25,12:34,-0.05,10,7,17,56.90,57.25,56.90,57.30,"5,312",NSBQ,NSBQ3-26,2026-05-21
Q4 2026,75.55,76.00,75.75,12:34,0.00,2,6,8,75.40,75.75,75.40,75.75,"4,315",NSBQ,NSBQ4-26,2026-05-21
Q1 2027,80.10,80.70,-,-,0.00,-,-,-,-,-,-,80.95,942,NSBQ,NSBQ1-27,2026-05-21
Q2 2027,37.00,37.50,-,-,0.00,-,-,-,-,-,-,37.30,280,NSBQ,NSBQ2-27,2026-05-21
Q3 2027,27.50,28.49,-,-,0.00,-,-,-,-,-,-,28.30,266,NSBQ,NSBQ3-27,2026-05-21
Q4 2027,51.15,52.00,-,-,0.00,-,-,-,-,-,-,51.40,331,NSBQ,NSBQ4-27,2026-05-21
Q1 2028,68.05,69.00,-,-,0.00,-,-,-,-,-,-,68.78,129,NSBQ,NSBQ1-28,2026-05-21
Q2 2028,32.24,34.19,-,-,0.00,-,-,-,-,-,-,33.50,32,NSBQ,NSBQ2-28,2026-05-21
Q3 2028,-,-,-,-,0.00,-,-,-,-,-,-,24.30,35,NSBQ,NSBQ3-28,2026-05-21
Q4 2028,45.25,53.25,-,-,0.00,-,-,-,-,-,-,49.35,68,NSBQ,NSBQ4-28,2026-05-21
May 2026,72.00,77.00,-,-,0.00,-,-,-,-,-,-,77.00,"4,775",NSBM,NSBMMAY-26,2026-05-21
Jun 2026,57.75,57.90,57.75,12:32,-0.14,25,87,112,57.50,57.75,57.30,57.89,"5,304",NSBM,NSBMJUN-26,2026-05-21
Jul 2026,50.10,50.60,50.25,12:34,0.00,35,86,121,50.00,50.25,49.50,50.25,670,NSBM,NSBMJUL-26,2026-05-21
Aug 2026,55.75,57.25,56.00,12:26,-0.50,1,2,3,56.00,56.00,56.00,56.50,219,NSBM,NSBMAUG-26,2026-05-21
Sep 2026,64.20,-,-,-,0.00,-,5,5,-,-,-,64.50,131,NSBM,NSBMSEP-26,2026-05-21
Oct 2026,-,66.80,-,-,0.00,-,-,-,-,-,-,65.00,48,NSBM,NSBMOCT-26,2026-05-21
Nov 2026,76.00,-,-,-,0.00,-,-,-,-,-,-,76.85,6,NSBM,NSBMNOV-26,2026-05-21
2027,-2.30,-1.70,-,-,0.00,-,3,3,-,-,-,-2.05,678,HLBY,HLBY-27,2026-05-21
2028,-,-,-,-,0.00,-,-,-,-,-,-,0.79,305,HLBY,HLBY-28,2026-05-21
2029,-,-,-,-,0.00,-,-,-,-,-,-,0.91,79,HLBY,HLBY-29,2026-05-21
2030,-,-,-,-,0.00,-,-,-,-,-,-,0.84,0,HLBY,HLBY-30,2026-05-21
Q3 2026,-6.25,-6.00,-,-,0.00,-,-,-,-,-,-,-6.50,835,HLBQ,HLBQ3-26,2026-05-21
Q4 2026,-,-2.00,-,-,0.00,-,-,-,-,-,-,-2.89,922,HLBQ,HLBQ4-26,2026-05-21
Q1 2027,0.25,3.00,-,-,0.00,-,-,-,-,-,-,0.77,132,HLBQ,HLBQ1-27,2026-05-21
Q2 2027,-3.80,-,-,-,0.00,-,-,-,-,-,-,-2.45,2,HLBQ,HLBQ2-27,2026-05-21
May 2026,-,-,-,-,0.00,-,-,-,-,-,-,-24.06,"1,071",HLBM,HLBMMAY-26,2026-05-21
Jun 2026,-,-,-,-,0.00,-,5,5,-,-,-,-14.75,"1,008",HLBM,HLBMJUN-26,2026-05-21
Jul 2026,-15.00,-14.50,-,-,0.00,-,-,-,-,-,-,-16.05,90,HLBM,HLBMJUL-26,2026-05-21
Aug 2026,-,-6.00,-,-,0.00,-,-,-,-,-,-,-8.47,14,HLBM,HLBMAUG-26,2026-05-21
2027,48.95,49.25,49.00,12:27,-0.20,4,4,8,48.80,49.00,48.80,49.20,"3,697",NSBY,NSBY-27,2026-05-21
2028,43.65,43.90,-,-,0.00,-,3,3,-,-,-,43.90,"1,591",NSBY,NSBY-28,2026-05-21
2029,43.50,44.00,-,-,0.00,-,3,3,-,-,-,43.80,634,NSBY,NSBY-29,2026-05-21
2030,-,-,-,-,0.00,-,-,-,-,-,-,45.10,288,NSBY,NSBY-30,2026-05-21
2031,-,-,-,-,0.00,-,-,-,-,-,-,47.20,145,NSBY,NSBY-31,2026-05-21
2032,-,-,-,-,0.00,-,-,-,-,-,-,48.38,53,NSBY,NSBY-32,2026-05-21
2033,-,-,-,-,0.00,-,-,-,-,-,-,48.88,1,NSBY,NSBY-33,2026-05-21
2034,-,-,-,-,0.00,-,-,-,-,-,-,49.38,1,NSBY,NSBY-34,2026-05-21
2035,-,-,-,-,0.00,-,-,-,-,-,-,49.88,0,NSBY,NSBY-35,2026-05-21
2036,-,-,-,-,0.00,-,-,-,-,-,-,50.13,0,NSBY,NSBY-36,2026-05-21
Q3 2026,57.10,57.35,57.25,12:55,-0.05,14,7,21,56.90,57.25,56.90,57.30,"5,312",NSBQ,NSBQ3-26,2026-05-21
Q4 2026,75.57,76.00,75.75,12:56,0.00,7,6,13,75.40,75.75,75.40,75.75,"4,315",NSBQ,NSBQ4-26,2026-05-21
Q1 2027,80.42,81.00,80.70,12:48,-0.25,2,-,2,80.70,80.70,80.70,80.95,942,NSBQ,NSBQ1-27,2026-05-21
Q2 2027,37.15,37.50,-,-,0.00,-,-,-,-,-,-,37.30,280,NSBQ,NSBQ2-27,2026-05-21
Q3 2027,27.55,28.49,-,-,0.00,-,-,-,-,-,-,28.30,266,NSBQ,NSBQ3-27,2026-05-21
Q4 2027,51.15,52.00,-,-,0.00,-,-,-,-,-,-,51.40,331,NSBQ,NSBQ4-27,2026-05-21
Q1 2028,68.05,69.00,-,-,0.00,-,-,-,-,-,-,68.78,129,NSBQ,NSBQ1-28,2026-05-21
Q2 2028,32.05,34.00,-,-,0.00,-,-,-,-,-,-,33.50,32,NSBQ,NSBQ2-28,2026-05-21
Q3 2028,-,-,-,-,0.00,-,-,-,-,-,-,24.30,35,NSBQ,NSBQ3-28,2026-05-21
Q4 2028,45.25,53.25,-,-,0.00,-,-,-,-,-,-,49.35,68,NSBQ,NSBQ4-28,2026-05-21
May 2026,72.00,77.00,-,-,0.00,-,-,-,-,-,-,77.00,"4,775",NSBM,NSBMMAY-26,2026-05-21
Jun 2026,57.85,58.25,57.90,12:57,0.01,28,87,115,57.50,57.90,57.30,57.89,"5,304",NSBM,NSBMJUN-26,2026-05-21
Jul 2026,50.05,50.60,50.30,12:57,0.05,36,86,122,50.00,50.30,49.50,50.25,670,NSBM,NSBMJUL-26,2026-05-21
Aug 2026,55.75,57.25,56.00,12:26,-0.50,1,2,3,56.00,56.00,56.00,56.50,219,NSBM,NSBMAUG-26,2026-05-21
Sep 2026,64.20,-,-,-,0.00,-,5,5,-,-,-,64.50,131,NSBM,NSBMSEP-26,2026-05-21
Oct 2026,-,66.80,-,-,0.00,-,-,-,-,-,-,65.00,48,NSBM,NSBMOCT-26,2026-05-21
Nov 2026,76.00,-,-,-,0.00,-,-,-,-,-,-,76.85,6,NSBM,NSBMNOV-26,2026-05-21
2027,-2.30,-1.70,-,-,0.00,-,3,3,-,-,-,-2.05,678,HLBY,HLBY-27,2026-05-21
2028,-,-,-,-,0.00,-,-,-,-,-,-,0.79,305,HLBY,HLBY-28,2026-05-21
2029,-,-,-,-,0.00,-,-,-,-,-,-,0.91,79,HLBY,HLBY-29,2026-05-21
2030,-,-,-,-,0.00,-,-,-,-,-,-,0.84,0,HLBY,HLBY-30,2026-05-21
Q3 2026,-6.25,-6.00,-,-,0.00,-,-,-,-,-,-,-6.50,835,HLBQ,HLBQ3-26,2026-05-21
Q4 2026,-,-2.00,-,-,0.00,-,-,-,-,-,-,-2.89,922,HLBQ,HLBQ4-26,2026-05-21
Q1 2027,0.25,3.00,-,-,0.00,-,-,-,-,-,-,0.77,132,HLBQ,HLBQ1-27,2026-05-21
Q2 2027,-3.80,-,-,-,0.00,-,-,-,-,-,-,-2.45,2,HLBQ,HLBQ2-27,2026-05-21
May 2026,-,-,-,-,0.00,-,-,-,-,-,-,-24.06,"1,071",HLBM,HLBMMAY-26,2026-05-21
Jun 2026,-,-,-,-,0.00,-,5,5,-,-,-,-14.75,"1,008",HLBM,HLBMJUN-26,2026-05-21
Jul 2026,-15.00,-14.50,-,-,0.00,-,-,-,-,-,-,-16.05,90,HLBM,HLBMJUL-26,2026-05-21
Aug 2026,-,-6.00,-,-,0.00,-,-,-,-,-,-,-8.47,14,HLBM,HLBMAUG-26,2026-05-21
2027,48.95,49.25,49.00,12:27,-0.20,4,4,8,48.80,49.00,48.80,49.20,"3,697",NSBY,NSBY-27,2026-05-21
2028,43.65,43.90,-,-,0.00,-,3,3,-,-,-,43.90,"1,591",NSBY,NSBY-28,2026-05-21
2029,43.50,44.00,-,-,0.00,-,3,3,-,-,-,43.80,634,NSBY,NSBY-29,2026-05-21
2030,-,-,-,-,0.00,-,-,-,-,-,-,45.10,288,NSBY,NSBY-30,2026-05-21
2031,-,-,-,-,0.00,-,-,-,-,-,-,47.20,145,NSBY,NSBY-31,2026-05-21
2032,-,-,-,-,0.00,-,-,-,-,-,-,48.38,53,NSBY,NSBY-32,2026-05-21
2033,-,-,-,-,0.00,-,-,-,-,-,-,48.88,1,NSBY,NSBY-33,2026-05-21
2034,-,-,-,-,0.00,-,-,-,-,-,-,49.38,1,NSBY,NSBY-34,2026-05-21
2035,-,-,-,-,0.00,-,-,-,-,-,-,49.88,0,NSBY,NSBY-35,2026-05-21
2036,-,-,-,-,0.00,-,-,-,-,-,-,50.13,0,NSBY,NSBY-36,2026-05-21
Q3 2026,57.10,57.35,57.25,12:55,-0.05,14,7,21,56.90,57.25,56.90,57.30,"5,312",NSBQ,NSBQ3-26,2026-05-21
Q4 2026,75.57,76.00,75.75,12:56,0.00,7,6,13,75.40,75.75,75.40,75.75,"4,315",NSBQ,NSBQ4-26,2026-05-21
Q1 2027,80.42,81.00,80.70,12:48,-0.25,2,-,2,80.70,80.70,80.70,80.95,942,NSBQ,NSBQ1-27,2026-05-21
Q2 2027,37.15,37.30,-,-,0.00,-,-,-,-,-,-,37.30,280,NSBQ,NSBQ2-27,2026-05-21
Q3 2027,27.60,28.49,-,-,0.00,-,-,-,-,-,-,28.30,266,NSBQ,NSBQ3-27,2026-05-21
Q4 2027,51.15,52.00,-,-,0.00,-,-,-,-,-,-,51.40,331,NSBQ,NSBQ4-27,2026-05-21
Q1 2028,68.05,69.00,-,-,0.00,-,-,-,-,-,-,68.78,129,NSBQ,NSBQ1-28,2026-05-21
Q2 2028,32.05,34.00,-,-,0.00,-,-,-,-,-,-,33.50,32,NSBQ,NSBQ2-28,2026-05-21
Q3 2028,-,-,-,-,0.00,-,-,-,-,-,-,24.30,35,NSBQ,NSBQ3-28,2026-05-21
Q4 2028,45.25,53.25,-,-,0.00,-,-,-,-,-,-,49.35,68,NSBQ,NSBQ4-28,2026-05-21
May 2026,72.00,77.00,-,-,0.00,-,-,-,-,-,-,77.00,"4,775",NSBM,NSBMMAY-26,2026-05-21
Jun 2026,57.80,58.00,57.90,12:57,0.01,28,87,115,57.50,57.90,57.30,57.89,"5,304",NSBM,NSBMJUN-26,2026-05-21
Jul 2026,50.05,50.50,50.30,12:57,0.05,36,86,122,50.00,50.30,49.50,50.25,670,NSBM,NSBMJUL-26,2026-05-21
Aug 2026,55.75,57.25,56.00,12:26,-0.50,1,2,3,56.00,56.00,56.00,56.50,219,NSBM,NSBMAUG-26,2026-05-21
Sep 2026,64.20,-,-,-,0.00,-,5,5,-,-,-,64.50,131,NSBM,NSBMSEP-26,2026-05-21
Oct 2026,-,66.80,-,-,0.00,-,-,-,-,-,-,65.00,48,NSBM,NSBMOCT-26,2026-05-21
Nov 2026,76.00,-,-,-,0.00,-,-,-,-,-,-,76.85,6,NSBM,NSBMNOV-26,2026-05-21
2027,-2.30,-1.70,-,-,0.00,-,3,3,-,-,-,-2.05,678,HLBY,HLBY-27,2026-05-21
2028,-,-,-,-,0.00,-,-,-,-,-,-,0.79,305,HLBY,HLBY-28,2026-05-21
2029,-,-,-,-,0.00,-,-,-,-,-,-,0.91,79,HLBY,HLBY-29,2026-05-21
2030,-,-,-,-,0.00,-,-,-,-,-,-,0.84,0,HLBY,HLBY-30,2026-05-21
Q3 2026,-6.25,-6.00,-,-,0.00,-,-,-,-,-,-,-6.50,835,HLBQ,HLBQ3-26,2026-05-21
Q4 2026,-,-2.00,-,-,0.00,-,-,-,-,-,-,-2.89,922,HLBQ,HLBQ4-26,2026-05-21
Q1 2027,0.25,3.00,-,-,0.00,-,-,-,-,-,-,0.77,132,HLBQ,HLBQ1-27,2026-05-21
Q2 2027,-3.80,-,-,-,0.00,-,-,-,-,-,-,-2.45,2,HLBQ,HLBQ2-27,2026-05-21
May 2026,-,-,-,-,0.00,-,-,-,-,-,-,-24.06,"1,071",HLBM,HLBMMAY-26,2026-05-21
Jun 2026,-,-,-,-,0.00,-,5,5,-,-,-,-14.75,"1,008",HLBM,HLBMJUN-26,2026-05-21
Jul 2026,-15.00,-14.50,-,-,0.00,-,-,-,-,-,-,-16.05,90,HLBM,HLBMJUL-26,2026-05-21
Aug 2026,-,-6.00,-,-,0.00,-,-,-,-,-,-,-8.47,14,HLBM,HLBMAUG-26,2026-05-21
2027,48.95,49.25,49.00,12:27,-0.20,4,4,8,48.80,49.00,48.80,49.20,"3,697",NSBY,NSBY-27,2026-05-21
2028,43.65,43.90,-,-,0.00,-,3,3,-,-,-,43.90,"1,591",NSBY,NSBY-28,2026-05-21
2029,43.50,44.00,-,-,0.00,-,3,3,-,-,-,43.80,634,NSBY,NSBY-29,2026-05-21
2030,-,-,-,-,0.00,-,-,-,-,-,-,45.10,288,NSBY,NSBY-30,2026-05-21
2031,-,-,-,-,0.00,-,-,-,-,-,-,47.20,145,NSBY,NSBY-31,2026-05-21
2032,-,-,-,-,0.00,-,-,-,-,-,-,48.38,53,NSBY,NSBY-32,2026-05-21
2033,-,-,-,-,0.00,-,-,-,-,-,-,48.88,1,NSBY,NSBY-33,2026-05-21
2034,-,-,-,-,0.00,-,-,-,-,-,-,49.38,1,NSBY,NSBY-34,2026-05-21
2035,-,-,-,-,0.00,-,-,-,-,-,-,49.88,0,NSBY,NSBY-35,2026-05-21
2036,-,-,-,-,0.00,-,-,-,-,-,-,50.13,0,NSBY,NSBY-36,2026-05-21
Q3 2026,57.10,57.35,57.25,12:55,-0.05,14,7,21,56.90,57.25,56.90,57.30,"5,312",NSBQ,NSBQ3-26,2026-05-21
Q4 2026,75.57,76.00,75.75,12:56,0.00,7,6,13,75.40,75.75,75.40,75.75,"4,315",NSBQ,NSBQ4-26,2026-05-21
Q1 2027,80.42,81.00,80.70,12:48,-0.25,2,-,2,80.70,80.70,80.70,80.95,942,NSBQ,NSBQ1-27,2026-05-21
Q2 2027,37.15,37.30,-,-,0.00,-,-,-,-,-,-,37.30,280,NSBQ,NSBQ2-27,2026-05-21
Q3 2027,27.60,28.49,-,-,0.00,-,-,-,-,-,-,28.30,266,NSBQ,NSBQ3-27,2026-05-21
Q4 2027,51.15,52.00,-,-,0.00,-,-,-,-,-,-,51.40,331,NSBQ,NSBQ4-27,2026-05-21
Q1 2028,68.05,69.00,-,-,0.00,-,-,-,-,-,-,68.78,129,NSBQ,NSBQ1-28,2026-05-21
Q2 2028,32.05,34.00,-,-,0.00,-,-,-,-,-,-,33.50,32,NSBQ,NSBQ2-28,2026-05-21
Q3 2028,-,-,-,-,0.00,-,-,-,-,-,-,24.30,35,NSBQ,NSBQ3-28,2026-05-21
Q4 2028,45.25,53.25,-,-,0.00,-,-,-,-,-,-,49.35,68,NSBQ,NSBQ4-28,2026-05-21
May 2026,72.00,77.00,-,-,0.00,-,-,-,-,-,-,77.00,"4,775",NSBM,NSBMMAY-26,2026-05-21
Jun 2026,57.80,58.00,57.90,12:57,0.01,28,87,115,57.50,57.90,57.30,57.89,"5,304",NSBM,NSBMJUN-26,2026-05-21
Jul 2026,50.10,50.50,50.30,12:57,0.05,36,86,122,50.00,50.30,49.50,50.25,670,NSBM,NSBMJUL-26,2026-05-21
Aug 2026,55.75,57.25,56.00,12:26,-0.50,1,2,3,56.00,56.00,56.00,56.50,219,NSBM,NSBMAUG-26,2026-05-21
Sep 2026,64.20,-,-,-,0.00,-,5,5,-,-,-,64.50,131,NSBM,NSBMSEP-26,2026-05-21
Oct 2026,-,66.80,-,-,0.00,-,-,-,-,-,-,65.00,48,NSBM,NSBMOCT-26,2026-05-21
Nov 2026,76.00,-,-,-,0.00,-,-,-,-,-,-,76.85,6,NSBM,NSBMNOV-26,2026-05-21
2027,-2.30,-1.70,-,-,0.00,-,3,3,-,-,-,-2.05,678,HLBY,HLBY-27,2026-05-21
2028,-,-,-,-,0.00,-,-,-,-,-,-,0.79,305,HLBY,HLBY-28,2026-05-21
2029,-,-,-,-,0.00,-,-,-,-,-,-,0.91,79,HLBY,HLBY-29,2026-05-21
2030,-,-,-,-,0.00,-,-,-,-,-,-,0.84,0,HLBY,HLBY-30,2026-05-21
Q3 2026,-6.25,-6.00,-,-,0.00,-,-,-,-,-,-,-6.50,835,HLBQ,HLBQ3-26,2026-05-21
Q4 2026,-,-2.00,-,-,0.00,-,-,-,-,-,-,-2.89,922,HLBQ,HLBQ4-26,2026-05-21
Q1 2027,0.25,3.00,-,-,0.00,-,-,-,-,-,-,0.77,132,HLBQ,HLBQ1-27,2026-05-21
Q2 2027,-3.80,-,-,-,0.00,-,-,-,-,-,-,-2.45,2,HLBQ,HLBQ2-27,2026-05-21
May 2026,-,-,-,-,0.00,-,-,-,-,-,-,-24.06,"1,071",HLBM,HLBMMAY-26,2026-05-21
Jun 2026,-,-,-,-,0.00,-,5,5,-,-,-,-14.75,"1,008",HLBM,HLBMJUN-26,2026-05-21
Jul 2026,-15.00,-14.50,-,-,0.00,-,-,-,-,-,-,-16.05,90,HLBM,HLBMJUL-26,2026-05-21
Aug 2026,-,-6.00,-,-,0.00,-,-,-,-,-,-,-8.47,14,HLBM,HLBMAUG-26,2026-05-21
2027,48.95,49.25,49.00,12:27,-0.20,4,4,8,48.80,49.00,48.80,49.20,"3,697",NSBY,NSBY-27,2026-05-21
2028,43.55,43.90,-,-,0.00,-,3,3,-,-,-,43.90,"1,591",NSBY,NSBY-28,2026-05-21
2029,43.50,44.00,-,-,0.00,-,3,3,-,-,-,43.80,634,NSBY,NSBY-29,2026-05-21
2030,-,-,-,-,0.00,-,-,-,-,-,-,45.10,288,NSBY,NSBY-30,2026-05-21
2031,-,-,-,-,0.00,-,-,-,-,-,-,47.20,145,NSBY,NSBY-31,2026-05-21
2032,-,-,-,-,0.00,-,-,-,-,-,-,48.38,53,NSBY,NSBY-32,2026-05-21
2033,-,-,-,-,0.00,-,-,-,-,-,-,48.88,1,NSBY,NSBY-33,2026-05-21
2034,-,-,-,-,0.00,-,-,-,-,-,-,49.38,1,NSBY,NSBY-34,2026-05-21
2035,-,-,-,-,0.00,-,-,-,-,-,-,49.88,0,NSBY,NSBY-35,2026-05-21
2036,-,-,-,-,0.00,-,-,-,-,-,-,50.13,0,NSBY,NSBY-36,2026-05-21
Q3 2026,57.10,57.35,57.25,12:55,-0.05,14,7,21,56.90,57.25,56.90,57.30,"5,312",NSBQ,NSBQ3-26,2026-05-21
Q4 2026,75.55,76.00,75.75,12:56,0.00,7,6,13,75.40,75.75,75.40,75.75,"4,315",NSBQ,NSBQ4-26,2026-05-21
Q1 2027,80.40,81.00,80.70,12:48,-0.25,2,-,2,80.70,80.70,80.70,80.95,942,NSBQ,NSBQ1-27,2026-05-21
Q2 2027,37.15,37.30,-,-,0.00,-,-,-,-,-,-,37.30,280,NSBQ,NSBQ2-27,2026-05-21
Q3 2027,27.60,28.49,-,-,0.00,-,-,-,-,-,-,28.30,266,NSBQ,NSBQ3-27,2026-05-21
Q4 2027,51.15,52.00,-,-,0.00,-,-,-,-,-,-,51.40,331,NSBQ,NSBQ4-27,2026-05-21
Q1 2028,68.05,69.00,-,-,0.00,-,-,-,-,-,-,68.78,129,NSBQ,NSBQ1-28,2026-05-21
Q2 2028,32.05,34.00,-,-,0.00,-,-,-,-,-,-,33.50,32,NSBQ,NSBQ2-28,2026-05-21
Q3 2028,-,-,-,-,0.00,-,-,-,-,-,-,24.30,35,NSBQ,NSBQ3-28,2026-05-21
Q4 2028,45.25,53.25,-,-,0.00,-,-,-,-,-,-,49.35,68,NSBQ,NSBQ4-28,2026-05-21
May 2026,72.00,77.00,-,-,0.00,-,-,-,-,-,-,77.00,"4,775",NSBM,NSBMMAY-26,2026-05-21
Jun 2026,57.85,58.00,57.90,12:57,0.01,28,87,115,57.50,57.90,57.30,57.89,"5,304",NSBM,NSBMJUN-26,2026-05-21
Jul 2026,50.10,50.40,50.30,12:57,0.05,36,86,122,50.00,50.30,49.50,50.25,670,NSBM,NSBMJUL-26,2026-05-21
Aug 2026,56.00,57.25,56.00,12:26,-0.50,1,2,3,56.00,56.00,56.00,56.50,219,NSBM,NSBMAUG-26,2026-05-21
Sep 2026,64.20,-,-,-,0.00,-,5,5,-,-,-,64.50,131,NSBM,NSBMSEP-26,2026-05-21
Oct 2026,-,66.80,-,-,0.00,-,-,-,-,-,-,65.00,48,NSBM,NSBMOCT-26,2026-05-21
Nov 2026,76.00,-,-,-,0.00,-,-,-,-,-,-,76.85,6,NSBM,NSBMNOV-26,2026-05-21
2027,-2.30,-1.70,-,-,0.00,-,3,3,-,-,-,-2.05,678,HLBY,HLBY-27,2026-05-21
2028,-,-,-,-,0.00,-,-,-,-,-,-,0.79,305,HLBY,HLBY-28,2026-05-21
2029,-,-,-,-,0.00,-,-,-,-,-,-,0.91,79,HLBY,HLBY-29,2026-05-21
2030,-,-,-,-,0.00,-,-,-,-,-,-,0.84,0,HLBY,HLBY-30,2026-05-21
Q3 2026,-6.25,-6.00,-,-,0.00,-,-,-,-,-,-,-6.50,835,HLBQ,HLBQ3-26,2026-05-21
Q4 2026,-,-2.00,-,-,0.00,-,-,-,-,-,-,-2.89,922,HLBQ,HLBQ4-26,2026-05-21
Q1 2027,0.25,3.00,-,-,0.00,-,-,-,-,-,-,0.77,132,HLBQ,HLBQ1-27,2026-05-21
Q2 2027,-3.80,-,-,-,0.00,-,-,-,-,-,-,-2.45,2,HLBQ,HLBQ2-27,2026-05-21
May 2026,-,-,-,-,0.00,-,-,-,-,-,-,-24.06,"1,071",HLBM,HLBMMAY-26,2026-05-21
Jun 2026,-,-,-,-,0.00,-,5,5,-,-,-,-14.75,"1,008",HLBM,HLBMJUN-26,2026-05-21
Jul 2026,-15.00,-14.50,-,-,0.00,-,-,-,-,-,-,-16.05,90,HLBM,HLBMJUL-26,2026-05-21
Aug 2026,-,-6.00,-,-,0.00,-,-,-,-,-,-,-8.47,14,HLBM,HLBMAUG-26,2026-05-21
2027,49.00,49.25,49.00,13:42,-0.20,4,5,9,48.80,49.00,48.80,49.20,"3,697",NSBY,NSBY-27,2026-05-21
2028,43.60,43.90,43.80,13:42,-0.10,1,5,6,43.80,43.80,43.80,43.90,"1,591",NSBY,NSBY-28,2026-05-21
2029,43.50,44.00,-,-,0.00,-,3,3,-,-,-,43.80,634,NSBY,NSBY-29,2026-05-21
2030,-,-,-,-,0.00,-,-,-,-,-,-,45.10,288,NSBY,NSBY-30,2026-05-21
2031,-,-,-,-,0.00,-,-,-,-,-,-,47.20,145,NSBY,NSBY-31,2026-05-21
2032,-,-,-,-,0.00,-,-,-,-,-,-,48.38,53,NSBY,NSBY-32,2026-05-21
2033,-,-,-,-,0.00,-,-,-,-,-,-,48.88,1,NSBY,NSBY-33,2026-05-21
2034,-,-,-,-,0.00,-,-,-,-,-,-,49.38,1,NSBY,NSBY-34,2026-05-21
2035,-,-,-,-,0.00,-,-,-,-,-,-,49.88,0,NSBY,NSBY-35,2026-05-21
2036,-,-,-,-,0.00,-,-,-,-,-,-,50.13,0,NSBY,NSBY-36,2026-05-21
Q3 2026,57.10,57.35,57.25,12:55,-0.05,14,7,21,56.90,57.25,56.90,57.30,"5,312",NSBQ,NSBQ3-26,2026-05-21
Q4 2026,75.55,76.00,75.75,12:56,0.00,7,6,13,75.40,75.75,75.40,75.75,"4,315",NSBQ,NSBQ4-26,2026-05-21
Q1 2027,80.40,81.00,80.70,12:48,-0.25,2,-,2,80.70,80.70,80.70,80.95,942,NSBQ,NSBQ1-27,2026-05-21
Q2 2027,37.15,37.30,-,-,0.00,-,-,-,-,-,-,37.30,280,NSBQ,NSBQ2-27,2026-05-21
Q3 2027,27.60,28.49,-,-,0.00,-,-,-,-,-,-,28.30,266,NSBQ,NSBQ3-27,2026-05-21
Q4 2027,51.15,52.00,-,-,0.00,-,-,-,-,-,-,51.40,331,NSBQ,NSBQ4-27,2026-05-21
Q1 2028,68.05,69.00,-,-,0.00,-,-,-,-,-,-,68.78,129,NSBQ,NSBQ1-28,2026-05-21
Q2 2028,32.05,34.00,-,-,0.00,-,-,-,-,-,-,33.50,32,NSBQ,NSBQ2-28,2026-05-21
Q3 2028,23.50,26.75,-,-,0.00,-,-,-,-,-,-,24.30,35,NSBQ,NSBQ3-28,2026-05-21
Q4 2028,48.50,53.25,-,-,0.00,-,-,-,-,-,-,49.35,68,NSBQ,NSBQ4-28,2026-05-21
May 2026,72.00,77.00,-,-,0.00,-,-,-,-,-,-,77.00,"4,775",NSBM,NSBMMAY-26,2026-05-21
Jun 2026,57.85,58.25,58.10,13:40,0.21,45,87,132,57.50,58.10,57.30,57.89,"5,304",NSBM,NSBMJUN-26,2026-05-21
Jul 2026,50.10,50.60,50.35,13:34,0.10,37,86,123,50.00,50.35,49.50,50.25,670,NSBM,NSBMJUL-26,2026-05-21
Aug 2026,56.00,57.25,56.00,12:26,-0.50,1,2,3,56.00,56.00,56.00,56.50,219,NSBM,NSBMAUG-26,2026-05-21
Sep 2026,64.20,-,-,-,0.00,-,5,5,-,-,-,64.50,131,NSBM,NSBMSEP-26,2026-05-21
Oct 2026,-,66.80,-,-,0.00,-,-,-,-,-,-,65.00,48,NSBM,NSBMOCT-26,2026-05-21
Nov 2026,76.00,-,-,-,0.00,-,-,-,-,-,-,76.85,6,NSBM,NSBMNOV-26,2026-05-21
2027,-2.30,-1.70,-,-,0.00,-,3,3,-,-,-,-2.05,678,HLBY,HLBY-27,2026-05-21
2028,-,-,-,-,0.00,-,-,-,-,-,-,0.79,305,HLBY,HLBY-28,2026-05-21
2029,-,-,-,-,0.00,-,-,-,-,-,-,0.91,79,HLBY,HLBY-29,2026-05-21
2030,-,-,-,-,0.00,-,-,-,-,-,-,0.84,0,HLBY,HLBY-30,2026-05-21
Q3 2026,-6.25,-6.00,-,-,0.00,-,-,-,-,-,-,-6.50,835,HLBQ,HLBQ3-26,2026-05-21
Q4 2026,-,-2.00,-,-,0.00,-,-,-,-,-,-,-2.89,922,HLBQ,HLBQ4-26,2026-05-21
Q1 2027,0.25,3.00,-,-,0.00,-,-,-,-,-,-,0.77,132,HLBQ,HLBQ1-27,2026-05-21
Q2 2027,-3.80,-,-,-,0.00,-,-,-,-,-,-,-2.45,2,HLBQ,HLBQ2-27,2026-05-21
May 2026,-,-,-,-,0.00,-,-,-,-,-,-,-24.06,"1,071",HLBM,HLBMMAY-26,2026-05-21
Jun 2026,-,-,-,-,0.00,-,5,5,-,-,-,-14.75,"1,008",HLBM,HLBMJUN-26,2026-05-21
Jul 2026,-15.00,-14.50,-,-,0.00,-,-,-,-,-,-,-16.05,90,HLBM,HLBMJUL-26,2026-05-21
Aug 2026,-,-6.00,-,-,0.00,-,-,-,-,-,-,-8.47,14,HLBM,HLBMAUG-26,2026-05-21
2027,49.00,49.25,49.00,13:42,-0.20,4,5,9,48.80,49.00,48.80,49.20,"3,697",NSBY,NSBY-27,2026-05-21
2028,43.70,43.90,43.80,13:42,-0.10,1,5,6,43.80,43.80,43.80,43.90,"1,591",NSBY,NSBY-28,2026-05-21
2029,43.50,44.00,-,-,0.00,-,3,3,-,-,-,43.80,634,NSBY,NSBY-29,2026-05-21
2030,-,-,-,-,0.00,-,-,-,-,-,-,45.10,288,NSBY,NSBY-30,2026-05-21
2031,-,-,-,-,0.00,-,-,-,-,-,-,47.20,145,NSBY,NSBY-31,2026-05-21
2032,-,-,-,-,0.00,-,-,-,-,-,-,48.38,53,NSBY,NSBY-32,2026-05-21
2033,-,-,-,-,0.00,-,-,-,-,-,-,48.88,1,NSBY,NSBY-33,2026-05-21
2034,-,-,-,-,0.00,-,-,-,-,-,-,49.38,1,NSBY,NSBY-34,2026-05-21
2035,-,-,-,-,0.00,-,-,-,-,-,-,49.88,0,NSBY,NSBY-35,2026-05-21
2036,-,-,-,-,0.00,-,-,-,-,-,-,50.13,0,NSBY,NSBY-36,2026-05-21
Q3 2026,57.10,57.36,57.25,12:55,-0.05,14,7,21,56.90,57.25,56.90,57.30,"5,312",NSBQ,NSBQ3-26,2026-05-21
Q4 2026,75.85,76.00,75.75,12:56,0.00,7,6,13,75.40,75.75,75.40,75.75,"4,315",NSBQ,NSBQ4-26,2026-05-21
Q1 2027,80.40,81.30,80.70,12:48,-0.25,2,-,2,80.70,80.70,80.70,80.95,942,NSBQ,NSBQ1-27,2026-05-21
Q2 2027,37.15,37.30,-,-,0.00,-,-,-,-,-,-,37.30,280,NSBQ,NSBQ2-27,2026-05-21
Q3 2027,27.60,28.49,-,-,0.00,-,-,-,-,-,-,28.30,266,NSBQ,NSBQ3-27,2026-05-21
Q4 2027,51.15,52.00,-,-,0.00,-,-,-,-,-,-,51.40,331,NSBQ,NSBQ4-27,2026-05-21
Q1 2028,68.05,69.00,-,-,0.00,-,-,-,-,-,-,68.78,129,NSBQ,NSBQ1-28,2026-05-21
Q2 2028,32.05,34.00,-,-,0.00,-,-,-,-,-,-,33.50,32,NSBQ,NSBQ2-28,2026-05-21
Q3 2028,23.50,26.75,-,-,0.00,-,-,-,-,-,-,24.30,35,NSBQ,NSBQ3-28,2026-05-21
Q4 2028,48.50,53.25,-,-,0.00,-,-,-,-,-,-,49.35,68,NSBQ,NSBQ4-28,2026-05-21
May 2026,72.00,77.00,-,-,0.00,-,-,-,-,-,-,77.00,"4,775",NSBM,NSBMMAY-26,2026-05-21
Jun 2026,58.10,58.25,58.10,13:40,0.21,45,87,132,57.50,58.10,57.30,57.89,"5,304",NSBM,NSBMJUN-26,2026-05-21
Jul 2026,50.05,50.60,50.35,13:34,0.10,37,86,123,50.00,50.35,49.50,50.25,670,NSBM,NSBMJUL-26,2026-05-21
Aug 2026,56.00,57.25,56.00,12:26,-0.50,1,2,3,56.00,56.00,56.00,56.50,219,NSBM,NSBMAUG-26,2026-05-21
Sep 2026,64.50,-,-,-,0.00,-,5,5,-,-,-,64.50,131,NSBM,NSBMSEP-26,2026-05-21
Oct 2026,63.50,66.80,-,-,0.00,-,-,-,-,-,-,65.00,48,NSBM,NSBMOCT-26,2026-05-21
Nov 2026,76.00,-,-,-,0.00,-,-,-,-,-,-,76.85,6,NSBM,NSBMNOV-26,2026-05-21
2027,-2.10,-1.70,-,-,0.00,-,3,3,-,-,-,-2.05,678,HLBY,HLBY-27,2026-05-21
2028,0.25,1.80,-,-,0.00,-,-,-,-,-,-,0.79,305,HLBY,HLBY-28,2026-05-21
2029,-0.59,2.41,-,-,0.00,-,-,-,-,-,-,0.91,79,HLBY,HLBY-29,2026-05-21
2030,-0.68,2.32,-,-,0.00,-,-,-,-,-,-,0.84,0,HLBY,HLBY-30,2026-05-21
Q3 2026,-6.25,-5.85,-,-,0.00,-,1,1,-,-,-,-6.50,835,HLBQ,HLBQ3-26,2026-05-21
Q4 2026,-2.50,-2.00,-,-,0.00,-,-,-,-,-,-,-2.89,922,HLBQ,HLBQ4-26,2026-05-21
Q1 2027,0.35,2.25,-,-,0.00,-,3,3,-,-,-,0.77,132,HLBQ,HLBQ1-27,2026-05-21
Q2 2027,-3.80,-1.00,-,-,0.00,-,-,-,-,-,-,-2.45,2,HLBQ,HLBQ2-27,2026-05-21
May 2026,-,-,-,-,0.00,-,-,-,-,-,-,-24.06,"1,071",HLBM,HLBMMAY-26,2026-05-21
Jun 2026,-16.48,-13.48,-,-,0.00,-,5,5,-,-,-,-14.75,"1,008",HLBM,HLBMJUN-26,2026-05-21
Jul 2026,-16.00,-14.50,-15.00,13:56,1.05,2,-,2,-15.00,-15.00,-15.00,-16.05,90,HLBM,HLBMJUL-26,2026-05-21
Aug 2026,-9.92,-6.92,-,-,0.00,-,-,-,-,-,-,-8.47,14,HLBM,HLBMAUG-26,2026-05-21
2027,49.25,49.35,49.25,15:32,0.05,8,18,26,48.80,49.30,48.80,49.20,"3,697",NSBY,NSBY-27,2026-05-21
2028,43.80,43.85,43.80,13:42,-0.10,1,5,6,43.80,43.80,43.80,43.90,"1,591",NSBY,NSBY-28,2026-05-21
2029,43.75,44.00,43.80,15:36,0.00,1,13,14,43.80,43.80,43.80,43.80,634,NSBY,NSBY-29,2026-05-21
2030,45.00,46.73,-,-,0.00,-,-,-,-,-,-,45.10,288,NSBY,NSBY-30,2026-05-21
2031,46.12,48.67,-,-,0.00,-,-,-,-,-,-,47.20,145,NSBY,NSBY-31,2026-05-21
2032,-,-,-,-,0.00,-,-,-,-,-,-,48.38,53,NSBY,NSBY-32,2026-05-21
2033,-,-,-,-,0.00,-,-,-,-,-,-,48.88,1,NSBY,NSBY-33,2026-05-21
2034,-,-,-,-,0.00,-,-,-,-,-,-,49.38,1,NSBY,NSBY-34,2026-05-21
2035,-,-,-,-,0.00,-,-,-,-,-,-,49.88,0,NSBY,NSBY-35,2026-05-21
2036,-,-,-,-,0.00,-,-,-,-,-,-,50.13,0,NSBY,NSBY-36,2026-05-21
Q3 2026,58.00,58.25,58.00,15:41,0.70,41,7,48,56.90,58.00,56.90,57.30,"5,312",NSBQ,NSBQ3-26,2026-05-21
Q4 2026,76.30,76.50,76.25,15:36,0.50,29,26,55,75.40,76.25,75.40,75.75,"4,315",NSBQ,NSBQ4-26,2026-05-21
Q1 2027,81.05,81.40,81.00,15:42,0.05,9,23,32,80.70,81.00,80.70,80.95,942,NSBQ,NSBQ1-27,2026-05-21
Q2 2027,37.05,37.50,37.30,13:53,0.00,4,-,4,37.30,37.30,37.30,37.30,280,NSBQ,NSBQ2-27,2026-05-21
Q3 2027,28.20,28.50,28.40,14:55,0.10,10,-,10,28.40,28.40,28.40,28.30,266,NSBQ,NSBQ3-27,2026-05-21
Q4 2027,51.40,51.70,51.40,15:26,0.00,1,-,1,51.40,51.40,51.40,51.40,331,NSBQ,NSBQ4-27,2026-05-21
Q1 2028,68.45,69.00,-,-,0.00,-,-,-,-,-,-,68.78,129,NSBQ,NSBQ1-28,2026-05-21
Q2 2028,32.05,33.95,-,-,0.00,-,-,-,-,-,-,33.50,32,NSBQ,NSBQ2-28,2026-05-21
Q3 2028,23.70,25.78,-,-,0.00,-,-,-,-,-,-,24.30,35,NSBQ,NSBQ3-28,2026-05-21
Q4 2028,49.35,50.90,49.40,15:31,0.05,1,-,1,49.40,49.40,49.40,49.35,68,NSBQ,NSBQ4-28,2026-05-21
May 2026,74.50,77.00,-,-,0.00,-,-,-,-,-,-,77.00,"4,775",NSBM,NSBMMAY-26,2026-05-21
Jun 2026,58.75,59.20,59.10,15:44,1.21,107,97,204,57.50,59.15,57.30,57.89,"5,304",NSBM,NSBMJUN-26,2026-05-21
Jul 2026,51.00,51.20,51.00,15:41,0.75,52,86,138,50.00,51.00,49.50,50.25,670,NSBM,NSBMJUL-26,2026-05-21
Aug 2026,56.00,57.25,57.00,15:36,0.50,3,2,5,56.00,57.00,56.00,56.50,219,NSBM,NSBMAUG-26,2026-05-21
Sep 2026,64.90,66.32,-,-,0.00,-,35,35,-,-,-,64.50,131,NSBM,NSBMSEP-26,2026-05-21
Oct 2026,64.50,66.57,-,-,0.00,-,30,30,-,-,-,65.00,48,NSBM,NSBMOCT-26,2026-05-21
Nov 2026,77.25,78.84,-,-,0.00,-,-,-,-,-,-,76.85,6,NSBM,NSBMNOV-26,2026-05-21
2027,-2.10,-1.70,-,-,0.00,-,3,3,-,-,-,-2.05,678,HLBY,HLBY-27,2026-05-21
2028,0.25,1.80,-,-,0.00,-,-,-,-,-,-,0.79,305,HLBY,HLBY-28,2026-05-21
2029,-0.59,2.41,-,-,0.00,-,-,-,-,-,-,0.91,79,HLBY,HLBY-29,2026-05-21
2030,-0.68,2.32,-,-,0.00,-,-,-,-,-,-,0.84,0,HLBY,HLBY-30,2026-05-21
Q3 2026,-6.25,-5.85,-,-,0.00,-,1,1,-,-,-,-6.50,835,HLBQ,HLBQ3-26,2026-05-21
Q4 2026,-2.50,-2.15,-,-,0.00,-,-,-,-,-,-,-2.89,922,HLBQ,HLBQ4-26,2026-05-21
Q1 2027,0.35,1.95,-,-,0.00,-,3,3,-,-,-,0.77,132,HLBQ,HLBQ1-27,2026-05-21
Q2 2027,-3.80,-1.00,-,-,0.00,-,-,-,-,-,-,-2.45,2,HLBQ,HLBQ2-27,2026-05-21
May 2026,-,-,-,-,0.00,-,-,-,-,-,-,-24.06,"1,071",HLBM,HLBMMAY-26,2026-05-21
Jun 2026,-16.48,-13.48,-,-,0.00,-,5,5,-,-,-,-14.75,"1,008",HLBM,HLBMJUN-26,2026-05-21
Jul 2026,-16.00,-14.50,-15.00,13:56,1.05,2,-,2,-15.00,-15.00,-15.00,-16.05,90,HLBM,HLBMJUL-26,2026-05-21
Aug 2026,-9.92,-6.92,-,-,0.00,-,-,-,-,-,-,-8.47,14,HLBM,HLBMAUG-26,2026-05-21
2027,49.25,49.35,49.25,15:32,0.05,8,18,26,48.80,49.30,48.80,49.20,"3,697",NSBY,NSBY-27,2026-05-21
2028,43.80,43.85,43.80,13:42,-0.10,1,5,6,43.80,43.80,43.80,43.90,"1,591",NSBY,NSBY-28,2026-05-21
2029,43.75,44.00,43.80,15:36,0.00,1,13,14,43.80,43.80,43.80,43.80,634,NSBY,NSBY-29,2026-05-21
2030,45.00,46.00,-,-,0.00,-,-,-,-,-,-,45.10,288,NSBY,NSBY-30,2026-05-21
2031,46.12,48.67,-,-,0.00,-,-,-,-,-,-,47.20,145,NSBY,NSBY-31,2026-05-21
2032,-,-,-,-,0.00,-,-,-,-,-,-,48.38,53,NSBY,NSBY-32,2026-05-21
2033,-,-,-,-,0.00,-,-,-,-,-,-,48.88,1,NSBY,NSBY-33,2026-05-21
2034,-,-,-,-,0.00,-,-,-,-,-,-,49.38,1,NSBY,NSBY-34,2026-05-21
2035,-,-,-,-,0.00,-,-,-,-,-,-,49.88,0,NSBY,NSBY-35,2026-05-21
2036,-,-,-,-,0.00,-,-,-,-,-,-,50.13,0,NSBY,NSBY-36,2026-05-21
Q3 2026,57.81,58.25,58.00,15:45,0.70,45,7,52,56.90,58.00,56.90,57.30,"5,312",NSBQ,NSBQ3-26,2026-05-21
Q4 2026,76.30,76.50,76.25,15:36,0.50,29,26,55,75.40,76.25,75.40,75.75,"4,315",NSBQ,NSBQ4-26,2026-05-21
Q1 2027,81.05,81.40,81.00,15:42,0.05,9,23,32,80.70,81.00,80.70,80.95,942,NSBQ,NSBQ1-27,2026-05-21
Q2 2027,37.05,37.50,37.30,13:53,0.00,4,-,4,37.30,37.30,37.30,37.30,280,NSBQ,NSBQ2-27,2026-05-21
Q3 2027,28.20,28.50,28.40,14:55,0.10,10,-,10,28.40,28.40,28.40,28.30,266,NSBQ,NSBQ3-27,2026-05-21
Q4 2027,51.40,51.70,51.40,15:26,0.00,1,-,1,51.40,51.40,51.40,51.40,331,NSBQ,NSBQ4-27,2026-05-21
Q1 2028,68.45,69.00,-,-,0.00,-,-,-,-,-,-,68.78,129,NSBQ,NSBQ1-28,2026-05-21
Q2 2028,32.28,34.23,-,-,0.00,-,-,-,-,-,-,33.50,32,NSBQ,NSBQ2-28,2026-05-21
Q3 2028,23.70,25.78,-,-,0.00,-,-,-,-,-,-,24.30,35,NSBQ,NSBQ3-28,2026-05-21
Q4 2028,49.35,50.90,49.40,15:31,0.05,1,-,1,49.40,49.40,49.40,49.35,68,NSBQ,NSBQ4-28,2026-05-21
May 2026,74.50,77.00,-,-,0.00,-,-,-,-,-,-,77.00,"4,775",NSBM,NSBMMAY-26,2026-05-21
Jun 2026,58.60,59.00,59.10,15:44,1.21,107,97,204,57.50,59.15,57.30,57.89,"5,304",NSBM,NSBMJUN-26,2026-05-21
Jul 2026,50.50,51.20,51.00,15:48,0.75,53,86,139,50.00,51.00,49.50,50.25,670,NSBM,NSBMJUL-26,2026-05-21
Aug 2026,56.00,57.25,57.00,15:36,0.50,3,2,5,56.00,57.00,56.00,56.50,219,NSBM,NSBMAUG-26,2026-05-21
Sep 2026,64.90,66.32,-,-,0.00,-,35,35,-,-,-,64.50,131,NSBM,NSBMSEP-26,2026-05-21
Oct 2026,64.50,66.57,-,-,0.00,-,30,30,-,-,-,65.00,48,NSBM,NSBMOCT-26,2026-05-21
Nov 2026,77.25,78.84,-,-,0.00,-,-,-,-,-,-,76.85,6,NSBM,NSBMNOV-26,2026-05-21
2027,-2.10,-1.70,-,-,0.00,-,3,3,-,-,-,-2.05,678,HLBY,HLBY-27,2026-05-21
2028,0.25,1.80,-,-,0.00,-,-,-,-,-,-,0.79,305,HLBY,HLBY-28,2026-05-21
2029,-0.59,2.41,-,-,0.00,-,-,-,-,-,-,0.91,79,HLBY,HLBY-29,2026-05-21
2030,-0.68,2.32,-,-,0.00,-,-,-,-,-,-,0.84,0,HLBY,HLBY-30,2026-05-21
Q3 2026,-6.25,-5.85,-,-,0.00,-,1,1,-,-,-,-6.50,835,HLBQ,HLBQ3-26,2026-05-21
Q4 2026,-2.50,-2.15,-,-,0.00,-,-,-,-,-,-,-2.89,922,HLBQ,HLBQ4-26,2026-05-21
Q1 2027,0.35,1.95,-,-,0.00,-,3,3,-,-,-,0.77,132,HLBQ,HLBQ1-27,2026-05-21
Q2 2027,-3.80,-1.00,-,-,0.00,-,-,-,-,-,-,-2.45,2,HLBQ,HLBQ2-27,2026-05-21
May 2026,-,-,-,-,0.00,-,-,-,-,-,-,-24.06,"1,071",HLBM,HLBMMAY-26,2026-05-21
Jun 2026,-16.28,-13.28,-,-,0.00,-,5,5,-,-,-,-14.75,"1,008",HLBM,HLBMJUN-26,2026-05-21
Jul 2026,-16.00,-14.50,-15.00,13:56,1.05,2,-,2,-15.00,-15.00,-15.00,-16.05,90,HLBM,HLBMJUL-26,2026-05-21
Aug 2026,-9.92,-6.92,-,-,0.00,-,-,-,-,-,-,-8.47,14,HLBM,HLBMAUG-26,2026-05-21
2027,49.30,49.35,49.35,15:52,0.15,9,19,28,48.80,49.35,48.80,49.20,"3,697",NSBY,NSBY-27,2026-05-21
2028,43.75,43.85,43.80,15:49,-0.10,3,5,8,43.80,43.80,43.80,43.90,"1,591",NSBY,NSBY-28,2026-05-21
2029,43.75,43.95,43.80,15:36,0.00,1,13,14,43.80,43.80,43.80,43.80,634,NSBY,NSBY-29,2026-05-21
2030,45.00,46.00,-,-,0.00,-,-,-,-,-,-,45.10,288,NSBY,NSBY-30,2026-05-21
2031,46.12,48.67,-,-,0.00,-,-,-,-,-,-,47.20,145,NSBY,NSBY-31,2026-05-21
2032,-,-,-,-,0.00,-,-,-,-,-,-,48.38,53,NSBY,NSBY-32,2026-05-21
2033,-,-,-,-,0.00,-,-,-,-,-,-,48.88,1,NSBY,NSBY-33,2026-05-21
2034,-,-,-,-,0.00,-,-,-,-,-,-,49.38,1,NSBY,NSBY-34,2026-05-21
2035,-,-,-,-,0.00,-,-,-,-,-,-,49.88,0,NSBY,NSBY-35,2026-05-21
2036,-,-,-,-,0.00,-,-,-,-,-,-,50.13,0,NSBY,NSBY-36,2026-05-21
Q3 2026,57.81,58.00,58.00,15:45,0.70,45,7,52,56.90,58.00,56.90,57.30,"5,312",NSBQ,NSBQ3-26,2026-05-21
Q4 2026,76.35,76.45,76.25,15:49,0.50,29,27,56,75.40,76.25,75.40,75.75,"4,315",NSBQ,NSBQ4-26,2026-05-21
Q1 2027,81.25,81.40,81.00,15:42,0.05,9,23,32,80.70,81.00,80.70,80.95,942,NSBQ,NSBQ1-27,2026-05-21
Q2 2027,37.25,37.45,37.30,13:53,0.00,4,-,4,37.30,37.30,37.30,37.30,280,NSBQ,NSBQ2-27,2026-05-21
Q3 2027,28.20,28.50,28.40,14:55,0.10,10,-,10,28.40,28.40,28.40,28.30,266,NSBQ,NSBQ3-27,2026-05-21
Q4 2027,51.45,51.65,51.40,15:26,0.00,1,-,1,51.40,51.40,51.40,51.40,331,NSBQ,NSBQ4-27,2026-05-21
Q1 2028,68.45,69.00,-,-,0.00,-,-,-,-,-,-,68.78,129,NSBQ,NSBQ1-28,2026-05-21
Q2 2028,32.30,34.25,-,-,0.00,-,-,-,-,-,-,33.50,32,NSBQ,NSBQ2-28,2026-05-21
Q3 2028,23.70,25.78,-,-,0.00,-,-,-,-,-,-,24.30,35,NSBQ,NSBQ3-28,2026-05-21
Q4 2028,48.50,50.90,49.40,15:50,0.05,3,-,3,49.40,49.40,49.40,49.35,68,NSBQ,NSBQ4-28,2026-05-21
May 2026,74.50,77.00,-,-,0.00,-,-,-,-,-,-,77.00,"4,775",NSBM,NSBMMAY-26,2026-05-21
Jun 2026,58.75,59.00,58.60,15:48,0.71,110,97,207,57.50,59.15,57.30,57.89,"5,304",NSBM,NSBMJUN-26,2026-05-21
Jul 2026,50.75,51.20,51.00,15:48,0.75,53,86,139,50.00,51.00,49.50,50.25,670,NSBM,NSBMJUL-26,2026-05-21
Aug 2026,56.00,57.25,57.00,15:49,0.50,3,12,15,56.00,57.00,56.00,56.50,219,NSBM,NSBMAUG-26,2026-05-21
Sep 2026,65.25,66.32,-,-,0.00,-,35,35,-,-,-,64.50,131,NSBM,NSBMSEP-26,2026-05-21
Oct 2026,64.50,66.57,-,-,0.00,-,30,30,-,-,-,65.00,48,NSBM,NSBMOCT-26,2026-05-21
Nov 2026,77.25,78.84,-,-,0.00,-,-,-,-,-,-,76.85,6,NSBM,NSBMNOV-26,2026-05-21
2027,-2.10,-1.70,-,-,0.00,-,3,3,-,-,-,-2.05,678,HLBY,HLBY-27,2026-05-21
2028,0.25,1.80,-,-,0.00,-,-,-,-,-,-,0.79,305,HLBY,HLBY-28,2026-05-21
2029,-0.59,2.41,-,-,0.00,-,-,-,-,-,-,0.91,79,HLBY,HLBY-29,2026-05-21
2030,-0.67,2.33,-,-,0.00,-,-,-,-,-,-,0.84,0,HLBY,HLBY-30,2026-05-21
Q3 2026,-6.25,-5.85,-,-,0.00,-,1,1,-,-,-,-6.50,835,HLBQ,HLBQ3-26,2026-05-21
Q4 2026,-2.50,-2.15,-,-,0.00,-,-,-,-,-,-,-2.89,922,HLBQ,HLBQ4-26,2026-05-21
Q1 2027,0.35,1.87,-,-,0.00,-,3,3,-,-,-,0.77,132,HLBQ,HLBQ1-27,2026-05-21
Q2 2027,-3.80,-1.00,-,-,0.00,-,-,-,-,-,-,-2.45,2,HLBQ,HLBQ2-27,2026-05-21
May 2026,-,-,-,-,0.00,-,-,-,-,-,-,-24.06,"1,071",HLBM,HLBMMAY-26,2026-05-21
Jun 2026,-16.38,-13.38,-,-,0.00,-,5,5,-,-,-,-14.75,"1,008",HLBM,HLBMJUN-26,2026-05-21
Jul 2026,-16.00,-14.50,-15.00,13:56,1.05,2,-,2,-15.00,-15.00,-15.00,-16.05,90,HLBM,HLBMJUL-26,2026-05-21
Aug 2026,-9.92,-6.92,-,-,0.00,-,-,-,-,-,-,-8.47,14,HLBM,HLBMAUG-26,2026-05-21
2027,49.25,49.30,49.25,15:55,0.05,14,21,35,48.80,49.35,48.80,49.20,"3,697",NSBY,NSBY-27,2026-05-21
2028,43.75,43.80,43.80,15:49,-0.10,3,5,8,43.80,43.80,43.80,43.90,"1,591",NSBY,NSBY-28,2026-05-21
2029,43.75,43.95,43.80,15:36,0.00,1,13,14,43.80,43.80,43.80,43.80,634,NSBY,NSBY-29,2026-05-21
2030,45.00,46.00,-,-,0.00,-,-,-,-,-,-,45.10,288,NSBY,NSBY-30,2026-05-21
2031,46.12,48.67,-,-,0.00,-,-,-,-,-,-,47.20,145,NSBY,NSBY-31,2026-05-21
2032,-,-,-,-,0.00,-,-,-,-,-,-,48.38,53,NSBY,NSBY-32,2026-05-21
2033,-,-,-,-,0.00,-,-,-,-,-,-,48.88,1,NSBY,NSBY-33,2026-05-21
2034,-,-,-,-,0.00,-,-,-,-,-,-,49.38,1,NSBY,NSBY-34,2026-05-21
2035,-,-,-,-,0.00,-,-,-,-,-,-,49.88,0,NSBY,NSBY-35,2026-05-21
2036,-,-,-,-,0.00,-,-,-,-,-,-,50.13,0,NSBY,NSBY-36,2026-05-21
Q3 2026,57.90,58.25,57.95,15:56,0.65,46,7,53,56.90,58.00,56.90,57.30,"5,312",NSBQ,NSBQ3-26,2026-05-21
Q4 2026,76.30,76.40,76.25,15:49,0.50,29,27,56,75.40,76.25,75.40,75.75,"4,315",NSBQ,NSBQ4-26,2026-05-21
Q1 2027,81.05,81.40,81.25,15:54,0.30,10,23,33,80.70,81.25,80.70,80.95,942,NSBQ,NSBQ1-27,2026-05-21
Q2 2027,37.00,37.40,37.30,13:53,0.00,4,-,4,37.30,37.30,37.30,37.30,280,NSBQ,NSBQ2-27,2026-05-21
Q3 2027,28.05,28.50,28.20,15:55,-0.10,11,-,11,28.40,28.40,28.20,28.30,266,NSBQ,NSBQ3-27,2026-05-21
Q4 2027,51.00,51.65,51.45,15:55,0.05,2,-,2,51.40,51.45,51.40,51.40,331,NSBQ,NSBQ4-27,2026-05-21
Q1 2028,68.45,69.00,-,-,0.00,-,-,-,-,-,-,68.78,129,NSBQ,NSBQ1-28,2026-05-21
Q2 2028,32.27,34.22,-,-,0.00,-,-,-,-,-,-,33.50,32,NSBQ,NSBQ2-28,2026-05-21
Q3 2028,23.70,25.78,-,-,0.00,-,-,-,-,-,-,24.30,35,NSBQ,NSBQ3-28,2026-05-21
Q4 2028,48.50,50.90,49.40,15:50,0.05,3,-,3,49.40,49.40,49.40,49.35,68,NSBQ,NSBQ4-28,2026-05-21
May 2026,74.50,77.00,-,-,0.00,-,-,-,-,-,-,77.00,"4,775",NSBM,NSBMMAY-26,2026-05-21
Jun 2026,58.60,58.90,58.85,15:56,0.96,136,97,233,57.50,59.15,57.30,57.89,"5,304",NSBM,NSBMJUN-26,2026-05-21
Jul 2026,50.85,50.95,50.90,15:55,0.65,62,86,148,50.00,51.00,49.50,50.25,670,NSBM,NSBMJUL-26,2026-05-21
Aug 2026,56.00,57.25,57.00,15:49,0.50,3,12,15,56.00,57.00,56.00,56.50,219,NSBM,NSBMAUG-26,2026-05-21
Sep 2026,65.25,66.32,-,-,0.00,-,35,35,-,-,-,64.50,131,NSBM,NSBMSEP-26,2026-05-21
Oct 2026,64.50,66.57,-,-,0.00,-,30,30,-,-,-,65.00,48,NSBM,NSBMOCT-26,2026-05-21
Nov 2026,77.25,78.84,-,-,0.00,-,-,-,-,-,-,76.85,6,NSBM,NSBMNOV-26,2026-05-21
2027,-,-,-,-,0.00,-,3,3,-,-,-,-2.05,678,HLBY,HLBY-27,2026-05-21
2028,-,-,-,-,0.00,-,-,-,-,-,-,0.79,305,HLBY,HLBY-28,2026-05-21
2029,-,-,-,-,0.00,-,-,-,-,-,-,0.91,79,HLBY,HLBY-29,2026-05-21
2030,-,-,-,-,0.00,-,-,-,-,-,-,0.84,0,HLBY,HLBY-30,2026-05-21
Q3 2026,-,-,-,-,0.00,-,1,1,-,-,-,-6.50,835,HLBQ,HLBQ3-26,2026-05-21
Q4 2026,-,-,-,-,0.00,-,-,-,-,-,-,-2.89,922,HLBQ,HLBQ4-26,2026-05-21
Q1 2027,-,-,-,-,0.00,-,3,3,-,-,-,0.77,132,HLBQ,HLBQ1-27,2026-05-21
Q2 2027,-,-,-,-,0.00,-,-,-,-,-,-,-2.45,2,HLBQ,HLBQ2-27,2026-05-21
May 2026,-,-,-,-,0.00,-,-,-,-,-,-,-24.06,"1,071",HLBM,HLBMMAY-26,2026-05-21
Jun 2026,-,-,-,-,0.00,-,5,5,-,-,-,-14.75,"1,008",HLBM,HLBMJUN-26,2026-05-21
Jul 2026,-,-,-15.00,13:56,1.05,2,-,2,-15.00,-15.00,-15.00,-16.05,90,HLBM,HLBMJUL-26,2026-05-21
Aug 2026,-,-,-,-,0.00,-,-,-,-,-,-,-8.47,14,HLBM,HLBMAUG-26,2026-05-21
2027,-,-,49.25,15:55,0.05,14,21,35,48.80,49.35,48.80,49.20,"3,697",NSBY,NSBY-27,2026-05-21
2028,-,-,43.75,15:59,-0.15,4,5,9,43.80,43.80,43.75,43.90,"1,591",NSBY,NSBY-28,2026-05-21
2029,-,-,43.80,15:36,0.00,1,13,14,43.80,43.80,43.80,43.80,634,NSBY,NSBY-29,2026-05-21
2030,-,-,-,-,0.00,-,-,-,-,-,-,45.10,288,NSBY,NSBY-30,2026-05-21
2031,-,-,-,-,0.00,-,-,-,-,-,-,47.20,145,NSBY,NSBY-31,2026-05-21
2032,-,-,-,-,0.00,-,-,-,-,-,-,48.38,53,NSBY,NSBY-32,2026-05-21
2033,-,-,-,-,0.00,-,-,-,-,-,-,48.88,1,NSBY,NSBY-33,2026-05-21
2034,-,-,-,-,0.00,-,-,-,-,-,-,49.38,1,NSBY,NSBY-34,2026-05-21
2035,-,-,-,-,0.00,-,-,-,-,-,-,49.88,0,NSBY,NSBY-35,2026-05-21
2036,-,-,-,-,0.00,-,-,-,-,-,-,50.13,0,NSBY,NSBY-36,2026-05-21
Q3 2026,-,-,58.00,15:58,0.70,57,7,64,56.90,58.00,56.90,57.30,"5,312",NSBQ,NSBQ3-26,2026-05-21
Q4 2026,-,76.40,76.35,15:59,0.60,30,40,70,75.40,76.35,75.40,75.75,"4,315",NSBQ,NSBQ4-26,2026-05-21
Q1 2027,-,81.30,81.25,15:54,0.30,10,23,33,80.70,81.25,80.70,80.95,942,NSBQ,NSBQ1-27,2026-05-21
Q2 2027,37.05,-,37.30,15:58,0.00,7,-,7,37.30,37.30,37.30,37.30,280,NSBQ,NSBQ2-27,2026-05-21
Q3 2027,-,-,28.20,15:55,-0.10,11,-,11,28.40,28.40,28.20,28.30,266,NSBQ,NSBQ3-27,2026-05-21
Q4 2027,-,-,51.45,15:55,0.05,2,-,2,51.40,51.45,51.40,51.40,331,NSBQ,NSBQ4-27,2026-05-21
Q1 2028,-,-,-,-,0.00,-,-,-,-,-,-,68.78,129,NSBQ,NSBQ1-28,2026-05-21
Q2 2028,-,-,-,-,0.00,-,-,-,-,-,-,33.50,32,NSBQ,NSBQ2-28,2026-05-21
Q3 2028,-,-,-,-,0.00,-,-,-,-,-,-,24.30,35,NSBQ,NSBQ3-28,2026-05-21
Q4 2028,-,-,49.40,15:50,0.05,3,-,3,49.40,49.40,49.40,49.35,68,NSBQ,NSBQ4-28,2026-05-21
May 2026,-,-,-,-,0.00,-,-,-,-,-,-,77.00,"4,775",NSBM,NSBMMAY-26,2026-05-21
Jun 2026,58.10,-,58.60,15:57,0.71,137,97,234,57.50,59.15,57.30,57.89,"5,304",NSBM,NSBMJUN-26,2026-05-21
Jul 2026,50.50,-,50.95,15:57,0.70,63,86,149,50.00,51.00,49.50,50.25,670,NSBM,NSBMJUL-26,2026-05-21
Aug 2026,-,57.95,57.00,15:49,0.50,3,12,15,56.00,57.00,56.00,56.50,219,NSBM,NSBMAUG-26,2026-05-21
Sep 2026,61.97,-,-,-,0.00,-,35,35,-,-,-,64.50,131,NSBM,NSBMSEP-26,2026-05-21
Oct 2026,65.25,66.57,-,-,0.00,-,30,30,-,-,-,65.00,48,NSBM,NSBMOCT-26,2026-05-21
Nov 2026,-,-,-,-,0.00,-,-,-,-,-,-,76.85,6,NSBM,NSBMNOV-26,2026-05-21
2027,-,-,-,-,0.00,-,3,3,-,-,-,-2.00,678,HLBY,HLBY-27,2026-05-21
2028,-,-,-,-,0.00,-,-,-,-,-,-,1.03,305,HLBY,HLBY-28,2026-05-21
2029,-,-,-,-,0.00,-,-,-,-,-,-,0.91,79,HLBY,HLBY-29,2026-05-21
2030,-,-,-,-,0.00,-,-,-,-,-,-,0.83,0,HLBY,HLBY-30,2026-05-21
Q3 2026,-,-,-,-,0.00,-,1,1,-,-,-,-6.00,835,HLBQ,HLBQ3-26,2026-05-21
Q4 2026,-,-,-,-,0.00,-,-,-,-,-,-,-2.32,922,HLBQ,HLBQ4-26,2026-05-21
Q1 2027,-,-,-,-,0.00,-,3,3,-,-,-,0.40,132,HLBQ,HLBQ1-27,2026-05-21
Q2 2027,-,-,-,-,0.00,-,-,-,-,-,-,-2.40,2,HLBQ,HLBQ2-27,2026-05-21
May 2026,-,-,-,-,0.00,-,-,-,-,-,-,-23.96,"1,071",HLBM,HLBMMAY-26,2026-05-21
Jun 2026,-,-,-,-,0.00,-,5,5,-,-,-,-14.75,"1,008",HLBM,HLBMJUN-26,2026-05-21
Jul 2026,-,-,-15.00,13:56,1.05,2,-,2,-15.00,-15.00,-15.00,-15.00,90,HLBM,HLBMJUL-26,2026-05-21
Aug 2026,-,-,-,-,0.00,-,-,-,-,-,-,-8.42,14,HLBM,HLBMAUG-26,2026-05-21
2027,-,-,49.25,15:55,0.05,14,21,35,48.80,49.35,48.80,49.26,"3,697",NSBY,NSBY-27,2026-05-21
2028,-,-,43.75,15:59,-0.15,4,5,9,43.80,43.80,43.75,43.75,"1,591",NSBY,NSBY-28,2026-05-21
2029,-,-,43.80,15:36,0.00,1,13,14,43.80,43.80,43.80,43.80,634,NSBY,NSBY-29,2026-05-21
2030,-,-,-,-,0.00,-,-,-,-,-,-,45.10,288,NSBY,NSBY-30,2026-05-21
2031,-,-,-,-,0.00,-,-,-,-,-,-,47.20,145,NSBY,NSBY-31,2026-05-21
2032,-,-,-,-,0.00,-,-,-,-,-,-,48.38,53,NSBY,NSBY-32,2026-05-21
2033,-,-,-,-,0.00,-,-,-,-,-,-,48.88,1,NSBY,NSBY-33,2026-05-21
2034,-,-,-,-,0.00,-,-,-,-,-,-,49.38,1,NSBY,NSBY-34,2026-05-21
2035,-,-,-,-,0.00,-,-,-,-,-,-,49.88,0,NSBY,NSBY-35,2026-05-21
2036,-,-,-,-,0.00,-,-,-,-,-,-,50.13,0,NSBY,NSBY-36,2026-05-21
Q3 2026,-,-,58.00,15:58,0.70,57,7,64,56.90,58.00,56.90,57.97,"5,312",NSBQ,NSBQ3-26,2026-05-21
Q4 2026,-,-,76.35,15:59,0.60,30,40,70,75.40,76.35,75.40,76.35,"4,315",NSBQ,NSBQ4-26,2026-05-21
Q1 2027,-,-,81.25,15:54,0.30,10,23,33,80.70,81.25,80.70,81.25,942,NSBQ,NSBQ1-27,2026-05-21
Q2 2027,37.05,-,37.30,15:58,0.00,7,-,7,37.30,37.30,37.30,37.30,280,NSBQ,NSBQ2-27,2026-05-21
Q3 2027,-,-,28.20,15:55,-0.10,11,-,11,28.40,28.40,28.20,28.20,266,NSBQ,NSBQ3-27,2026-05-21
Q4 2027,-,-,51.45,15:55,0.05,2,-,2,51.40,51.45,51.40,51.45,331,NSBQ,NSBQ4-27,2026-05-21
Q1 2028,-,-,-,-,0.00,-,-,-,-,-,-,68.12,129,NSBQ,NSBQ1-28,2026-05-21
Q2 2028,-,-,-,-,0.00,-,-,-,-,-,-,33.28,32,NSBQ,NSBQ2-28,2026-05-21
Q3 2028,-,-,-,-,0.00,-,-,-,-,-,-,24.50,35,NSBQ,NSBQ3-28,2026-05-21
Q4 2028,-,-,49.40,15:50,0.05,3,-,3,49.40,49.40,49.40,49.40,68,NSBQ,NSBQ4-28,2026-05-21
May 2026,-,-,-,-,0.00,-,-,-,-,-,-,75.75,"4,775",NSBM,NSBMMAY-26,2026-05-21
Jun 2026,-,-,58.60,15:57,0.71,137,97,234,57.50,59.15,57.30,58.83,"5,304",NSBM,NSBMJUN-26,2026-05-21
Jul 2026,-,-,50.95,15:57,0.70,63,86,149,50.00,51.00,49.50,50.91,670,NSBM,NSBMJUL-26,2026-05-21
Aug 2026,-,57.95,57.00,15:49,0.50,3,12,15,56.00,57.00,56.00,57.05,219,NSBM,NSBMAUG-26,2026-05-21
Sep 2026,61.97,-,-,-,0.00,-,35,35,-,-,-,65.25,131,NSBM,NSBMSEP-26,2026-05-21
Oct 2026,65.25,66.57,-,-,0.00,-,30,30,-,-,-,65.25,48,NSBM,NSBMOCT-26,2026-05-21
Nov 2026,-,-,-,-,0.00,-,-,-,-,-,-,77.25,6,NSBM,NSBMNOV-26,2026-05-21
2027,-,-,-,-,0.00,-,-,-,-,-,-,-2.00,681,HLBY,HLBY-27,2026-05-22
2028,-,-,-,-,0.00,-,-,-,-,-,-,1.03,305,HLBY,HLBY-28,2026-05-22
2029,-,-,-,-,0.00,-,-,-,-,-,-,0.91,79,HLBY,HLBY-29,2026-05-22
2030,-,-,-,-,0.00,-,-,-,-,-,-,0.83,0,HLBY,HLBY-30,2026-05-22
Q3 2026,-,-,-,-,0.00,-,-,-,-,-,-,-6.00,836,HLBQ,HLBQ3-26,2026-05-22
Q4 2026,-,-,-,-,0.00,-,-,-,-,-,-,-2.32,922,HLBQ,HLBQ4-26,2026-05-22
Q1 2027,-,-,-,-,0.00,-,-,-,-,-,-,0.40,135,HLBQ,HLBQ1-27,2026-05-22
Q2 2027,-,-,-,-,0.00,-,-,-,-,-,-,-2.40,2,HLBQ,HLBQ2-27,2026-05-22
May 2026,-,-,-,-,0.00,-,-,-,-,-,-,-23.96,"1,071",HLBM,HLBMMAY-26,2026-05-22
Jun 2026,-,-,-,-,0.00,-,-,-,-,-,-,-14.75,"1,008",HLBM,HLBMJUN-26,2026-05-22
Jul 2026,-,-,-,-,0.00,-,-,-,-,-,-,-15.00,92,HLBM,HLBMJUL-26,2026-05-22
Aug 2026,-,-,-,-,0.00,-,-,-,-,-,-,-8.42,14,HLBM,HLBMAUG-26,2026-05-22
2027,-,-,-,-,0.00,-,-,-,-,-,-,49.26,"3,721",NSBY,NSBY-27,2026-05-22
2028,-,-,-,-,0.00,-,-,-,-,-,-,43.75,"1,596",NSBY,NSBY-28,2026-05-22
2029,-,-,-,-,0.00,-,-,-,-,-,-,43.80,640,NSBY,NSBY-29,2026-05-22
2030,-,-,-,-,0.00,-,-,-,-,-,-,45.10,288,NSBY,NSBY-30,2026-05-22
2031,-,-,-,-,0.00,-,-,-,-,-,-,47.20,145,NSBY,NSBY-31,2026-05-22
2032,-,-,-,-,0.00,-,-,-,-,-,-,48.38,53,NSBY,NSBY-32,2026-05-22
2033,-,-,-,-,0.00,-,-,-,-,-,-,48.88,1,NSBY,NSBY-33,2026-05-22
2034,-,-,-,-,0.00,-,-,-,-,-,-,49.38,1,NSBY,NSBY-34,2026-05-22
2035,-,-,-,-,0.00,-,-,-,-,-,-,49.88,0,NSBY,NSBY-35,2026-05-22
2036,-,-,-,-,0.00,-,-,-,-,-,-,50.13,0,NSBY,NSBY-36,2026-05-22
Q3 2026,-,-,-,-,0.00,-,-,-,-,-,-,57.97,"5,310",NSBQ,NSBQ3-26,2026-05-22
Q4 2026,-,-,-,-,0.00,-,-,-,-,-,-,76.35,"4,336",NSBQ,NSBQ4-26,2026-05-22
Q1 2027,-,-,-,-,0.00,-,-,-,-,-,-,81.25,963,NSBQ,NSBQ1-27,2026-05-22
Q2 2027,-,-,-,-,0.00,-,-,-,-,-,-,37.30,283,NSBQ,NSBQ2-27,2026-05-22
Q3 2027,-,-,-,-,0.00,-,-,-,-,-,-,28.20,276,NSBQ,NSBQ3-27,2026-05-22
Q4 2027,-,-,-,-,0.00,-,-,-,-,-,-,51.45,333,NSBQ,NSBQ4-27,2026-05-22
Q1 2028,-,-,-,-,0.00,-,-,-,-,-,-,68.12,129,NSBQ,NSBQ1-28,2026-05-22
Q2 2028,-,-,-,-,0.00,-,-,-,-,-,-,33.28,32,NSBQ,NSBQ2-28,2026-05-22
Q3 2028,-,-,-,-,0.00,-,-,-,-,-,-,24.50,35,NSBQ,NSBQ3-28,2026-05-22
Q4 2028,-,-,-,-,0.00,-,-,-,-,-,-,49.40,69,NSBQ,NSBQ4-28,2026-05-22
May 2026,-,-,-,-,0.00,-,-,-,-,-,-,75.75,"4,775",NSBM,NSBMMAY-26,2026-05-22
Jun 2026,-,-,-,-,0.00,-,-,-,-,-,-,58.83,"5,345",NSBM,NSBMJUN-26,2026-05-22
Jul 2026,-,-,-,-,0.00,-,-,-,-,-,-,50.91,732,NSBM,NSBMJUL-26,2026-05-22
Aug 2026,-,-,-,-,0.00,-,-,-,-,-,-,57.05,210,NSBM,NSBMAUG-26,2026-05-22
Sep 2026,-,-,-,-,0.00,-,-,-,-,-,-,65.25,137,NSBM,NSBMSEP-26,2026-05-22
Oct 2026,-,-,-,-,0.00,-,-,-,-,-,-,65.25,78,NSBM,NSBMOCT-26,2026-05-22
Nov 2026,-,-,-,-,0.00,-,-,-,-,-,-,77.25,6,NSBM,NSBMNOV-26,2026-05-22
2027,-,-,-,-,0.00,-,-,-,-,-,-,-2.00,681,HLBY,HLBY-27,2026-05-22
2028,-,-,-,-,0.00,-,-,-,-,-,-,1.03,305,HLBY,HLBY-28,2026-05-22
2029,-,-,-,-,0.00,-,-,-,-,-,-,0.91,79,HLBY,HLBY-29,2026-05-22
2030,-,-,-,-,0.00,-,-,-,-,-,-,0.83,0,HLBY,HLBY-30,2026-05-22
Q3 2026,-,-,-,-,0.00,-,-,-,-,-,-,-6.00,836,HLBQ,HLBQ3-26,2026-05-22
Q4 2026,-,-,-,-,0.00,-,-,-,-,-,-,-2.32,922,HLBQ,HLBQ4-26,2026-05-22
Q1 2027,-,-,-,-,0.00,-,-,-,-,-,-,0.40,135,HLBQ,HLBQ1-27,2026-05-22
Q2 2027,-,-,-,-,0.00,-,-,-,-,-,-,-2.40,2,HLBQ,HLBQ2-27,2026-05-22
May 2026,-,-,-,-,0.00,-,-,-,-,-,-,-23.96,"1,071",HLBM,HLBMMAY-26,2026-05-22
Jun 2026,-,-,-,-,0.00,-,-,-,-,-,-,-14.75,"1,008",HLBM,HLBMJUN-26,2026-05-22
Jul 2026,-,-,-,-,0.00,-,-,-,-,-,-,-15.00,92,HLBM,HLBMJUL-26,2026-05-22
Aug 2026,-,-,-,-,0.00,-,-,-,-,-,-,-8.42,14,HLBM,HLBMAUG-26,2026-05-22
2027,-,-,-,-,0.00,-,-,-,-,-,-,49.26,"3,721",NSBY,NSBY-27,2026-05-22
2028,-,-,-,-,0.00,-,-,-,-,-,-,43.75,"1,596",NSBY,NSBY-28,2026-05-22
2029,-,-,-,-,0.00,-,-,-,-,-,-,43.80,640,NSBY,NSBY-29,2026-05-22
2030,-,-,-,-,0.00,-,-,-,-,-,-,45.10,288,NSBY,NSBY-30,2026-05-22
2031,-,-,-,-,0.00,-,-,-,-,-,-,47.20,145,NSBY,NSBY-31,2026-05-22
2032,-,-,-,-,0.00,-,-,-,-,-,-,48.38,53,NSBY,NSBY-32,2026-05-22
2033,-,-,-,-,0.00,-,-,-,-,-,-,48.88,1,NSBY,NSBY-33,2026-05-22
2034,-,-,-,-,0.00,-,-,-,-,-,-,49.38,1,NSBY,NSBY-34,2026-05-22
2035,-,-,-,-,0.00,-,-,-,-,-,-,49.88,0,NSBY,NSBY-35,2026-05-22
2036,-,-,-,-,0.00,-,-,-,-,-,-,50.13,0,NSBY,NSBY-36,2026-05-22
Q3 2026,-,-,-,-,0.00,-,-,-,-,-,-,57.97,"5,310",NSBQ,NSBQ3-26,2026-05-22
Q4 2026,-,-,-,-,0.00,-,-,-,-,-,-,76.35,"4,336",NSBQ,NSBQ4-26,2026-05-22
Q1 2027,-,-,-,-,0.00,-,-,-,-,-,-,81.25,963,NSBQ,NSBQ1-27,2026-05-22
Q2 2027,-,-,-,-,0.00,-,-,-,-,-,-,37.30,283,NSBQ,NSBQ2-27,2026-05-22
Q3 2027,-,-,-,-,0.00,-,-,-,-,-,-,28.20,276,NSBQ,NSBQ3-27,2026-05-22
Q4 2027,-,-,-,-,0.00,-,-,-,-,-,-,51.45,333,NSBQ,NSBQ4-27,2026-05-22
Q1 2028,-,-,-,-,0.00,-,-,-,-,-,-,68.12,129,NSBQ,NSBQ1-28,2026-05-22
Q2 2028,-,-,-,-,0.00,-,-,-,-,-,-,33.28,32,NSBQ,NSBQ2-28,2026-05-22
Q3 2028,-,-,-,-,0.00,-,-,-,-,-,-,24.50,35,NSBQ,NSBQ3-28,2026-05-22
Q4 2028,-,-,-,-,0.00,-,-,-,-,-,-,49.40,69,NSBQ,NSBQ4-28,2026-05-22
May 2026,-,-,-,-,0.00,-,-,-,-,-,-,75.75,"4,775",NSBM,NSBMMAY-26,2026-05-22
Jun 2026,-,-,-,-,0.00,-,-,-,-,-,-,58.83,"5,345",NSBM,NSBMJUN-26,2026-05-22
Jul 2026,-,-,-,-,0.00,-,-,-,-,-,-,50.91,732,NSBM,NSBMJUL-26,2026-05-22
Aug 2026,-,-,-,-,0.00,-,-,-,-,-,-,57.05,210,NSBM,NSBMAUG-26,2026-05-22
Sep 2026,-,-,-,-,0.00,-,-,-,-,-,-,65.25,137,NSBM,NSBMSEP-26,2026-05-22
Oct 2026,-,-,-,-,0.00,-,-,-,-,-,-,65.25,78,NSBM,NSBMOCT-26,2026-05-22
Nov 2026,-,-,-,-,0.00,-,-,-,-,-,-,77.25,6,NSBM,NSBMNOV-26,2026-05-22
2027,-,-,-,-,0.00,-,-,-,-,-,-,-2.00,681,HLBY,HLBY-27,2026-05-22
2028,-,-,-,-,0.00,-,-,-,-,-,-,1.03,305,HLBY,HLBY-28,2026-05-22
2029,-,-,-,-,0.00,-,-,-,-,-,-,0.91,79,HLBY,HLBY-29,2026-05-22
2030,-,-,-,-,0.00,-,-,-,-,-,-,0.83,0,HLBY,HLBY-30,2026-05-22
Q3 2026,-,-,-,-,0.00,-,-,-,-,-,-,-6.00,836,HLBQ,HLBQ3-26,2026-05-22
Q4 2026,-,-,-,-,0.00,-,-,-,-,-,-,-2.32,922,HLBQ,HLBQ4-26,2026-05-22
Q1 2027,-,-,-,-,0.00,-,-,-,-,-,-,0.40,135,HLBQ,HLBQ1-27,2026-05-22
Q2 2027,-,-,-,-,0.00,-,-,-,-,-,-,-2.40,2,HLBQ,HLBQ2-27,2026-05-22
May 2026,-,-,-,-,0.00,-,-,-,-,-,-,-23.96,"1,071",HLBM,HLBMMAY-26,2026-05-22
Jun 2026,-,-,-,-,0.00,-,-,-,-,-,-,-14.75,"1,008",HLBM,HLBMJUN-26,2026-05-22
Jul 2026,-,-,-,-,0.00,-,-,-,-,-,-,-15.00,92,HLBM,HLBMJUL-26,2026-05-22
Aug 2026,-,-,-,-,0.00,-,-,-,-,-,-,-8.42,14,HLBM,HLBMAUG-26,2026-05-22
2027,-,-,-,-,0.00,-,-,-,-,-,-,49.26,"3,721",NSBY,NSBY-27,2026-05-22
2028,-,-,-,-,0.00,-,-,-,-,-,-,43.75,"1,596",NSBY,NSBY-28,2026-05-22
2029,-,-,-,-,0.00,-,-,-,-,-,-,43.80,640,NSBY,NSBY-29,2026-05-22
2030,-,-,-,-,0.00,-,-,-,-,-,-,45.10,288,NSBY,NSBY-30,2026-05-22
2031,-,-,-,-,0.00,-,-,-,-,-,-,47.20,145,NSBY,NSBY-31,2026-05-22
2032,-,-,-,-,0.00,-,-,-,-,-,-,48.38,53,NSBY,NSBY-32,2026-05-22
2033,-,-,-,-,0.00,-,-,-,-,-,-,48.88,1,NSBY,NSBY-33,2026-05-22
2034,-,-,-,-,0.00,-,-,-,-,-,-,49.38,1,NSBY,NSBY-34,2026-05-22
2035,-,-,-,-,0.00,-,-,-,-,-,-,49.88,0,NSBY,NSBY-35,2026-05-22
2036,-,-,-,-,0.00,-,-,-,-,-,-,50.13,0,NSBY,NSBY-36,2026-05-22
Q3 2026,-,-,-,-,0.00,-,-,-,-,-,-,57.97,"5,310",NSBQ,NSBQ3-26,2026-05-22
Q4 2026,-,-,-,-,0.00,-,-,-,-,-,-,76.35,"4,336",NSBQ,NSBQ4-26,2026-05-22
Q1 2027,-,-,-,-,0.00,-,-,-,-,-,-,81.25,963,NSBQ,NSBQ1-27,2026-05-22
Q2 2027,-,-,-,-,0.00,-,-,-,-,-,-,37.30,283,NSBQ,NSBQ2-27,2026-05-22
Q3 2027,-,-,-,-,0.00,-,-,-,-,-,-,28.20,276,NSBQ,NSBQ3-27,2026-05-22
Q4 2027,-,-,-,-,0.00,-,-,-,-,-,-,51.45,333,NSBQ,NSBQ4-27,2026-05-22
Q1 2028,-,-,-,-,0.00,-,-,-,-,-,-,68.12,129,NSBQ,NSBQ1-28,2026-05-22
Q2 2028,-,-,-,-,0.00,-,-,-,-,-,-,33.28,32,NSBQ,NSBQ2-28,2026-05-22
Q3 2028,-,-,-,-,0.00,-,-,-,-,-,-,24.50,35,NSBQ,NSBQ3-28,2026-05-22
Q4 2028,-,-,-,-,0.00,-,-,-,-,-,-,49.40,69,NSBQ,NSBQ4-28,2026-05-22
May 2026,-,-,-,-,0.00,-,-,-,-,-,-,75.75,"4,775",NSBM,NSBMMAY-26,2026-05-22
Jun 2026,-,-,-,-,0.00,-,-,-,-,-,-,58.83,"5,345",NSBM,NSBMJUN-26,2026-05-22
Jul 2026,-,-,-,-,0.00,-,-,-,-,-,-,50.91,732,NSBM,NSBMJUL-26,2026-05-22
Aug 2026,-,-,-,-,0.00,-,-,-,-,-,-,57.05,210,NSBM,NSBMAUG-26,2026-05-22
Sep 2026,-,-,-,-,0.00,-,-,-,-,-,-,65.25,137,NSBM,NSBMSEP-26,2026-05-22
Oct 2026,-,-,-,-,0.00,-,-,-,-,-,-,65.25,78,NSBM,NSBMOCT-26,2026-05-22
Nov 2026,-,-,-,-,0.00,-,-,-,-,-,-,77.25,6,NSBM,NSBMNOV-26,2026-05-22
2027,-,-,-,-,0.00,-,-,-,-,-,-,-2.00,681,HLBY,HLBY-27,2026-05-22
2028,-,-,-,-,0.00,-,-,-,-,-,-,1.03,305,HLBY,HLBY-28,2026-05-22
2029,-,-,-,-,0.00,-,-,-,-,-,-,0.91,79,HLBY,HLBY-29,2026-05-22
2030,-,-,-,-,0.00,-,-,-,-,-,-,0.83,0,HLBY,HLBY-30,2026-05-22
Q3 2026,-,-,-,-,0.00,-,-,-,-,-,-,-6.00,836,HLBQ,HLBQ3-26,2026-05-22
Q4 2026,-,-,-,-,0.00,-,-,-,-,-,-,-2.32,922,HLBQ,HLBQ4-26,2026-05-22
Q1 2027,-,-,-,-,0.00,-,-,-,-,-,-,0.40,135,HLBQ,HLBQ1-27,2026-05-22
Q2 2027,-,-,-,-,0.00,-,-,-,-,-,-,-2.40,2,HLBQ,HLBQ2-27,2026-05-22
May 2026,-,-,-,-,0.00,-,-,-,-,-,-,-23.96,"1,071",HLBM,HLBMMAY-26,2026-05-22
Jun 2026,-,-,-,-,0.00,-,-,-,-,-,-,-14.75,"1,008",HLBM,HLBMJUN-26,2026-05-22
Jul 2026,-,-,-,-,0.00,-,-,-,-,-,-,-15.00,92,HLBM,HLBMJUL-26,2026-05-22
Aug 2026,-,-,-,-,0.00,-,-,-,-,-,-,-8.42,14,HLBM,HLBMAUG-26,2026-05-22
2027,-,-,-,-,0.00,-,-,-,-,-,-,49.26,"3,721",NSBY,NSBY-27,2026-05-22
2028,-,-,-,-,0.00,-,-,-,-,-,-,43.75,"1,596",NSBY,NSBY-28,2026-05-22
2029,-,-,-,-,0.00,-,-,-,-,-,-,43.80,640,NSBY,NSBY-29,2026-05-22
2030,-,-,-,-,0.00,-,-,-,-,-,-,45.10,288,NSBY,NSBY-30,2026-05-22
2031,-,-,-,-,0.00,-,-,-,-,-,-,47.20,145,NSBY,NSBY-31,2026-05-22
2032,-,-,-,-,0.00,-,-,-,-,-,-,48.38,53,NSBY,NSBY-32,2026-05-22
2033,-,-,-,-,0.00,-,-,-,-,-,-,48.88,1,NSBY,NSBY-33,2026-05-22
2034,-,-,-,-,0.00,-,-,-,-,-,-,49.38,1,NSBY,NSBY-34,2026-05-22
2035,-,-,-,-,0.00,-,-,-,-,-,-,49.88,0,NSBY,NSBY-35,2026-05-22
2036,-,-,-,-,0.00,-,-,-,-,-,-,50.13,0,NSBY,NSBY-36,2026-05-22
Q3 2026,-,-,-,-,0.00,-,-,-,-,-,-,57.97,"5,310",NSBQ,NSBQ3-26,2026-05-22
Q4 2026,-,-,-,-,0.00,-,-,-,-,-,-,76.35,"4,336",NSBQ,NSBQ4-26,2026-05-22
Q1 2027,-,-,-,-,0.00,-,-,-,-,-,-,81.25,963,NSBQ,NSBQ1-27,2026-05-22
Q2 2027,-,-,-,-,0.00,-,-,-,-,-,-,37.30,283,NSBQ,NSBQ2-27,2026-05-22
Q3 2027,-,-,-,-,0.00,-,-,-,-,-,-,28.20,276,NSBQ,NSBQ3-27,2026-05-22
Q4 2027,-,-,-,-,0.00,-,-,-,-,-,-,51.45,333,NSBQ,NSBQ4-27,2026-05-22
Q1 2028,-,-,-,-,0.00,-,-,-,-,-,-,68.12,129,NSBQ,NSBQ1-28,2026-05-22
Q2 2028,-,-,-,-,0.00,-,-,-,-,-,-,33.28,32,NSBQ,NSBQ2-28,2026-05-22
Q3 2028,-,-,-,-,0.00,-,-,-,-,-,-,24.50,35,NSBQ,NSBQ3-28,2026-05-22
Q4 2028,-,-,-,-,0.00,-,-,-,-,-,-,49.40,69,NSBQ,NSBQ4-28,2026-05-22
May 2026,-,-,-,-,0.00,-,-,-,-,-,-,75.75,"4,775",NSBM,NSBMMAY-26,2026-05-22
Jun 2026,-,-,-,-,0.00,-,-,-,-,-,-,58.83,"5,345",NSBM,NSBMJUN-26,2026-05-22
Jul 2026,-,-,-,-,0.00,-,-,-,-,-,-,50.91,732,NSBM,NSBMJUL-26,2026-05-22
Aug 2026,-,-,-,-,0.00,-,-,-,-,-,-,57.05,210,NSBM,NSBMAUG-26,2026-05-22
Sep 2026,-,-,-,-,0.00,-,-,-,-,-,-,65.25,137,NSBM,NSBMSEP-26,2026-05-22
Oct 2026,-,-,-,-,0.00,-,-,-,-,-,-,65.25,78,NSBM,NSBMOCT-26,2026-05-22
Nov 2026,-,-,-,-,0.00,-,-,-,-,-,-,77.25,6,NSBM,NSBMNOV-26,2026-05-22
2027,-,-,-,-,0.00,-,-,-,-,-,-,-2.00,681,HLBY,HLBY-27,2026-05-22
2028,-,-,-,-,0.00,-,-,-,-,-,-,1.03,305,HLBY,HLBY-28,2026-05-22
2029,-,-,-,-,0.00,-,-,-,-,-,-,0.91,79,HLBY,HLBY-29,2026-05-22
2030,-,-,-,-,0.00,-,-,-,-,-,-,0.83,0,HLBY,HLBY-30,2026-05-22
Q3 2026,-,-,-,-,0.00,-,-,-,-,-,-,-6.00,836,HLBQ,HLBQ3-26,2026-05-22
Q4 2026,-,-,-,-,0.00,-,-,-,-,-,-,-2.32,922,HLBQ,HLBQ4-26,2026-05-22
Q1 2027,-,-,-,-,0.00,-,-,-,-,-,-,0.40,135,HLBQ,HLBQ1-27,2026-05-22
Q2 2027,-,-,-,-,0.00,-,-,-,-,-,-,-2.40,2,HLBQ,HLBQ2-27,2026-05-22
May 2026,-,-,-,-,0.00,-,-,-,-,-,-,-23.96,"1,071",HLBM,HLBMMAY-26,2026-05-22
Jun 2026,-,-,-,-,0.00,-,-,-,-,-,-,-14.75,"1,008",HLBM,HLBMJUN-26,2026-05-22
Jul 2026,-,-,-,-,0.00,-,-,-,-,-,-,-15.00,92,HLBM,HLBMJUL-26,2026-05-22
Aug 2026,-,-,-,-,0.00,-,-,-,-,-,-,-8.42,14,HLBM,HLBMAUG-26,2026-05-22
2027,-,-,-,-,0.00,-,-,-,-,-,-,49.26,"3,721",NSBY,NSBY-27,2026-05-22
2028,-,-,-,-,0.00,-,-,-,-,-,-,43.75,"1,596",NSBY,NSBY-28,2026-05-22
2029,-,-,-,-,0.00,-,-,-,-,-,-,43.80,640,NSBY,NSBY-29,2026-05-22
2030,-,-,-,-,0.00,-,-,-,-,-,-,45.10,288,NSBY,NSBY-30,2026-05-22
2031,-,-,-,-,0.00,-,-,-,-,-,-,47.20,145,NSBY,NSBY-31,2026-05-22
2032,-,-,-,-,0.00,-,-,-,-,-,-,48.38,53,NSBY,NSBY-32,2026-05-22
2033,-,-,-,-,0.00,-,-,-,-,-,-,48.88,1,NSBY,NSBY-33,2026-05-22
2034,-,-,-,-,0.00,-,-,-,-,-,-,49.38,1,NSBY,NSBY-34,2026-05-22
2035,-,-,-,-,0.00,-,-,-,-,-,-,49.88,0,NSBY,NSBY-35,2026-05-22
2036,-,-,-,-,0.00,-,-,-,-,-,-,50.13,0,NSBY,NSBY-36,2026-05-22
Q3 2026,-,-,-,-,0.00,-,-,-,-,-,-,57.97,"5,310",NSBQ,NSBQ3-26,2026-05-22
Q4 2026,-,-,-,-,0.00,-,-,-,-,-,-,76.35,"4,336",NSBQ,NSBQ4-26,2026-05-22
Q1 2027,-,-,-,-,0.00,-,-,-,-,-,-,81.25,963,NSBQ,NSBQ1-27,2026-05-22
Q2 2027,-,-,-,-,0.00,-,-,-,-,-,-,37.30,283,NSBQ,NSBQ2-27,2026-05-22
Q3 2027,-,-,-,-,0.00,-,-,-,-,-,-,28.20,276,NSBQ,NSBQ3-27,2026-05-22
Q4 2027,-,-,-,-,0.00,-,-,-,-,-,-,51.45,333,NSBQ,NSBQ4-27,2026-05-22
Q1 2028,-,-,-,-,0.00,-,-,-,-,-,-,68.12,129,NSBQ,NSBQ1-28,2026-05-22
Q2 2028,-,-,-,-,0.00,-,-,-,-,-,-,33.28,32,NSBQ,NSBQ2-28,2026-05-22
Q3 2028,-,-,-,-,0.00,-,-,-,-,-,-,24.50,35,NSBQ,NSBQ3-28,2026-05-22
Q4 2028,-,-,-,-,0.00,-,-,-,-,-,-,49.40,69,NSBQ,NSBQ4-28,2026-05-22
May 2026,-,-,-,-,0.00,-,-,-,-,-,-,75.75,"4,775",NSBM,NSBMMAY-26,2026-05-22
Jun 2026,-,-,-,-,0.00,-,-,-,-,-,-,58.83,"5,345",NSBM,NSBMJUN-26,2026-05-22
Jul 2026,-,-,-,-,0.00,-,-,-,-,-,-,50.91,732,NSBM,NSBMJUL-26,2026-05-22
Aug 2026,-,-,-,-,0.00,-,-,-,-,-,-,57.05,210,NSBM,NSBMAUG-26,2026-05-22
Sep 2026,-,-,-,-,0.00,-,-,-,-,-,-,65.25,137,NSBM,NSBMSEP-26,2026-05-22
Oct 2026,-,-,-,-,0.00,-,-,-,-,-,-,65.25,78,NSBM,NSBMOCT-26,2026-05-22
Nov 2026,-,-,-,-,0.00,-,-,-,-,-,-,77.25,6,NSBM,NSBMNOV-26,2026-05-22
2027,-,-,-,-,0.00,-,-,-,-,-,-,-2.00,681,HLBY,HLBY-27,2026-05-22
2028,-,-,-,-,0.00,-,-,-,-,-,-,1.03,305,HLBY,HLBY-28,2026-05-22
2029,-,-,-,-,0.00,-,-,-,-,-,-,0.91,79,HLBY,HLBY-29,2026-05-22
2030,-,-,-,-,0.00,-,-,-,-,-,-,0.83,0,HLBY,HLBY-30,2026-05-22
Q3 2026,-,-,-,-,0.00,-,-,-,-,-,-,-6.00,836,HLBQ,HLBQ3-26,2026-05-22
Q4 2026,-,-,-,-,0.00,-,-,-,-,-,-,-2.32,922,HLBQ,HLBQ4-26,2026-05-22
Q1 2027,-,-,-,-,0.00,-,-,-,-,-,-,0.40,135,HLBQ,HLBQ1-27,2026-05-22
Q2 2027,-,-,-,-,0.00,-,-,-,-,-,-,-2.40,2,HLBQ,HLBQ2-27,2026-05-22
May 2026,-,-,-,-,0.00,-,-,-,-,-,-,-23.96,"1,071",HLBM,HLBMMAY-26,2026-05-22
Jun 2026,-,-,-,-,0.00,-,-,-,-,-,-,-14.75,"1,008",HLBM,HLBMJUN-26,2026-05-22
Jul 2026,-,-,-,-,0.00,-,-,-,-,-,-,-15.00,92,HLBM,HLBMJUL-26,2026-05-22
Aug 2026,-,-,-,-,0.00,-,-,-,-,-,-,-8.42,14,HLBM,HLBMAUG-26,2026-05-22
2027,-,-,-,-,0.00,-,-,-,-,-,-,49.26,"3,721",NSBY,NSBY-27,2026-05-22
2028,-,-,-,-,0.00,-,-,-,-,-,-,43.75,"1,596",NSBY,NSBY-28,2026-05-22
2029,-,-,-,-,0.00,-,-,-,-,-,-,43.80,640,NSBY,NSBY-29,2026-05-22
2030,-,-,-,-,0.00,-,-,-,-,-,-,45.10,288,NSBY,NSBY-30,2026-05-22
2031,-,-,-,-,0.00,-,-,-,-,-,-,47.20,145,NSBY,NSBY-31,2026-05-22
2032,-,-,-,-,0.00,-,-,-,-,-,-,48.38,53,NSBY,NSBY-32,2026-05-22
2033,-,-,-,-,0.00,-,-,-,-,-,-,48.88,1,NSBY,NSBY-33,2026-05-22
2034,-,-,-,-,0.00,-,-,-,-,-,-,49.38,1,NSBY,NSBY-34,2026-05-22
2035,-,-,-,-,0.00,-,-,-,-,-,-,49.88,0,NSBY,NSBY-35,2026-05-22
2036,-,-,-,-,0.00,-,-,-,-,-,-,50.13,0,NSBY,NSBY-36,2026-05-22
Q3 2026,-,-,-,-,0.00,-,-,-,-,-,-,57.97,"5,310",NSBQ,NSBQ3-26,2026-05-22
Q4 2026,-,-,-,-,0.00,-,-,-,-,-,-,76.35,"4,336",NSBQ,NSBQ4-26,2026-05-22
Q1 2027,-,-,-,-,0.00,-,-,-,-,-,-,81.25,963,NSBQ,NSBQ1-27,2026-05-22
Q2 2027,-,-,-,-,0.00,-,-,-,-,-,-,37.30,283,NSBQ,NSBQ2-27,2026-05-22
Q3 2027,-,-,-,-,0.00,-,-,-,-,-,-,28.20,276,NSBQ,NSBQ3-27,2026-05-22
Q4 2027,-,-,-,-,0.00,-,-,-,-,-,-,51.45,333,NSBQ,NSBQ4-27,2026-05-22
Q1 2028,-,-,-,-,0.00,-,-,-,-,-,-,68.12,129,NSBQ,NSBQ1-28,2026-05-22
Q2 2028,-,-,-,-,0.00,-,-,-,-,-,-,33.28,32,NSBQ,NSBQ2-28,2026-05-22
Q3 2028,-,-,-,-,0.00,-,-,-,-,-,-,24.50,35,NSBQ,NSBQ3-28,2026-05-22
Q4 2028,-,-,-,-,0.00,-,-,-,-,-,-,49.40,69,NSBQ,NSBQ4-28,2026-05-22
May 2026,-,-,-,-,0.00,-,-,-,-,-,-,75.75,"4,775",NSBM,NSBMMAY-26,2026-05-22
Jun 2026,-,-,-,-,0.00,-,-,-,-,-,-,58.83,"5,345",NSBM,NSBMJUN-26,2026-05-22
Jul 2026,-,-,-,-,0.00,-,-,-,-,-,-,50.91,732,NSBM,NSBMJUL-26,2026-05-22
Aug 2026,-,-,-,-,0.00,-,-,-,-,-,-,57.05,210,NSBM,NSBMAUG-26,2026-05-22
Sep 2026,-,-,-,-,0.00,-,-,-,-,-,-,65.25,137,NSBM,NSBMSEP-26,2026-05-22
Oct 2026,-,-,-,-,0.00,-,-,-,-,-,-,65.25,78,NSBM,NSBMOCT-26,2026-05-22
Nov 2026,-,-,-,-,0.00,-,-,-,-,-,-,77.25,6,NSBM,NSBMNOV-26,2026-05-22
2027,-,-,-,-,0.00,-,-,-,-,-,-,-2.00,681,HLBY,HLBY-27,2026-05-22
2028,-,-,-,-,0.00,-,-,-,-,-,-,1.03,305,HLBY,HLBY-28,2026-05-22
2029,-,-,-,-,0.00,-,-,-,-,-,-,0.91,79,HLBY,HLBY-29,2026-05-22
2030,-,-,-,-,0.00,-,-,-,-,-,-,0.83,0,HLBY,HLBY-30,2026-05-22
Q3 2026,-,-,-,-,0.00,-,-,-,-,-,-,-6.00,836,HLBQ,HLBQ3-26,2026-05-22
Q4 2026,-,-,-,-,0.00,-,-,-,-,-,-,-2.32,922,HLBQ,HLBQ4-26,2026-05-22
Q1 2027,-,-,-,-,0.00,-,-,-,-,-,-,0.40,135,HLBQ,HLBQ1-27,2026-05-22
Q2 2027,-,-,-,-,0.00,-,-,-,-,-,-,-2.40,2,HLBQ,HLBQ2-27,2026-05-22
May 2026,-,-,-,-,0.00,-,-,-,-,-,-,-23.96,"1,071",HLBM,HLBMMAY-26,2026-05-22
Jun 2026,-,-,-,-,0.00,-,-,-,-,-,-,-14.75,"1,008",HLBM,HLBMJUN-26,2026-05-22
Jul 2026,-,-,-,-,0.00,-,-,-,-,-,-,-15.00,92,HLBM,HLBMJUL-26,2026-05-22
Aug 2026,-,-,-,-,0.00,-,-,-,-,-,-,-8.42,14,HLBM,HLBMAUG-26,2026-05-22
2027,48.50,-,-,-,0.00,-,-,-,-,-,-,49.26,"3,721",NSBY,NSBY-27,2026-05-22
2028,-,-,-,-,0.00,-,-,-,-,-,-,43.75,"1,596",NSBY,NSBY-28,2026-05-22
2029,43.50,-,-,-,0.00,-,-,-,-,-,-,43.80,640,NSBY,NSBY-29,2026-05-22
2030,-,-,-,-,0.00,-,-,-,-,-,-,45.10,288,NSBY,NSBY-30,2026-05-22
2031,-,-,-,-,0.00,-,-,-,-,-,-,47.20,145,NSBY,NSBY-31,2026-05-22
2032,-,-,-,-,0.00,-,-,-,-,-,-,48.38,53,NSBY,NSBY-32,2026-05-22
2033,-,-,-,-,0.00,-,-,-,-,-,-,48.88,1,NSBY,NSBY-33,2026-05-22
2034,-,-,-,-,0.00,-,-,-,-,-,-,49.38,1,NSBY,NSBY-34,2026-05-22
2035,-,-,-,-,0.00,-,-,-,-,-,-,49.88,0,NSBY,NSBY-35,2026-05-22
2036,-,-,-,-,0.00,-,-,-,-,-,-,50.13,0,NSBY,NSBY-36,2026-05-22
Q3 2026,55.55,58.00,-,-,0.00,-,-,-,-,-,-,57.97,"5,310",NSBQ,NSBQ3-26,2026-05-22
Q4 2026,-,76.50,-,-,0.00,-,-,-,-,-,-,76.35,"4,336",NSBQ,NSBQ4-26,2026-05-22
Q1 2027,-,-,-,-,0.00,-,-,-,-,-,-,81.25,963,NSBQ,NSBQ1-27,2026-05-22
Q2 2027,-,38.00,-,-,0.00,-,-,-,-,-,-,37.30,283,NSBQ,NSBQ2-27,2026-05-22
Q3 2027,-,-,-,-,0.00,-,-,-,-,-,-,28.20,276,NSBQ,NSBQ3-27,2026-05-22
Q4 2027,-,-,-,-,0.00,-,-,-,-,-,-,51.45,333,NSBQ,NSBQ4-27,2026-05-22
Q1 2028,-,-,-,-,0.00,-,-,-,-,-,-,68.12,129,NSBQ,NSBQ1-28,2026-05-22
Q2 2028,-,-,-,-,0.00,-,-,-,-,-,-,33.28,32,NSBQ,NSBQ2-28,2026-05-22
Q3 2028,-,-,-,-,0.00,-,-,-,-,-,-,24.50,35,NSBQ,NSBQ3-28,2026-05-22
Q4 2028,-,-,-,-,0.00,-,-,-,-,-,-,49.40,69,NSBQ,NSBQ4-28,2026-05-22
May 2026,-,-,-,-,0.00,-,-,-,-,-,-,75.75,"4,775",NSBM,NSBMMAY-26,2026-05-22
Jun 2026,55.00,58.95,-,-,0.00,-,-,-,-,-,-,58.83,"5,345",NSBM,NSBMJUN-26,2026-05-22
Jul 2026,50.00,51.00,-,-,0.00,-,-,-,-,-,-,50.91,732,NSBM,NSBMJUL-26,2026-05-22
Aug 2026,-,-,-,-,0.00,-,-,-,-,-,-,57.05,210,NSBM,NSBMAUG-26,2026-05-22
Sep 2026,-,-,-,-,0.00,-,-,-,-,-,-,65.25,137,NSBM,NSBMSEP-26,2026-05-22
Oct 2026,-,-,-,-,0.00,-,-,-,-,-,-,65.25,78,NSBM,NSBMOCT-26,2026-05-22
Nov 2026,-,-,-,-,0.00,-,-,-,-,-,-,77.25,6,NSBM,NSBMNOV-26,2026-05-22
2027,-,-,-,-,0.00,-,-,-,-,-,-,-2.00,681,HLBY,HLBY-27,2026-05-22
2028,-,-,-,-,0.00,-,-,-,-,-,-,1.03,305,HLBY,HLBY-28,2026-05-22
2029,-,-,-,-,0.00,-,-,-,-,-,-,0.91,79,HLBY,HLBY-29,2026-05-22
2030,-,-,-,-,0.00,-,-,-,-,-,-,0.83,0,HLBY,HLBY-30,2026-05-22
Q3 2026,-,-,-,-,0.00,-,-,-,-,-,-,-6.00,836,HLBQ,HLBQ3-26,2026-05-22
Q4 2026,-,-,-,-,0.00,-,-,-,-,-,-,-2.32,922,HLBQ,HLBQ4-26,2026-05-22
Q1 2027,-,-,-,-,0.00,-,-,-,-,-,-,0.40,135,HLBQ,HLBQ1-27,2026-05-22
Q2 2027,-,-,-,-,0.00,-,-,-,-,-,-,-2.40,2,HLBQ,HLBQ2-27,2026-05-22
May 2026,-,-,-,-,0.00,-,-,-,-,-,-,-23.96,"1,071",HLBM,HLBMMAY-26,2026-05-22
Jun 2026,-,-,-,-,0.00,-,-,-,-,-,-,-14.75,"1,008",HLBM,HLBMJUN-26,2026-05-22
Jul 2026,-,-,-,-,0.00,-,-,-,-,-,-,-15.00,92,HLBM,HLBMJUL-26,2026-05-22
Aug 2026,-,-,-,-,0.00,-,-,-,-,-,-,-8.42,14,HLBM,HLBMAUG-26,2026-05-22
2027,48.50,-,-,-,0.00,-,-,-,-,-,-,49.26,"3,721",NSBY,NSBY-27,2026-05-22
2028,-,44.25,-,-,0.00,-,-,-,-,-,-,43.75,"1,596",NSBY,NSBY-28,2026-05-22
2029,43.50,44.25,-,-,0.00,-,-,-,-,-,-,43.80,640,NSBY,NSBY-29,2026-05-22
2030,-,-,-,-,0.00,-,-,-,-,-,-,45.10,288,NSBY,NSBY-30,2026-05-22
2031,-,-,-,-,0.00,-,-,-,-,-,-,47.20,145,NSBY,NSBY-31,2026-05-22
2032,-,-,-,-,0.00,-,-,-,-,-,-,48.38,53,NSBY,NSBY-32,2026-05-22
2033,-,-,-,-,0.00,-,-,-,-,-,-,48.88,1,NSBY,NSBY-33,2026-05-22
2034,-,-,-,-,0.00,-,-,-,-,-,-,49.38,1,NSBY,NSBY-34,2026-05-22
2035,-,-,-,-,0.00,-,-,-,-,-,-,49.88,0,NSBY,NSBY-35,2026-05-22
2036,-,-,-,-,0.00,-,-,-,-,-,-,50.13,0,NSBY,NSBY-36,2026-05-22
Q3 2026,56.00,58.00,-,-,0.00,-,-,-,-,-,-,57.97,"5,310",NSBQ,NSBQ3-26,2026-05-22
Q4 2026,75.00,76.35,-,-,0.00,-,-,-,-,-,-,76.35,"4,336",NSBQ,NSBQ4-26,2026-05-22
Q1 2027,-,-,-,-,0.00,-,-,-,-,-,-,81.25,963,NSBQ,NSBQ1-27,2026-05-22
Q2 2027,-,38.00,-,-,0.00,-,-,-,-,-,-,37.30,283,NSBQ,NSBQ2-27,2026-05-22
Q3 2027,-,-,-,-,0.00,-,-,-,-,-,-,28.20,276,NSBQ,NSBQ3-27,2026-05-22
Q4 2027,-,-,-,-,0.00,-,-,-,-,-,-,51.45,333,NSBQ,NSBQ4-27,2026-05-22
Q1 2028,-,-,-,-,0.00,-,-,-,-,-,-,68.12,129,NSBQ,NSBQ1-28,2026-05-22
Q2 2028,-,-,-,-,0.00,-,-,-,-,-,-,33.28,32,NSBQ,NSBQ2-28,2026-05-22
Q3 2028,-,-,-,-,0.00,-,-,-,-,-,-,24.50,35,NSBQ,NSBQ3-28,2026-05-22
Q4 2028,-,-,-,-,0.00,-,-,-,-,-,-,49.40,69,NSBQ,NSBQ4-28,2026-05-22
May 2026,-,-,-,-,0.00,-,-,-,-,-,-,75.75,"4,775",NSBM,NSBMMAY-26,2026-05-22
Jun 2026,57.50,58.90,-,-,0.00,-,-,-,-,-,-,58.83,"5,345",NSBM,NSBMJUN-26,2026-05-22
Jul 2026,50.00,50.75,-,-,0.00,-,-,-,-,-,-,50.91,732,NSBM,NSBMJUL-26,2026-05-22
Aug 2026,-,-,-,-,0.00,-,-,-,-,-,-,57.05,210,NSBM,NSBMAUG-26,2026-05-22
Sep 2026,-,-,-,-,0.00,-,-,-,-,-,-,65.25,137,NSBM,NSBMSEP-26,2026-05-22
Oct 2026,-,-,-,-,0.00,-,-,-,-,-,-,65.25,78,NSBM,NSBMOCT-26,2026-05-22
Nov 2026,-,-,-,-,0.00,-,-,-,-,-,-,77.25,6,NSBM,NSBMNOV-26,2026-05-22
2027,-3.33,-0.62,-,-,0.00,-,-,-,-,-,-,-2.00,681,HLBY,HLBY-27,2026-05-22
2028,-0.31,2.39,-,-,0.00,-,-,-,-,-,-,1.03,305,HLBY,HLBY-28,2026-05-22
2029,-0.44,2.26,-,-,0.00,-,-,-,-,-,-,0.91,79,HLBY,HLBY-29,2026-05-22
2030,-0.52,2.18,-,-,0.00,-,-,-,-,-,-,0.83,0,HLBY,HLBY-30,2026-05-22
Q3 2026,-6.25,-4.43,-,-,0.00,-,-,-,-,-,-,-6.00,836,HLBQ,HLBQ3-26,2026-05-22
Q4 2026,-3.53,-1.50,-,-,0.00,-,-,-,-,-,-,-2.32,922,HLBQ,HLBQ4-26,2026-05-22
Q1 2027,-0.88,1.82,-,-,0.00,-,-,-,-,-,-,0.40,135,HLBQ,HLBQ1-27,2026-05-22
Q2 2027,-3.68,-0.97,-,-,0.00,-,-,-,-,-,-,-2.40,2,HLBQ,HLBQ2-27,2026-05-22
May 2026,-,-,-,-,0.00,-,-,-,-,-,-,-23.96,"1,071",HLBM,HLBMMAY-26,2026-05-22
Jun 2026,-15.79,-14.00,-,-,0.00,-,-,-,-,-,-,-14.75,"1,008",HLBM,HLBMJUN-26,2026-05-22
Jul 2026,-16.07,-13.36,-,-,0.00,-,-,-,-,-,-,-15.00,92,HLBM,HLBMJUL-26,2026-05-22
Aug 2026,-9.51,-6.80,-,-,0.00,-,-,-,-,-,-,-8.42,14,HLBM,HLBMAUG-26,2026-05-22
2027,48.50,50.34,-,-,0.00,-,-,-,-,-,-,49.26,"3,721",NSBY,NSBY-27,2026-05-22
2028,42.28,44.25,-,-,0.00,-,-,-,-,-,-,43.75,"1,596",NSBY,NSBY-28,2026-05-22
2029,43.50,44.25,-,-,0.00,-,-,-,-,-,-,43.80,640,NSBY,NSBY-29,2026-05-22
2030,43.71,46.39,-,-,0.00,-,-,-,-,-,-,45.10,288,NSBY,NSBY-30,2026-05-22
2031,45.81,48.49,-,-,0.00,-,-,-,-,-,-,47.20,145,NSBY,NSBY-31,2026-05-22
2032,-,-,-,-,0.00,-,-,-,-,-,-,48.38,53,NSBY,NSBY-32,2026-05-22
2033,-,-,-,-,0.00,-,-,-,-,-,-,48.88,1,NSBY,NSBY-33,2026-05-22
2034,-,-,-,-,0.00,-,-,-,-,-,-,49.38,1,NSBY,NSBY-34,2026-05-22
2035,-,-,-,-,0.00,-,-,-,-,-,-,49.88,0,NSBY,NSBY-35,2026-05-22
2036,-,-,-,-,0.00,-,-,-,-,-,-,50.13,0,NSBY,NSBY-36,2026-05-22
Q3 2026,57.25,57.95,-,-,0.00,-,-,-,-,-,-,57.97,"5,310",NSBQ,NSBQ3-26,2026-05-22
Q4 2026,75.85,76.35,-,-,0.00,-,-,-,-,-,-,76.35,"4,336",NSBQ,NSBQ4-26,2026-05-22
Q1 2027,80.00,82.00,-,-,0.00,-,-,-,-,-,-,81.25,963,NSBQ,NSBQ1-27,2026-05-22
Q2 2027,35.65,38.00,-,-,0.00,-,-,-,-,-,-,37.30,283,NSBQ,NSBQ2-27,2026-05-22
Q3 2027,27.00,29.30,-,-,0.00,-,-,-,-,-,-,28.20,276,NSBQ,NSBQ3-27,2026-05-22
Q4 2027,49.93,52.61,-,-,0.00,-,-,-,-,-,-,51.45,333,NSBQ,NSBQ4-27,2026-05-22
Q1 2028,66.60,69.28,-,-,0.00,-,-,-,-,-,-,68.12,129,NSBQ,NSBQ1-28,2026-05-22
Q2 2028,31.81,34.49,-,-,0.00,-,-,-,-,-,-,33.28,32,NSBQ,NSBQ2-28,2026-05-22
Q3 2028,23.03,25.71,-,-,0.00,-,-,-,-,-,-,24.50,35,NSBQ,NSBQ3-28,2026-05-22
Q4 2028,47.93,50.61,-,-,0.00,-,-,-,-,-,-,49.40,69,NSBQ,NSBQ4-28,2026-05-22
May 2026,-,-,-,-,0.00,-,-,-,-,-,-,75.75,"4,775",NSBM,NSBMMAY-26,2026-05-22
Jun 2026,57.50,58.65,-,-,0.00,-,-,-,-,-,-,58.83,"5,345",NSBM,NSBMJUN-26,2026-05-22
Jul 2026,48.17,50.75,-,-,0.00,-,-,-,-,-,-,50.91,732,NSBM,NSBMJUL-26,2026-05-22
Aug 2026,54.37,57.95,-,-,0.00,-,-,-,-,-,-,57.05,210,NSBM,NSBMAUG-26,2026-05-22
Sep 2026,64.75,66.39,-,-,0.00,-,-,-,-,-,-,65.25,137,NSBM,NSBMSEP-26,2026-05-22
Oct 2026,62.85,66.44,-,-,0.00,-,-,-,-,-,-,65.25,78,NSBM,NSBMOCT-26,2026-05-22
Nov 2026,74.90,78.48,-,-,0.00,-,-,-,-,-,-,77.25,6,NSBM,NSBMNOV-26,2026-05-22
2027,-3.33,-0.62,-,-,0.00,-,-,-,-,-,-,-2.00,681,HLBY,HLBY-27,2026-05-22
2028,-0.31,2.39,-,-,0.00,-,-,-,-,-,-,1.03,305,HLBY,HLBY-28,2026-05-22
2029,-0.44,2.26,-,-,0.00,-,-,-,-,-,-,0.91,79,HLBY,HLBY-29,2026-05-22
2030,-0.52,2.18,-,-,0.00,-,-,-,-,-,-,0.83,0,HLBY,HLBY-30,2026-05-22
Q3 2026,-6.25,-4.43,-,-,0.00,-,-,-,-,-,-,-6.00,836,HLBQ,HLBQ3-26,2026-05-22
Q4 2026,-3.53,-1.50,-,-,0.00,-,-,-,-,-,-,-2.32,922,HLBQ,HLBQ4-26,2026-05-22
Q1 2027,-0.88,1.82,-,-,0.00,-,-,-,-,-,-,0.40,135,HLBQ,HLBQ1-27,2026-05-22
Q2 2027,-3.68,-0.97,-,-,0.00,-,-,-,-,-,-,-2.40,2,HLBQ,HLBQ2-27,2026-05-22
May 2026,-,-,-,-,0.00,-,-,-,-,-,-,-23.96,"1,071",HLBM,HLBMMAY-26,2026-05-22
Jun 2026,-15.79,-14.00,-,-,0.00,-,-,-,-,-,-,-14.75,"1,008",HLBM,HLBMJUN-26,2026-05-22
Jul 2026,-16.07,-13.36,-,-,0.00,-,-,-,-,-,-,-15.00,92,HLBM,HLBMJUL-26,2026-05-22
Aug 2026,-9.51,-6.80,-,-,0.00,-,-,-,-,-,-,-8.42,14,HLBM,HLBMAUG-26,2026-05-22
2027,48.50,50.34,-,-,0.00,-,-,-,-,-,-,49.26,"3,721",NSBY,NSBY-27,2026-05-22
2028,42.28,44.25,-,-,0.00,-,-,-,-,-,-,43.75,"1,596",NSBY,NSBY-28,2026-05-22
2029,43.50,44.25,-,-,0.00,-,-,-,-,-,-,43.80,640,NSBY,NSBY-29,2026-05-22
2030,43.71,46.39,-,-,0.00,-,-,-,-,-,-,45.10,288,NSBY,NSBY-30,2026-05-22
2031,45.81,48.49,-,-,0.00,-,-,-,-,-,-,47.20,145,NSBY,NSBY-31,2026-05-22
2032,-,-,-,-,0.00,-,-,-,-,-,-,48.38,53,NSBY,NSBY-32,2026-05-22
2033,-,-,-,-,0.00,-,-,-,-,-,-,48.88,1,NSBY,NSBY-33,2026-05-22
2034,-,-,-,-,0.00,-,-,-,-,-,-,49.38,1,NSBY,NSBY-34,2026-05-22
2035,-,-,-,-,0.00,-,-,-,-,-,-,49.88,0,NSBY,NSBY-35,2026-05-22
2036,-,-,-,-,0.00,-,-,-,-,-,-,50.13,0,NSBY,NSBY-36,2026-05-22
Q3 2026,57.25,57.40,57.25,08:58,-0.72,1,-,1,57.25,57.25,57.25,57.97,"5,310",NSBQ,NSBQ3-26,2026-05-22
Q4 2026,75.85,76.35,-,-,0.00,-,-,-,-,-,-,76.35,"4,336",NSBQ,NSBQ4-26,2026-05-22
Q1 2027,80.00,82.00,-,-,0.00,-,-,-,-,-,-,81.25,963,NSBQ,NSBQ1-27,2026-05-22
Q2 2027,35.65,38.00,-,-,0.00,-,-,-,-,-,-,37.30,283,NSBQ,NSBQ2-27,2026-05-22
Q3 2027,27.00,29.30,-,-,0.00,-,-,-,-,-,-,28.20,276,NSBQ,NSBQ3-27,2026-05-22
Q4 2027,49.93,52.61,-,-,0.00,-,-,-,-,-,-,51.45,333,NSBQ,NSBQ4-27,2026-05-22
Q1 2028,66.60,69.28,-,-,0.00,-,-,-,-,-,-,68.12,129,NSBQ,NSBQ1-28,2026-05-22
Q2 2028,31.81,34.49,-,-,0.00,-,-,-,-,-,-,33.28,32,NSBQ,NSBQ2-28,2026-05-22
Q3 2028,23.03,25.71,-,-,0.00,-,-,-,-,-,-,24.50,35,NSBQ,NSBQ3-28,2026-05-22
Q4 2028,47.93,50.61,-,-,0.00,-,-,-,-,-,-,49.40,69,NSBQ,NSBQ4-28,2026-05-22
May 2026,-,-,-,-,0.00,-,-,-,-,-,-,75.75,"4,775",NSBM,NSBMMAY-26,2026-05-22
Jun 2026,57.50,58.25,-,-,0.00,-,-,-,-,-,-,58.83,"5,345",NSBM,NSBMJUN-26,2026-05-22
Jul 2026,50.00,50.50,-,-,0.00,-,-,-,-,-,-,50.91,732,NSBM,NSBMJUL-26,2026-05-22
Aug 2026,54.37,57.95,-,-,0.00,-,-,-,-,-,-,57.05,210,NSBM,NSBMAUG-26,2026-05-22
Sep 2026,64.75,66.39,-,-,0.00,-,-,-,-,-,-,65.25,137,NSBM,NSBMSEP-26,2026-05-22
Oct 2026,62.85,66.44,-,-,0.00,-,-,-,-,-,-,65.25,78,NSBM,NSBMOCT-26,2026-05-22
Nov 2026,74.90,78.48,-,-,0.00,-,-,-,-,-,-,77.25,6,NSBM,NSBMNOV-26,2026-05-22
2027,-2.90,-0.90,-,-,0.00,-,-,-,-,-,-,-2.00,681,HLBY,HLBY-27,2026-05-22
2028,0.04,2.04,-,-,0.00,-,-,-,-,-,-,1.03,305,HLBY,HLBY-28,2026-05-22
2029,-0.44,2.26,-,-,0.00,-,-,-,-,-,-,0.91,79,HLBY,HLBY-29,2026-05-22
2030,-0.52,2.18,-,-,0.00,-,-,-,-,-,-,0.83,0,HLBY,HLBY-30,2026-05-22
Q3 2026,-6.25,-4.43,-,-,0.00,-,-,-,-,-,-,-6.00,836,HLBQ,HLBQ3-26,2026-05-22
Q4 2026,-3.53,-1.50,-,-,0.00,-,-,-,-,-,-,-2.32,922,HLBQ,HLBQ4-26,2026-05-22
Q1 2027,-0.81,1.82,-,-,0.00,-,-,-,-,-,-,0.40,135,HLBQ,HLBQ1-27,2026-05-22
Q2 2027,-3.68,-0.97,-,-,0.00,-,-,-,-,-,-,-2.40,2,HLBQ,HLBQ2-27,2026-05-22
May 2026,-,-,-,-,0.00,-,-,-,-,-,-,-23.96,"1,071",HLBM,HLBMMAY-26,2026-05-22
Jun 2026,-15.79,-14.00,-,-,0.00,-,-,-,-,-,-,-14.75,"1,008",HLBM,HLBMJUN-26,2026-05-22
Jul 2026,-16.07,-13.36,-,-,0.00,-,-,-,-,-,-,-15.00,92,HLBM,HLBMJUL-26,2026-05-22
Aug 2026,-9.51,-6.80,-,-,0.00,-,-,-,-,-,-,-8.42,14,HLBM,HLBMAUG-26,2026-05-22
2027,48.50,49.77,-,-,0.00,-,-,-,-,-,-,49.26,"3,721",NSBY,NSBY-27,2026-05-22
2028,42.63,44.25,-,-,0.00,-,-,-,-,-,-,43.75,"1,596",NSBY,NSBY-28,2026-05-22
2029,43.50,44.25,-,-,0.00,-,-,-,-,-,-,43.80,640,NSBY,NSBY-29,2026-05-22
2030,43.71,46.39,-,-,0.00,-,-,-,-,-,-,45.10,288,NSBY,NSBY-30,2026-05-22
2031,45.81,48.49,-,-,0.00,-,-,-,-,-,-,47.20,145,NSBY,NSBY-31,2026-05-22
2032,-,-,-,-,0.00,-,-,-,-,-,-,48.38,53,NSBY,NSBY-32,2026-05-22
2033,-,-,-,-,0.00,-,-,-,-,-,-,48.88,1,NSBY,NSBY-33,2026-05-22
2034,-,-,-,-,0.00,-,-,-,-,-,-,49.38,1,NSBY,NSBY-34,2026-05-22
2035,-,-,-,-,0.00,-,-,-,-,-,-,49.88,0,NSBY,NSBY-35,2026-05-22
2036,-,-,-,-,0.00,-,-,-,-,-,-,50.13,0,NSBY,NSBY-36,2026-05-22
Q3 2026,56.50,57.40,57.25,09:03,-0.72,2,-,2,57.25,57.25,57.25,57.97,"5,310",NSBQ,NSBQ3-26,2026-05-22
Q4 2026,74.45,76.30,75.85,09:02,-0.50,1,-,1,75.85,75.85,75.85,76.35,"4,336",NSBQ,NSBQ4-26,2026-05-22
Q1 2027,80.00,81.75,-,-,0.00,-,-,-,-,-,-,81.25,963,NSBQ,NSBQ1-27,2026-05-22
Q2 2027,35.77,38.00,-,-,0.00,-,-,-,-,-,-,37.30,283,NSBQ,NSBQ2-27,2026-05-22
Q3 2027,27.00,29.30,-,-,0.00,-,-,-,-,-,-,28.20,276,NSBQ,NSBQ3-27,2026-05-22
Q4 2027,49.93,52.61,-,-,0.00,-,-,-,-,-,-,51.45,333,NSBQ,NSBQ4-27,2026-05-22
Q1 2028,66.60,69.28,-,-,0.00,-,-,-,-,-,-,68.12,129,NSBQ,NSBQ1-28,2026-05-22
Q2 2028,31.81,34.49,-,-,0.00,-,-,-,-,-,-,33.28,32,NSBQ,NSBQ2-28,2026-05-22
Q3 2028,23.03,25.71,-,-,0.00,-,-,-,-,-,-,24.50,35,NSBQ,NSBQ3-28,2026-05-22
Q4 2028,47.93,50.61,-,-,0.00,-,-,-,-,-,-,49.40,69,NSBQ,NSBQ4-28,2026-05-22
May 2026,-,-,-,-,0.00,-,-,-,-,-,-,75.75,"4,775",NSBM,NSBMMAY-26,2026-05-22
Jun 2026,57.50,58.00,-,-,0.00,-,-,-,-,-,-,58.83,"5,345",NSBM,NSBMJUN-26,2026-05-22
Jul 2026,50.00,50.50,-,-,0.00,-,-,-,-,-,-,50.91,732,NSBM,NSBMJUL-26,2026-05-22
Aug 2026,54.37,57.95,-,-,0.00,-,-,-,-,-,-,57.05,210,NSBM,NSBMAUG-26,2026-05-22
Sep 2026,64.75,66.39,-,-,0.00,-,-,-,-,-,-,65.25,137,NSBM,NSBMSEP-26,2026-05-22
Oct 2026,63.05,66.44,-,-,0.00,-,-,-,-,-,-,65.25,78,NSBM,NSBMOCT-26,2026-05-22
Nov 2026,75.01,78.48,-,-,0.00,-,-,-,-,-,-,77.25,6,NSBM,NSBMNOV-26,2026-05-22
2027,-2.88,-0.88,-,-,0.00,-,-,-,-,-,-,-2.00,681,HLBY,HLBY-27,2026-05-22
2028,0.03,2.03,-,-,0.00,-,-,-,-,-,-,1.03,305,HLBY,HLBY-28,2026-05-22
2029,-0.44,2.26,-,-,0.00,-,-,-,-,-,-,0.91,79,HLBY,HLBY-29,2026-05-22
2030,-0.52,2.18,-,-,0.00,-,-,-,-,-,-,0.83,0,HLBY,HLBY-30,2026-05-22
Q3 2026,-6.25,-4.43,-,-,0.00,-,-,-,-,-,-,-6.00,836,HLBQ,HLBQ3-26,2026-05-22
Q4 2026,-3.53,-1.50,-,-,0.00,-,-,-,-,-,-,-2.32,922,HLBQ,HLBQ4-26,2026-05-22
Q1 2027,-0.75,1.82,-,-,0.00,-,-,-,-,-,-,0.40,135,HLBQ,HLBQ1-27,2026-05-22
Q2 2027,-3.68,-0.97,-,-,0.00,-,-,-,-,-,-,-2.40,2,HLBQ,HLBQ2-27,2026-05-22
May 2026,-,-,-,-,0.00,-,-,-,-,-,-,-23.96,"1,071",HLBM,HLBMMAY-26,2026-05-22
Jun 2026,-15.69,-14.00,-,-,0.00,-,-,-,-,-,-,-14.75,"1,008",HLBM,HLBMJUN-26,2026-05-22
Jul 2026,-16.07,-13.36,-,-,0.00,-,-,-,-,-,-,-15.00,92,HLBM,HLBMJUL-26,2026-05-22
Aug 2026,-9.51,-6.80,-,-,0.00,-,-,-,-,-,-,-8.42,14,HLBM,HLBMAUG-26,2026-05-22
2027,48.50,49.20,-,-,0.00,-,-,-,-,-,-,49.26,"3,721",NSBY,NSBY-27,2026-05-22
2028,42.63,44.25,-,-,0.00,-,-,-,-,-,-,43.75,"1,596",NSBY,NSBY-28,2026-05-22
2029,43.50,44.25,-,-,0.00,-,-,-,-,-,-,43.80,640,NSBY,NSBY-29,2026-05-22
2030,43.71,46.39,-,-,0.00,-,-,-,-,-,-,45.10,288,NSBY,NSBY-30,2026-05-22
2031,45.81,48.49,-,-,0.00,-,-,-,-,-,-,47.20,145,NSBY,NSBY-31,2026-05-22
2032,-,-,-,-,0.00,-,-,-,-,-,-,48.38,53,NSBY,NSBY-32,2026-05-22
2033,-,-,-,-,0.00,-,-,-,-,-,-,48.88,1,NSBY,NSBY-33,2026-05-22
2034,-,-,-,-,0.00,-,-,-,-,-,-,49.38,1,NSBY,NSBY-34,2026-05-22
2035,-,-,-,-,0.00,-,-,-,-,-,-,49.88,0,NSBY,NSBY-35,2026-05-22
2036,-,-,-,-,0.00,-,-,-,-,-,-,50.13,0,NSBY,NSBY-36,2026-05-22
Q3 2026,56.50,57.25,57.25,09:03,-0.72,2,-,2,57.25,57.25,57.25,57.97,"5,310",NSBQ,NSBQ3-26,2026-05-22
Q4 2026,75.00,75.85,75.85,09:02,-0.50,1,-,1,75.85,75.85,75.85,76.35,"4,336",NSBQ,NSBQ4-26,2026-05-22
Q1 2027,80.00,81.74,-,-,0.00,-,-,-,-,-,-,81.25,963,NSBQ,NSBQ1-27,2026-05-22
Q2 2027,35.79,38.00,-,-,0.00,-,-,-,-,-,-,37.30,283,NSBQ,NSBQ2-27,2026-05-22
Q3 2027,27.00,29.30,-,-,0.00,-,-,-,-,-,-,28.20,276,NSBQ,NSBQ3-27,2026-05-22
Q4 2027,49.94,52.61,-,-,0.00,-,-,-,-,-,-,51.45,333,NSBQ,NSBQ4-27,2026-05-22
Q1 2028,66.61,69.28,-,-,0.00,-,-,-,-,-,-,68.12,129,NSBQ,NSBQ1-28,2026-05-22
Q2 2028,31.81,34.49,-,-,0.00,-,-,-,-,-,-,33.28,32,NSBQ,NSBQ2-28,2026-05-22
Q3 2028,23.03,25.71,-,-,0.00,-,-,-,-,-,-,24.50,35,NSBQ,NSBQ3-28,2026-05-22
Q4 2028,47.93,50.61,-,-,0.00,-,-,-,-,-,-,49.40,69,NSBQ,NSBQ4-28,2026-05-22
May 2026,71.00,-,-,-,0.00,-,-,-,-,-,-,75.75,"4,775",NSBM,NSBMMAY-26,2026-05-22
Jun 2026,57.25,57.50,57.43,09:04,-1.40,10,-,10,57.50,57.50,57.43,58.83,"5,345",NSBM,NSBMJUN-26,2026-05-22
Jul 2026,50.00,50.25,50.00,09:05,-0.91,7,-,7,50.00,50.00,50.00,50.91,732,NSBM,NSBMJUL-26,2026-05-22
Aug 2026,54.37,57.95,-,-,0.00,-,-,-,-,-,-,57.05,210,NSBM,NSBMAUG-26,2026-05-22
Sep 2026,64.75,66.39,-,-,0.00,-,-,-,-,-,-,65.25,137,NSBM,NSBMSEP-26,2026-05-22
Oct 2026,63.21,66.44,-,-,0.00,-,-,-,-,-,-,65.25,78,NSBM,NSBMOCT-26,2026-05-22
Nov 2026,75.20,78.48,-,-,0.00,-,-,-,-,-,-,77.25,6,NSBM,NSBMNOV-26,2026-05-22
2027,-2.91,-0.91,-,-,0.00,-,-,-,-,-,-,-2.00,681,HLBY,HLBY-27,2026-05-22
2028,0.03,2.03,-,-,0.00,-,-,-,-,-,-,1.03,305,HLBY,HLBY-28,2026-05-22
2029,-0.59,2.41,-,-,0.00,-,-,-,-,-,-,0.91,79,HLBY,HLBY-29,2026-05-22
2030,-0.67,2.33,-,-,0.00,-,-,-,-,-,-,0.83,0,HLBY,HLBY-30,2026-05-22
Q3 2026,-6.25,-4.18,-,-,0.00,-,-,-,-,-,-,-6.00,836,HLBQ,HLBQ3-26,2026-05-22
Q4 2026,-3.81,-1.50,-,-,0.00,-,-,-,-,-,-,-2.32,922,HLBQ,HLBQ4-26,2026-05-22
Q1 2027,-0.83,0.75,-,-,0.00,-,-,-,-,-,-,0.40,135,HLBQ,HLBQ1-27,2026-05-22
Q2 2027,-3.90,-0.90,-,-,0.00,-,-,-,-,-,-,-2.40,2,HLBQ,HLBQ2-27,2026-05-22
May 2026,-,-,-,-,0.00,-,-,-,-,-,-,-23.96,"1,071",HLBM,HLBMMAY-26,2026-05-22
Jun 2026,-15.62,-14.00,-,-,0.00,-,-,-,-,-,-,-14.75,"1,008",HLBM,HLBMJUN-26,2026-05-22
Jul 2026,-16.14,-13.14,-,-,0.00,-,-,-,-,-,-,-15.00,92,HLBM,HLBMJUL-26,2026-05-22
Aug 2026,-9.63,-6.63,-,-,0.00,-,-,-,-,-,-,-8.42,14,HLBM,HLBMAUG-26,2026-05-22
2027,48.50,49.20,-,-,0.00,-,-,-,-,-,-,49.26,"3,721",NSBY,NSBY-27,2026-05-22
2028,42.69,44.25,-,-,0.00,-,-,-,-,-,-,43.75,"1,596",NSBY,NSBY-28,2026-05-22
2029,43.50,44.25,-,-,0.00,-,-,-,-,-,-,43.80,640,NSBY,NSBY-29,2026-05-22
2030,43.59,46.59,-,-,0.00,-,-,-,-,-,-,45.10,288,NSBY,NSBY-30,2026-05-22
2031,45.69,48.69,-,-,0.00,-,-,-,-,-,-,47.20,145,NSBY,NSBY-31,2026-05-22
2032,-,-,-,-,0.00,-,-,-,-,-,-,48.38,53,NSBY,NSBY-32,2026-05-22
2033,-,-,-,-,0.00,-,-,-,-,-,-,48.88,1,NSBY,NSBY-33,2026-05-22
2034,-,-,-,-,0.00,-,-,-,-,-,-,49.38,1,NSBY,NSBY-34,2026-05-22
2035,-,-,-,-,0.00,-,-,-,-,-,-,49.88,0,NSBY,NSBY-35,2026-05-22
2036,-,-,-,-,0.00,-,-,-,-,-,-,50.13,0,NSBY,NSBY-36,2026-05-22
Q3 2026,56.50,57.05,56.50,09:14,-1.47,38,-,38,57.25,57.25,56.50,57.97,"5,310",NSBQ,NSBQ3-26,2026-05-22
Q4 2026,75.00,75.85,75.85,09:02,-0.50,1,-,1,75.85,75.85,75.85,76.35,"4,336",NSBQ,NSBQ4-26,2026-05-22
Q1 2027,80.00,81.75,-,-,0.00,-,-,-,-,-,-,81.25,963,NSBQ,NSBQ1-27,2026-05-22
Q2 2027,35.80,38.00,-,-,0.00,-,-,-,-,-,-,37.30,283,NSBQ,NSBQ2-27,2026-05-22
Q3 2027,27.00,29.65,-,-,0.00,-,-,-,-,-,-,28.20,276,NSBQ,NSBQ3-27,2026-05-22
Q4 2027,49.95,52.00,-,-,0.00,-,-,-,-,-,-,51.45,333,NSBQ,NSBQ4-27,2026-05-22
Q1 2028,66.61,69.60,-,-,0.00,-,-,-,-,-,-,68.12,129,NSBQ,NSBQ1-28,2026-05-22
Q2 2028,31.80,34.75,-,-,0.00,-,-,-,-,-,-,33.28,32,NSBQ,NSBQ2-28,2026-05-22
Q3 2028,23.00,25.95,-,-,0.00,-,-,-,-,-,-,24.50,35,NSBQ,NSBQ3-28,2026-05-22
Q4 2028,47.90,50.85,-,-,0.00,-,-,-,-,-,-,49.40,69,NSBQ,NSBQ4-28,2026-05-22
May 2026,71.00,-,-,-,0.00,-,-,-,-,-,-,75.75,"4,775",NSBM,NSBMMAY-26,2026-05-22
Jun 2026,57.00,57.50,57.25,09:08,-1.58,15,-,15,57.50,57.50,57.25,58.83,"5,345",NSBM,NSBMJUN-26,2026-05-22
Jul 2026,49.60,49.95,50.00,09:07,-0.91,8,-,8,50.00,50.00,50.00,50.91,732,NSBM,NSBMJUL-26,2026-05-22
Aug 2026,54.17,58.17,-,-,0.00,-,-,-,-,-,-,57.05,210,NSBM,NSBMAUG-26,2026-05-22
Sep 2026,64.75,67.21,-,-,0.00,-,-,-,-,-,-,65.25,137,NSBM,NSBMSEP-26,2026-05-22
Oct 2026,63.21,67.21,-,-,0.00,-,-,-,-,-,-,65.25,78,NSBM,NSBMOCT-26,2026-05-22
Nov 2026,75.20,79.20,-,-,0.00,-,-,-,-,-,-,77.25,6,NSBM,NSBMNOV-26,2026-05-22
2027,-2.89,-0.89,-,-,0.00,-,-,-,-,-,-,-2.00,681,HLBY,HLBY-27,2026-05-22
2028,0.03,2.03,-,-,0.00,-,-,-,-,-,-,1.03,305,HLBY,HLBY-28,2026-05-22
2029,-0.59,2.41,-,-,0.00,-,-,-,-,-,-,0.91,79,HLBY,HLBY-29,2026-05-22
2030,-0.67,2.33,-,-,0.00,-,-,-,-,-,-,0.83,0,HLBY,HLBY-30,2026-05-22
Q3 2026,-6.25,-4.18,-,-,0.00,-,-,-,-,-,-,-6.00,836,HLBQ,HLBQ3-26,2026-05-22
Q4 2026,-3.81,-1.50,-,-,0.00,-,-,-,-,-,-,-2.32,922,HLBQ,HLBQ4-26,2026-05-22
Q1 2027,-0.79,0.75,-,-,0.00,-,-,-,-,-,-,0.40,135,HLBQ,HLBQ1-27,2026-05-22
Q2 2027,-3.90,-0.90,-,-,0.00,-,-,-,-,-,-,-2.40,2,HLBQ,HLBQ2-27,2026-05-22
May 2026,-,-,-,-,0.00,-,-,-,-,-,-,-23.96,"1,071",HLBM,HLBMMAY-26,2026-05-22
Jun 2026,-15.62,-14.00,-,-,0.00,-,-,-,-,-,-,-14.75,"1,008",HLBM,HLBMJUN-26,2026-05-22
Jul 2026,-16.14,-13.14,-,-,0.00,-,-,-,-,-,-,-15.00,92,HLBM,HLBMJUL-26,2026-05-22
Aug 2026,-9.60,-6.60,-,-,0.00,-,-,-,-,-,-,-8.42,14,HLBM,HLBMAUG-26,2026-05-22
2027,48.50,49.20,-,-,0.00,-,-,-,-,-,-,49.26,"3,721",NSBY,NSBY-27,2026-05-22
2028,43.00,44.00,-,-,0.00,-,-,-,-,-,-,43.75,"1,596",NSBY,NSBY-28,2026-05-22
2029,43.50,44.25,-,-,0.00,-,-,-,-,-,-,43.80,640,NSBY,NSBY-29,2026-05-22
2030,43.59,46.59,-,-,0.00,-,-,-,-,-,-,45.10,288,NSBY,NSBY-30,2026-05-22
2031,45.69,48.69,-,-,0.00,-,-,-,-,-,-,47.20,145,NSBY,NSBY-31,2026-05-22
2032,-,-,-,-,0.00,-,-,-,-,-,-,48.38,53,NSBY,NSBY-32,2026-05-22
2033,-,-,-,-,0.00,-,-,-,-,-,-,48.88,1,NSBY,NSBY-33,2026-05-22
2034,-,-,-,-,0.00,-,-,-,-,-,-,49.38,1,NSBY,NSBY-34,2026-05-22
2035,-,-,-,-,0.00,-,-,-,-,-,-,49.88,0,NSBY,NSBY-35,2026-05-22
2036,-,-,-,-,0.00,-,-,-,-,-,-,50.13,0,NSBY,NSBY-36,2026-05-22
Q3 2026,56.50,57.00,56.50,09:14,-1.47,38,-,38,57.25,57.25,56.50,57.97,"5,310",NSBQ,NSBQ3-26,2026-05-22
Q4 2026,75.10,75.85,75.85,09:02,-0.50,1,-,1,75.85,75.85,75.85,76.35,"4,336",NSBQ,NSBQ4-26,2026-05-22
Q1 2027,80.00,81.70,-,-,0.00,-,-,-,-,-,-,81.25,963,NSBQ,NSBQ1-27,2026-05-22
Q2 2027,36.05,38.00,-,-,0.00,-,-,-,-,-,-,37.30,283,NSBQ,NSBQ2-27,2026-05-22
Q3 2027,27.00,29.65,-,-,0.00,-,-,-,-,-,-,28.20,276,NSBQ,NSBQ3-27,2026-05-22
Q4 2027,49.95,52.00,-,-,0.00,-,-,-,-,-,-,51.45,333,NSBQ,NSBQ4-27,2026-05-22
Q1 2028,66.61,69.60,-,-,0.00,-,-,-,-,-,-,68.12,129,NSBQ,NSBQ1-28,2026-05-22
Q2 2028,31.80,34.75,-,-,0.00,-,-,-,-,-,-,33.28,32,NSBQ,NSBQ2-28,2026-05-22
Q3 2028,23.00,25.95,-,-,0.00,-,-,-,-,-,-,24.50,35,NSBQ,NSBQ3-28,2026-05-22
Q4 2028,47.90,50.85,-,-,0.00,-,-,-,-,-,-,49.40,69,NSBQ,NSBQ4-28,2026-05-22
May 2026,71.00,-,-,-,0.00,-,-,-,-,-,-,75.75,"4,775",NSBM,NSBMMAY-26,2026-05-22
Jun 2026,57.00,57.50,57.25,09:08,-1.58,15,-,15,57.50,57.50,57.25,58.83,"5,345",NSBM,NSBMJUN-26,2026-05-22
Jul 2026,49.65,49.95,50.00,09:07,-0.91,8,-,8,50.00,50.00,50.00,50.91,732,NSBM,NSBMJUL-26,2026-05-22
Aug 2026,54.25,58.25,-,-,0.00,-,-,-,-,-,-,57.05,210,NSBM,NSBMAUG-26,2026-05-22
Sep 2026,64.75,67.21,-,-,0.00,-,-,-,-,-,-,65.25,137,NSBM,NSBMSEP-26,2026-05-22
Oct 2026,63.21,67.21,-,-,0.00,-,-,-,-,-,-,65.25,78,NSBM,NSBMOCT-26,2026-05-22
Nov 2026,75.20,79.20,-,-,0.00,-,-,-,-,-,-,77.25,6,NSBM,NSBMNOV-26,2026-05-22
2027,-2.92,-1.77,-,-,0.00,-,-,-,-,-,-,-2.00,681,HLBY,HLBY-27,2026-05-22
2028,0.03,2.03,-,-,0.00,-,-,-,-,-,-,1.03,305,HLBY,HLBY-28,2026-05-22
2029,-0.59,2.41,-,-,0.00,-,-,-,-,-,-,0.91,79,HLBY,HLBY-29,2026-05-22
2030,-0.67,2.33,-,-,0.00,-,-,-,-,-,-,0.83,0,HLBY,HLBY-30,2026-05-22
Q3 2026,-6.25,-4.18,-,-,0.00,-,-,-,-,-,-,-6.00,836,HLBQ,HLBQ3-26,2026-05-22
Q4 2026,-3.81,-1.50,-,-,0.00,-,-,-,-,-,-,-2.32,922,HLBQ,HLBQ4-26,2026-05-22
Q1 2027,0.25,0.75,-,-,0.00,-,-,-,-,-,-,0.40,135,HLBQ,HLBQ1-27,2026-05-22
Q2 2027,-3.90,-2.30,-,-,0.00,-,-,-,-,-,-,-2.40,2,HLBQ,HLBQ2-27,2026-05-22
May 2026,-,-,-,-,0.00,-,-,-,-,-,-,-23.96,"1,071",HLBM,HLBMMAY-26,2026-05-22
Jun 2026,-15.62,-14.00,-,-,0.00,-,-,-,-,-,-,-14.75,"1,008",HLBM,HLBMJUN-26,2026-05-22
Jul 2026,-16.14,-13.14,-,-,0.00,-,-,-,-,-,-,-15.00,92,HLBM,HLBMJUL-26,2026-05-22
Aug 2026,-9.74,-6.74,-,-,0.00,-,-,-,-,-,-,-8.42,14,HLBM,HLBMAUG-26,2026-05-22
2027,48.75,49.20,-,-,0.00,-,-,-,-,-,-,49.26,"3,721",NSBY,NSBY-27,2026-05-22
2028,43.00,44.00,-,-,0.00,-,-,-,-,-,-,43.75,"1,596",NSBY,NSBY-28,2026-05-22
2029,43.50,44.25,-,-,0.00,-,-,-,-,-,-,43.80,640,NSBY,NSBY-29,2026-05-22
2030,43.59,46.59,-,-,0.00,-,-,-,-,-,-,45.10,288,NSBY,NSBY-30,2026-05-22
2031,45.69,48.69,-,-,0.00,-,-,-,-,-,-,47.20,145,NSBY,NSBY-31,2026-05-22
2032,-,-,-,-,0.00,-,-,-,-,-,-,48.38,53,NSBY,NSBY-32,2026-05-22
2033,-,-,-,-,0.00,-,-,-,-,-,-,48.88,1,NSBY,NSBY-33,2026-05-22
2034,-,-,-,-,0.00,-,-,-,-,-,-,49.38,1,NSBY,NSBY-34,2026-05-22
2035,-,-,-,-,0.00,-,-,-,-,-,-,49.88,0,NSBY,NSBY-35,2026-05-22
2036,-,-,-,-,0.00,-,-,-,-,-,-,50.13,0,NSBY,NSBY-36,2026-05-22
Q3 2026,56.60,57.00,56.60,09:31,-1.37,43,-,43,57.25,57.25,56.50,57.97,"5,310",NSBQ,NSBQ3-26,2026-05-22
Q4 2026,75.10,75.85,75.85,09:02,-0.50,1,-,1,75.85,75.85,75.85,76.35,"4,336",NSBQ,NSBQ4-26,2026-05-22
Q1 2027,80.00,81.45,-,-,0.00,-,-,-,-,-,-,81.25,963,NSBQ,NSBQ1-27,2026-05-22
Q2 2027,36.05,38.00,-,-,0.00,-,-,-,-,-,-,37.30,283,NSBQ,NSBQ2-27,2026-05-22
Q3 2027,27.00,29.65,-,-,0.00,-,-,-,-,-,-,28.20,276,NSBQ,NSBQ3-27,2026-05-22
Q4 2027,49.95,52.00,-,-,0.00,-,-,-,-,-,-,51.45,333,NSBQ,NSBQ4-27,2026-05-22
Q1 2028,66.61,69.60,-,-,0.00,-,-,-,-,-,-,68.12,129,NSBQ,NSBQ1-28,2026-05-22
Q2 2028,31.80,34.75,-,-,0.00,-,-,-,-,-,-,33.28,32,NSBQ,NSBQ2-28,2026-05-22
Q3 2028,23.00,25.95,-,-,0.00,-,-,-,-,-,-,24.50,35,NSBQ,NSBQ3-28,2026-05-22
Q4 2028,47.90,50.85,-,-,0.00,-,-,-,-,-,-,49.40,69,NSBQ,NSBQ4-28,2026-05-22
May 2026,71.00,-,-,-,0.00,-,-,-,-,-,-,75.75,"4,775",NSBM,NSBMMAY-26,2026-05-22
Jun 2026,57.00,57.45,57.25,09:08,-1.58,15,-,15,57.50,57.50,57.25,58.83,"5,345",NSBM,NSBMJUN-26,2026-05-22
Jul 2026,49.65,50.00,50.00,09:07,-0.91,8,-,8,50.00,50.00,50.00,50.91,732,NSBM,NSBMJUL-26,2026-05-22
Aug 2026,55.75,56.75,-,-,0.00,-,-,-,-,-,-,57.05,210,NSBM,NSBMAUG-26,2026-05-22
Sep 2026,64.75,67.21,-,-,0.00,-,-,-,-,-,-,65.25,137,NSBM,NSBMSEP-26,2026-05-22
Oct 2026,63.21,67.21,-,-,0.00,-,-,-,-,-,-,65.25,78,NSBM,NSBMOCT-26,2026-05-22
Nov 2026,75.20,79.20,-,-,0.00,-,-,-,-,-,-,77.25,6,NSBM,NSBMNOV-26,2026-05-22
2027,-2.90,-1.77,-,-,0.00,-,-,-,-,-,-,-2.00,681,HLBY,HLBY-27,2026-05-22
2028,0.03,2.03,-,-,0.00,-,-,-,-,-,-,1.03,305,HLBY,HLBY-28,2026-05-22
2029,-0.59,2.41,-,-,0.00,-,-,-,-,-,-,0.91,79,HLBY,HLBY-29,2026-05-22
2030,-0.67,2.33,-,-,0.00,-,-,-,-,-,-,0.83,0,HLBY,HLBY-30,2026-05-22
Q3 2026,-6.25,-4.18,-,-,0.00,-,-,-,-,-,-,-6.00,836,HLBQ,HLBQ3-26,2026-05-22
Q4 2026,-3.81,-1.50,-,-,0.00,-,-,-,-,-,-,-2.32,922,HLBQ,HLBQ4-26,2026-05-22
Q1 2027,0.25,0.75,-,-,0.00,-,-,-,-,-,-,0.40,135,HLBQ,HLBQ1-27,2026-05-22
Q2 2027,-3.90,-2.30,-,-,0.00,-,-,-,-,-,-,-2.40,2,HLBQ,HLBQ2-27,2026-05-22
May 2026,-,-,-,-,0.00,-,-,-,-,-,-,-23.96,"1,071",HLBM,HLBMMAY-26,2026-05-22
Jun 2026,-15.62,-14.00,-,-,0.00,-,-,-,-,-,-,-14.75,"1,008",HLBM,HLBMJUN-26,2026-05-22
Jul 2026,-16.14,-13.14,-,-,0.00,-,-,-,-,-,-,-15.00,92,HLBM,HLBMJUL-26,2026-05-22
Aug 2026,-9.74,-6.74,-,-,0.00,-,-,-,-,-,-,-8.42,14,HLBM,HLBMAUG-26,2026-05-22
2027,48.75,49.20,-,-,0.00,-,-,-,-,-,-,49.26,"3,721",NSBY,NSBY-27,2026-05-22
2028,43.00,44.00,-,-,0.00,-,-,-,-,-,-,43.75,"1,596",NSBY,NSBY-28,2026-05-22
2029,43.50,44.25,-,-,0.00,-,-,-,-,-,-,43.80,640,NSBY,NSBY-29,2026-05-22
2030,43.59,46.59,-,-,0.00,-,-,-,-,-,-,45.10,288,NSBY,NSBY-30,2026-05-22
2031,45.69,48.69,-,-,0.00,-,-,-,-,-,-,47.20,145,NSBY,NSBY-31,2026-05-22
2032,-,-,-,-,0.00,-,-,-,-,-,-,48.38,53,NSBY,NSBY-32,2026-05-22
2033,-,-,-,-,0.00,-,-,-,-,-,-,48.88,1,NSBY,NSBY-33,2026-05-22
2034,-,-,-,-,0.00,-,-,-,-,-,-,49.38,1,NSBY,NSBY-34,2026-05-22
2035,-,-,-,-,0.00,-,-,-,-,-,-,49.88,0,NSBY,NSBY-35,2026-05-22
2036,-,-,-,-,0.00,-,-,-,-,-,-,50.13,0,NSBY,NSBY-36,2026-05-22
Q3 2026,56.60,57.00,56.60,09:36,-1.37,48,-,48,57.25,57.25,56.50,57.97,"5,310",NSBQ,NSBQ3-26,2026-05-22
Q4 2026,75.10,75.85,75.85,09:02,-0.50,1,-,1,75.85,75.85,75.85,76.35,"4,336",NSBQ,NSBQ4-26,2026-05-22
Q1 2027,80.25,81.45,-,-,0.00,-,-,-,-,-,-,81.25,963,NSBQ,NSBQ1-27,2026-05-22
Q2 2027,36.05,38.00,-,-,0.00,-,-,-,-,-,-,37.30,283,NSBQ,NSBQ2-27,2026-05-22
Q3 2027,27.00,29.65,-,-,0.00,-,-,-,-,-,-,28.20,276,NSBQ,NSBQ3-27,2026-05-22
Q4 2027,49.95,52.00,-,-,0.00,-,-,-,-,-,-,51.45,333,NSBQ,NSBQ4-27,2026-05-22
Q1 2028,66.61,69.60,-,-,0.00,-,-,-,-,-,-,68.12,129,NSBQ,NSBQ1-28,2026-05-22
Q2 2028,31.80,34.75,-,-,0.00,-,-,-,-,-,-,33.28,32,NSBQ,NSBQ2-28,2026-05-22
Q3 2028,23.00,25.95,-,-,0.00,-,-,-,-,-,-,24.50,35,NSBQ,NSBQ3-28,2026-05-22
Q4 2028,47.90,50.85,-,-,0.00,-,-,-,-,-,-,49.40,69,NSBQ,NSBQ4-28,2026-05-22
May 2026,71.00,-,-,-,0.00,-,-,-,-,-,-,75.75,"4,775",NSBM,NSBMMAY-26,2026-05-22
Jun 2026,57.00,57.40,57.25,09:08,-1.58,15,-,15,57.50,57.50,57.25,58.83,"5,345",NSBM,NSBMJUN-26,2026-05-22
Jul 2026,49.70,50.00,50.00,09:07,-0.91,8,-,8,50.00,50.00,50.00,50.91,732,NSBM,NSBMJUL-26,2026-05-22
Aug 2026,55.75,56.75,-,-,0.00,-,-,-,-,-,-,57.05,210,NSBM,NSBMAUG-26,2026-05-22
Sep 2026,64.75,67.21,-,-,0.00,-,-,-,-,-,-,65.25,137,NSBM,NSBMSEP-26,2026-05-22
Oct 2026,63.21,67.21,-,-,0.00,-,-,-,-,-,-,65.25,78,NSBM,NSBMOCT-26,2026-05-22
Nov 2026,75.20,79.20,-,-,0.00,-,-,-,-,-,-,77.25,6,NSBM,NSBMNOV-26,2026-05-22
2027,-2.91,-1.77,-,-,0.00,-,-,-,-,-,-,-2.00,681,HLBY,HLBY-27,2026-05-22
2028,0.03,2.03,-,-,0.00,-,-,-,-,-,-,1.03,305,HLBY,HLBY-28,2026-05-22
2029,-0.59,2.41,-,-,0.00,-,-,-,-,-,-,0.91,79,HLBY,HLBY-29,2026-05-22
2030,-0.67,2.33,-,-,0.00,-,-,-,-,-,-,0.83,0,HLBY,HLBY-30,2026-05-22
Q3 2026,-6.25,-4.18,-,-,0.00,-,-,-,-,-,-,-6.00,836,HLBQ,HLBQ3-26,2026-05-22
Q4 2026,-3.81,-1.50,-,-,0.00,-,-,-,-,-,-,-2.32,922,HLBQ,HLBQ4-26,2026-05-22
Q1 2027,0.25,0.75,-,-,0.00,-,-,-,-,-,-,0.40,135,HLBQ,HLBQ1-27,2026-05-22
Q2 2027,-3.90,-2.30,-,-,0.00,-,-,-,-,-,-,-2.40,2,HLBQ,HLBQ2-27,2026-05-22
May 2026,-,-,-,-,0.00,-,-,-,-,-,-,-23.96,"1,071",HLBM,HLBMMAY-26,2026-05-22
Jun 2026,-15.62,-14.00,-,-,0.00,-,-,-,-,-,-,-14.75,"1,008",HLBM,HLBMJUN-26,2026-05-22
Jul 2026,-16.14,-13.14,-,-,0.00,-,-,-,-,-,-,-15.00,92,HLBM,HLBMJUL-26,2026-05-22
Aug 2026,-9.74,-6.74,-,-,0.00,-,-,-,-,-,-,-8.42,14,HLBM,HLBMAUG-26,2026-05-22
2027,48.75,49.15,-,-,0.00,-,-,-,-,-,-,49.26,"3,721",NSBY,NSBY-27,2026-05-22
2028,43.05,44.00,-,-,0.00,-,-,-,-,-,-,43.75,"1,596",NSBY,NSBY-28,2026-05-22
2029,43.50,44.25,-,-,0.00,-,-,-,-,-,-,43.80,640,NSBY,NSBY-29,2026-05-22
2030,43.59,46.59,-,-,0.00,-,-,-,-,-,-,45.10,288,NSBY,NSBY-30,2026-05-22
2031,45.69,48.69,-,-,0.00,-,-,-,-,-,-,47.20,145,NSBY,NSBY-31,2026-05-22
2032,-,-,-,-,0.00,-,-,-,-,-,-,48.38,53,NSBY,NSBY-32,2026-05-22
2033,-,-,-,-,0.00,-,-,-,-,-,-,48.88,1,NSBY,NSBY-33,2026-05-22
2034,-,-,-,-,0.00,-,-,-,-,-,-,49.38,1,NSBY,NSBY-34,2026-05-22
2035,-,-,-,-,0.00,-,-,-,-,-,-,49.88,0,NSBY,NSBY-35,2026-05-22
2036,-,-,-,-,0.00,-,-,-,-,-,-,50.13,0,NSBY,NSBY-36,2026-05-22
Q3 2026,56.60,57.00,56.60,09:44,-1.37,50,-,50,57.25,57.25,56.50,57.97,"5,310",NSBQ,NSBQ3-26,2026-05-22
Q4 2026,75.10,75.70,75.85,09:02,-0.50,1,-,1,75.85,75.85,75.85,76.35,"4,336",NSBQ,NSBQ4-26,2026-05-22
Q1 2027,80.25,81.45,-,-,0.00,-,-,-,-,-,-,81.25,963,NSBQ,NSBQ1-27,2026-05-22
Q2 2027,36.05,38.00,-,-,0.00,-,-,-,-,-,-,37.30,283,NSBQ,NSBQ2-27,2026-05-22
Q3 2027,27.00,29.65,-,-,0.00,-,-,-,-,-,-,28.20,276,NSBQ,NSBQ3-27,2026-05-22
Q4 2027,49.95,52.00,-,-,0.00,-,-,-,-,-,-,51.45,333,NSBQ,NSBQ4-27,2026-05-22
Q1 2028,66.61,69.60,-,-,0.00,-,-,-,-,-,-,68.12,129,NSBQ,NSBQ1-28,2026-05-22
Q2 2028,31.80,34.75,-,-,0.00,-,-,-,-,-,-,33.28,32,NSBQ,NSBQ2-28,2026-05-22
Q3 2028,23.00,25.95,-,-,0.00,-,-,-,-,-,-,24.50,35,NSBQ,NSBQ3-28,2026-05-22
Q4 2028,47.90,50.85,-,-,0.00,-,-,-,-,-,-,49.40,69,NSBQ,NSBQ4-28,2026-05-22
May 2026,71.00,-,-,-,0.00,-,-,-,-,-,-,75.75,"4,775",NSBM,NSBMMAY-26,2026-05-22
Jun 2026,57.00,57.40,57.25,09:08,-1.58,15,-,15,57.50,57.50,57.25,58.83,"5,345",NSBM,NSBMJUN-26,2026-05-22
Jul 2026,49.70,49.95,50.00,09:07,-0.91,8,-,8,50.00,50.00,50.00,50.91,732,NSBM,NSBMJUL-26,2026-05-22
Aug 2026,55.75,56.75,-,-,0.00,-,-,-,-,-,-,57.05,210,NSBM,NSBMAUG-26,2026-05-22
Sep 2026,64.75,67.21,-,-,0.00,-,3,3,-,-,-,65.25,137,NSBM,NSBMSEP-26,2026-05-22
Oct 2026,63.21,67.21,-,-,0.00,-,3,3,-,-,-,65.25,78,NSBM,NSBMOCT-26,2026-05-22
Nov 2026,75.20,79.20,-,-,0.00,-,-,-,-,-,-,77.25,6,NSBM,NSBMNOV-26,2026-05-22
2027,-2.92,-1.77,-,-,0.00,-,-,-,-,-,-,-2.00,681,HLBY,HLBY-27,2026-05-22
2028,0.03,2.03,-,-,0.00,-,-,-,-,-,-,1.03,305,HLBY,HLBY-28,2026-05-22
2029,-0.59,2.41,-,-,0.00,-,-,-,-,-,-,0.91,79,HLBY,HLBY-29,2026-05-22
2030,-0.67,2.33,-,-,0.00,-,-,-,-,-,-,0.83,0,HLBY,HLBY-30,2026-05-22
Q3 2026,-6.25,-4.18,-,-,0.00,-,-,-,-,-,-,-6.00,836,HLBQ,HLBQ3-26,2026-05-22
Q4 2026,-3.81,-1.50,-,-,0.00,-,-,-,-,-,-,-2.32,922,HLBQ,HLBQ4-26,2026-05-22
Q1 2027,0.25,0.75,-,-,0.00,-,-,-,-,-,-,0.40,135,HLBQ,HLBQ1-27,2026-05-22
Q2 2027,-3.90,-2.30,-,-,0.00,-,-,-,-,-,-,-2.40,2,HLBQ,HLBQ2-27,2026-05-22
May 2026,-,-,-,-,0.00,-,-,-,-,-,-,-23.96,"1,071",HLBM,HLBMMAY-26,2026-05-22
Jun 2026,-15.62,-14.00,-,-,0.00,-,-,-,-,-,-,-14.75,"1,008",HLBM,HLBMJUN-26,2026-05-22
Jul 2026,-16.14,-13.14,-,-,0.00,-,-,-,-,-,-,-15.00,92,HLBM,HLBMJUL-26,2026-05-22
Aug 2026,-9.77,-6.77,-,-,0.00,-,-,-,-,-,-,-8.42,14,HLBM,HLBMAUG-26,2026-05-22
2027,48.75,49.15,-,-,0.00,-,-,-,-,-,-,49.26,"3,721",NSBY,NSBY-27,2026-05-22
2028,43.05,44.00,-,-,0.00,-,-,-,-,-,-,43.75,"1,596",NSBY,NSBY-28,2026-05-22
2029,43.50,44.25,-,-,0.00,-,-,-,-,-,-,43.80,640,NSBY,NSBY-29,2026-05-22
2030,43.59,46.59,-,-,0.00,-,-,-,-,-,-,45.10,288,NSBY,NSBY-30,2026-05-22
2031,45.69,48.69,-,-,0.00,-,-,-,-,-,-,47.20,145,NSBY,NSBY-31,2026-05-22
2032,-,-,-,-,0.00,-,-,-,-,-,-,48.38,53,NSBY,NSBY-32,2026-05-22
2033,-,-,-,-,0.00,-,-,-,-,-,-,48.88,1,NSBY,NSBY-33,2026-05-22
2034,-,-,-,-,0.00,-,-,-,-,-,-,49.38,1,NSBY,NSBY-34,2026-05-22
2035,-,-,-,-,0.00,-,-,-,-,-,-,49.88,0,NSBY,NSBY-35,2026-05-22
2036,-,-,-,-,0.00,-,-,-,-,-,-,50.13,0,NSBY,NSBY-36,2026-05-22
Q3 2026,56.60,57.00,56.60,09:44,-1.37,50,-,50,57.25,57.25,56.50,57.97,"5,310",NSBQ,NSBQ3-26,2026-05-22
Q4 2026,75.10,75.70,75.85,09:02,-0.50,1,-,1,75.85,75.85,75.85,76.35,"4,336",NSBQ,NSBQ4-26,2026-05-22
Q1 2027,80.25,81.45,-,-,0.00,-,-,-,-,-,-,81.25,963,NSBQ,NSBQ1-27,2026-05-22
Q2 2027,36.05,38.00,-,-,0.00,-,-,-,-,-,-,37.30,283,NSBQ,NSBQ2-27,2026-05-22
Q3 2027,27.00,29.65,-,-,0.00,-,-,-,-,-,-,28.20,276,NSBQ,NSBQ3-27,2026-05-22
Q4 2027,49.95,52.00,-,-,0.00,-,-,-,-,-,-,51.45,333,NSBQ,NSBQ4-27,2026-05-22
Q1 2028,66.61,69.60,-,-,0.00,-,-,-,-,-,-,68.12,129,NSBQ,NSBQ1-28,2026-05-22
Q2 2028,31.80,34.75,-,-,0.00,-,-,-,-,-,-,33.28,32,NSBQ,NSBQ2-28,2026-05-22
Q3 2028,23.00,25.95,-,-,0.00,-,-,-,-,-,-,24.50,35,NSBQ,NSBQ3-28,2026-05-22
Q4 2028,47.90,50.85,-,-,0.00,-,-,-,-,-,-,49.40,69,NSBQ,NSBQ4-28,2026-05-22
May 2026,71.00,-,-,-,0.00,-,-,-,-,-,-,75.75,"4,775",NSBM,NSBMMAY-26,2026-05-22
Jun 2026,57.00,57.40,57.25,09:48,-1.58,20,-,20,57.50,57.50,57.25,58.83,"5,345",NSBM,NSBMJUN-26,2026-05-22
Jul 2026,49.70,49.95,50.00,09:07,-0.91,8,-,8,50.00,50.00,50.00,50.91,732,NSBM,NSBMJUL-26,2026-05-22
Aug 2026,55.75,56.75,-,-,0.00,-,-,-,-,-,-,57.05,210,NSBM,NSBMAUG-26,2026-05-22
Sep 2026,64.75,67.21,-,-,0.00,-,3,3,-,-,-,65.25,137,NSBM,NSBMSEP-26,2026-05-22
Oct 2026,63.21,67.21,-,-,0.00,-,3,3,-,-,-,65.25,78,NSBM,NSBMOCT-26,2026-05-22
Nov 2026,75.20,79.20,-,-,0.00,-,-,-,-,-,-,77.25,6,NSBM,NSBMNOV-26,2026-05-22
2027,-2.93,-1.77,-,-,0.00,-,-,-,-,-,-,-2.00,681,HLBY,HLBY-27,2026-05-22
2028,0.03,2.03,-,-,0.00,-,-,-,-,-,-,1.03,305,HLBY,HLBY-28,2026-05-22
2029,-0.59,2.41,-,-,0.00,-,-,-,-,-,-,0.91,79,HLBY,HLBY-29,2026-05-22
2030,-0.67,2.33,-,-,0.00,-,-,-,-,-,-,0.83,0,HLBY,HLBY-30,2026-05-22
Q3 2026,-6.25,-4.18,-,-,0.00,-,-,-,-,-,-,-6.00,836,HLBQ,HLBQ3-26,2026-05-22
Q4 2026,-3.81,-1.50,-,-,0.00,-,-,-,-,-,-,-2.32,922,HLBQ,HLBQ4-26,2026-05-22
Q1 2027,0.25,0.75,-,-,0.00,-,-,-,-,-,-,0.40,135,HLBQ,HLBQ1-27,2026-05-22
Q2 2027,-3.90,-2.30,-,-,0.00,-,-,-,-,-,-,-2.40,2,HLBQ,HLBQ2-27,2026-05-22
May 2026,-,-,-,-,0.00,-,-,-,-,-,-,-23.96,"1,071",HLBM,HLBMMAY-26,2026-05-22
Jun 2026,-15.62,-14.00,-,-,0.00,-,-,-,-,-,-,-14.75,"1,008",HLBM,HLBMJUN-26,2026-05-22
Jul 2026,-16.14,-13.14,-,-,0.00,-,-,-,-,-,-,-15.00,92,HLBM,HLBMJUL-26,2026-05-22
Aug 2026,-9.80,-6.80,-,-,0.00,-,-,-,-,-,-,-8.42,14,HLBM,HLBMAUG-26,2026-05-22
2027,48.75,49.15,-,-,0.00,-,-,-,-,-,-,49.26,"3,721",NSBY,NSBY-27,2026-05-22
2028,43.05,44.00,-,-,0.00,-,-,-,-,-,-,43.75,"1,596",NSBY,NSBY-28,2026-05-22
2029,43.50,44.25,-,-,0.00,-,-,-,-,-,-,43.80,640,NSBY,NSBY-29,2026-05-22
2030,43.59,46.59,-,-,0.00,-,-,-,-,-,-,45.10,288,NSBY,NSBY-30,2026-05-22
2031,45.69,48.69,-,-,0.00,-,-,-,-,-,-,47.20,145,NSBY,NSBY-31,2026-05-22
2032,-,-,-,-,0.00,-,-,-,-,-,-,48.38,53,NSBY,NSBY-32,2026-05-22
2033,-,-,-,-,0.00,-,-,-,-,-,-,48.88,1,NSBY,NSBY-33,2026-05-22
2034,-,-,-,-,0.00,-,-,-,-,-,-,49.38,1,NSBY,NSBY-34,2026-05-22
2035,-,-,-,-,0.00,-,-,-,-,-,-,49.88,0,NSBY,NSBY-35,2026-05-22
2036,-,-,-,-,0.00,-,-,-,-,-,-,50.13,0,NSBY,NSBY-36,2026-05-22
Q3 2026,56.60,57.00,56.60,09:44,-1.37,50,-,50,57.25,57.25,56.50,57.97,"5,310",NSBQ,NSBQ3-26,2026-05-22
Q4 2026,75.10,75.70,75.85,09:02,-0.50,1,-,1,75.85,75.85,75.85,76.35,"4,336",NSBQ,NSBQ4-26,2026-05-22
Q1 2027,80.25,81.45,-,-,0.00,-,-,-,-,-,-,81.25,963,NSBQ,NSBQ1-27,2026-05-22
Q2 2027,36.05,38.00,-,-,0.00,-,-,-,-,-,-,37.30,283,NSBQ,NSBQ2-27,2026-05-22
Q3 2027,27.00,29.65,-,-,0.00,-,-,-,-,-,-,28.20,276,NSBQ,NSBQ3-27,2026-05-22
Q4 2027,49.95,52.00,-,-,0.00,-,-,-,-,-,-,51.45,333,NSBQ,NSBQ4-27,2026-05-22
Q1 2028,66.61,69.60,-,-,0.00,-,-,-,-,-,-,68.12,129,NSBQ,NSBQ1-28,2026-05-22
Q2 2028,31.80,34.75,-,-,0.00,-,-,-,-,-,-,33.28,32,NSBQ,NSBQ2-28,2026-05-22
Q3 2028,23.00,25.95,-,-,0.00,-,-,-,-,-,-,24.50,35,NSBQ,NSBQ3-28,2026-05-22
Q4 2028,47.90,50.85,-,-,0.00,-,-,-,-,-,-,49.40,69,NSBQ,NSBQ4-28,2026-05-22
May 2026,71.00,-,-,-,0.00,-,-,-,-,-,-,75.75,"4,775",NSBM,NSBMMAY-26,2026-05-22
Jun 2026,57.00,57.40,57.25,09:48,-1.58,20,-,20,57.50,57.50,57.25,58.83,"5,345",NSBM,NSBMJUN-26,2026-05-22
Jul 2026,49.70,49.95,50.00,09:07,-0.91,8,-,8,50.00,50.00,50.00,50.91,732,NSBM,NSBMJUL-26,2026-05-22
Aug 2026,55.75,56.75,-,-,0.00,-,-,-,-,-,-,57.05,210,NSBM,NSBMAUG-26,2026-05-22
Sep 2026,64.75,67.21,-,-,0.00,-,3,3,-,-,-,65.25,137,NSBM,NSBMSEP-26,2026-05-22
Oct 2026,63.21,67.21,-,-,0.00,-,3,3,-,-,-,65.25,78,NSBM,NSBMOCT-26,2026-05-22
Nov 2026,75.20,79.20,-,-,0.00,-,-,-,-,-,-,77.25,6,NSBM,NSBMNOV-26,2026-05-22
2027,-2.94,-1.77,-,-,0.00,-,-,-,-,-,-,-2.00,681,HLBY,HLBY-27,2026-05-22
2028,0.03,2.03,-,-,0.00,-,-,-,-,-,-,1.03,305,HLBY,HLBY-28,2026-05-22
2029,-0.59,2.41,-,-,0.00,-,-,-,-,-,-,0.91,79,HLBY,HLBY-29,2026-05-22
2030,-0.67,2.33,-,-,0.00,-,-,-,-,-,-,0.83,0,HLBY,HLBY-30,2026-05-22
Q3 2026,-6.25,-4.18,-,-,0.00,-,-,-,-,-,-,-6.00,836,HLBQ,HLBQ3-26,2026-05-22
Q4 2026,-3.81,-1.50,-,-,0.00,-,-,-,-,-,-,-2.32,922,HLBQ,HLBQ4-26,2026-05-22
Q1 2027,0.25,0.75,-,-,0.00,-,-,-,-,-,-,0.40,135,HLBQ,HLBQ1-27,2026-05-22
Q2 2027,-3.90,-2.30,-,-,0.00,-,-,-,-,-,-,-2.40,2,HLBQ,HLBQ2-27,2026-05-22
May 2026,-,-,-,-,0.00,-,-,-,-,-,-,-23.96,"1,071",HLBM,HLBMMAY-26,2026-05-22
Jun 2026,-15.68,-14.00,-,-,0.00,-,-,-,-,-,-,-14.75,"1,008",HLBM,HLBMJUN-26,2026-05-22
Jul 2026,-16.14,-13.14,-,-,0.00,-,-,-,-,-,-,-15.00,92,HLBM,HLBMJUL-26,2026-05-22
Aug 2026,-9.82,-6.82,-,-,0.00,-,-,-,-,-,-,-8.42,14,HLBM,HLBMAUG-26,2026-05-22
2027,48.75,49.15,-,-,0.00,-,-,-,-,-,-,49.26,"3,721",NSBY,NSBY-27,2026-05-22
2028,43.05,44.00,-,-,0.00,-,-,-,-,-,-,43.75,"1,596",NSBY,NSBY-28,2026-05-22
2029,43.50,44.25,-,-,0.00,-,-,-,-,-,-,43.80,640,NSBY,NSBY-29,2026-05-22
2030,43.59,46.59,-,-,0.00,-,-,-,-,-,-,45.10,288,NSBY,NSBY-30,2026-05-22
2031,45.69,48.69,-,-,0.00,-,-,-,-,-,-,47.20,145,NSBY,NSBY-31,2026-05-22
2032,-,-,-,-,0.00,-,-,-,-,-,-,48.38,53,NSBY,NSBY-32,2026-05-22
2033,-,-,-,-,0.00,-,-,-,-,-,-,48.88,1,NSBY,NSBY-33,2026-05-22
2034,-,-,-,-,0.00,-,-,-,-,-,-,49.38,1,NSBY,NSBY-34,2026-05-22
2035,-,-,-,-,0.00,-,-,-,-,-,-,49.88,0,NSBY,NSBY-35,2026-05-22
2036,-,-,-,-,0.00,-,-,-,-,-,-,50.13,0,NSBY,NSBY-36,2026-05-22
Q3 2026,56.60,57.00,56.60,09:44,-1.37,50,-,50,57.25,57.25,56.50,57.97,"5,310",NSBQ,NSBQ3-26,2026-05-22
Q4 2026,75.10,75.70,75.85,09:02,-0.50,1,-,1,75.85,75.85,75.85,76.35,"4,336",NSBQ,NSBQ4-26,2026-05-22
Q1 2027,80.25,81.45,-,-,0.00,-,-,-,-,-,-,81.25,963,NSBQ,NSBQ1-27,2026-05-22
Q2 2027,36.05,38.00,-,-,0.00,-,-,-,-,-,-,37.30,283,NSBQ,NSBQ2-27,2026-05-22
Q3 2027,27.00,29.65,-,-,0.00,-,-,-,-,-,-,28.20,276,NSBQ,NSBQ3-27,2026-05-22
Q4 2027,49.95,52.00,-,-,0.00,-,-,-,-,-,-,51.45,333,NSBQ,NSBQ4-27,2026-05-22
Q1 2028,66.61,69.60,-,-,0.00,-,-,-,-,-,-,68.12,129,NSBQ,NSBQ1-28,2026-05-22
Q2 2028,31.77,34.75,-,-,0.00,-,-,-,-,-,-,33.28,32,NSBQ,NSBQ2-28,2026-05-22
Q3 2028,23.00,25.95,-,-,0.00,-,-,-,-,-,-,24.50,35,NSBQ,NSBQ3-28,2026-05-22
Q4 2028,47.90,50.85,-,-,0.00,-,-,-,-,-,-,49.40,69,NSBQ,NSBQ4-28,2026-05-22
May 2026,71.00,-,-,-,0.00,-,-,-,-,-,-,75.75,"4,775",NSBM,NSBMMAY-26,2026-05-22
Jun 2026,57.00,57.40,57.40,09:55,-1.43,29,-,29,57.50,57.50,57.25,58.83,"5,345",NSBM,NSBMJUN-26,2026-05-22
Jul 2026,49.70,49.95,50.00,09:07,-0.91,8,-,8,50.00,50.00,50.00,50.91,732,NSBM,NSBMJUL-26,2026-05-22
Aug 2026,55.75,56.75,-,-,0.00,-,-,-,-,-,-,57.05,210,NSBM,NSBMAUG-26,2026-05-22
Sep 2026,64.75,67.21,-,-,0.00,-,3,3,-,-,-,65.25,137,NSBM,NSBMSEP-26,2026-05-22
Oct 2026,63.21,67.21,-,-,0.00,-,3,3,-,-,-,65.25,78,NSBM,NSBMOCT-26,2026-05-22
Nov 2026,75.20,79.20,-,-,0.00,-,-,-,-,-,-,77.25,6,NSBM,NSBMNOV-26,2026-05-22
2027,-2.93,-1.77,-,-,0.00,-,-,-,-,-,-,-2.00,681,HLBY,HLBY-27,2026-05-22
2028,0.03,2.03,-,-,0.00,-,-,-,-,-,-,1.03,305,HLBY,HLBY-28,2026-05-22
2029,-0.59,2.41,-,-,0.00,-,-,-,-,-,-,0.91,79,HLBY,HLBY-29,2026-05-22
2030,-0.67,2.33,-,-,0.00,-,15,15,-,-,-,0.83,0,HLBY,HLBY-30,2026-05-22
Q3 2026,-6.25,-4.18,-,-,0.00,-,-,-,-,-,-,-6.00,836,HLBQ,HLBQ3-26,2026-05-22
Q4 2026,-3.81,-1.50,-,-,0.00,-,-,-,-,-,-,-2.32,922,HLBQ,HLBQ4-26,2026-05-22
Q1 2027,0.25,0.75,-,-,0.00,-,-,-,-,-,-,0.40,135,HLBQ,HLBQ1-27,2026-05-22
Q2 2027,-3.90,-2.30,-,-,0.00,-,-,-,-,-,-,-2.40,2,HLBQ,HLBQ2-27,2026-05-22
May 2026,-,-,-,-,0.00,-,-,-,-,-,-,-23.96,"1,071",HLBM,HLBMMAY-26,2026-05-22
Jun 2026,-15.68,-14.00,-,-,0.00,-,-,-,-,-,-,-14.75,"1,008",HLBM,HLBMJUN-26,2026-05-22
Jul 2026,-16.14,-13.14,-,-,0.00,-,-,-,-,-,-,-15.00,92,HLBM,HLBMJUL-26,2026-05-22
Aug 2026,-9.81,-6.81,-,-,0.00,-,-,-,-,-,-,-8.42,14,HLBM,HLBMAUG-26,2026-05-22
2027,48.75,49.15,-,-,0.00,-,-,-,-,-,-,49.26,"3,721",NSBY,NSBY-27,2026-05-22
2028,43.05,44.00,-,-,0.00,-,-,-,-,-,-,43.75,"1,596",NSBY,NSBY-28,2026-05-22
2029,43.50,44.25,-,-,0.00,-,-,-,-,-,-,43.80,640,NSBY,NSBY-29,2026-05-22
2030,43.59,46.59,-,-,0.00,-,15,15,-,-,-,45.10,288,NSBY,NSBY-30,2026-05-22
2031,45.69,48.69,-,-,0.00,-,-,-,-,-,-,47.20,145,NSBY,NSBY-31,2026-05-22
2032,-,-,-,-,0.00,-,-,-,-,-,-,48.38,53,NSBY,NSBY-32,2026-05-22
2033,-,-,-,-,0.00,-,-,-,-,-,-,48.88,1,NSBY,NSBY-33,2026-05-22
2034,-,-,-,-,0.00,-,-,-,-,-,-,49.38,1,NSBY,NSBY-34,2026-05-22
2035,-,-,-,-,0.00,-,-,-,-,-,-,49.88,0,NSBY,NSBY-35,2026-05-22
2036,-,-,-,-,0.00,-,-,-,-,-,-,50.13,0,NSBY,NSBY-36,2026-05-22
Q3 2026,56.60,57.00,56.60,09:44,-1.37,50,-,50,57.25,57.25,56.50,57.97,"5,310",NSBQ,NSBQ3-26,2026-05-22
Q4 2026,75.10,75.70,75.85,09:02,-0.50,1,-,1,75.85,75.85,75.85,76.35,"4,336",NSBQ,NSBQ4-26,2026-05-22
Q1 2027,80.25,81.45,-,-,0.00,-,-,-,-,-,-,81.25,963,NSBQ,NSBQ1-27,2026-05-22
Q2 2027,36.50,38.00,-,-,0.00,-,-,-,-,-,-,37.30,283,NSBQ,NSBQ2-27,2026-05-22
Q3 2027,27.00,29.65,-,-,0.00,-,-,-,-,-,-,28.20,276,NSBQ,NSBQ3-27,2026-05-22
Q4 2027,49.95,52.00,-,-,0.00,-,-,-,-,-,-,51.45,333,NSBQ,NSBQ4-27,2026-05-22
Q1 2028,67.25,69.60,-,-,0.00,-,-,-,-,-,-,68.12,129,NSBQ,NSBQ1-28,2026-05-22
Q2 2028,31.77,34.75,-,-,0.00,-,-,-,-,-,-,33.28,32,NSBQ,NSBQ2-28,2026-05-22
Q3 2028,23.00,25.95,-,-,0.00,-,-,-,-,-,-,24.50,35,NSBQ,NSBQ3-28,2026-05-22
Q4 2028,47.90,50.85,-,-,0.00,-,-,-,-,-,-,49.40,69,NSBQ,NSBQ4-28,2026-05-22
May 2026,71.00,-,-,-,0.00,-,-,-,-,-,-,75.75,"4,775",NSBM,NSBMMAY-26,2026-05-22
Jun 2026,57.25,57.40,57.40,09:56,-1.43,30,-,30,57.50,57.50,57.25,58.83,"5,345",NSBM,NSBMJUN-26,2026-05-22
Jul 2026,49.70,49.95,50.00,09:07,-0.91,8,-,8,50.00,50.00,50.00,50.91,732,NSBM,NSBMJUL-26,2026-05-22
Aug 2026,55.75,56.75,-,-,0.00,-,-,-,-,-,-,57.05,210,NSBM,NSBMAUG-26,2026-05-22
Sep 2026,64.75,67.21,-,-,0.00,-,3,3,-,-,-,65.25,137,NSBM,NSBMSEP-26,2026-05-22
Oct 2026,63.21,67.21,-,-,0.00,-,3,3,-,-,-,65.25,78,NSBM,NSBMOCT-26,2026-05-22
Nov 2026,75.20,79.20,-,-,0.00,-,-,-,-,-,-,77.25,6,NSBM,NSBMNOV-26,2026-05-22
2027,-2.25,-1.77,-,-,0.00,-,-,-,-,-,-,-2.00,681,HLBY,HLBY-27,2026-05-22
2028,0.03,2.03,-,-,0.00,-,-,-,-,-,-,1.03,305,HLBY,HLBY-28,2026-05-22
2029,-0.59,2.41,-,-,0.00,-,-,-,-,-,-,0.91,79,HLBY,HLBY-29,2026-05-22
2030,-0.67,2.33,-,-,0.00,-,25,25,-,-,-,0.83,0,HLBY,HLBY-30,2026-05-22
Q3 2026,-6.25,-4.22,-,-,0.00,-,-,-,-,-,-,-6.00,836,HLBQ,HLBQ3-26,2026-05-22
Q4 2026,-3.81,-1.50,-,-,0.00,-,-,-,-,-,-,-2.32,922,HLBQ,HLBQ4-26,2026-05-22
Q1 2027,0.25,0.75,-,-,0.00,-,-,-,-,-,-,0.40,135,HLBQ,HLBQ1-27,2026-05-22
Q2 2027,-3.90,-2.30,-,-,0.00,-,-,-,-,-,-,-2.40,2,HLBQ,HLBQ2-27,2026-05-22
May 2026,-,-,-,-,0.00,-,-,-,-,-,-,-23.96,"1,071",HLBM,HLBMMAY-26,2026-05-22
Jun 2026,-15.76,-14.25,-,-,0.00,-,-,-,-,-,-,-14.75,"1,008",HLBM,HLBMJUN-26,2026-05-22
Jul 2026,-16.18,-13.18,-,-,0.00,-,-,-,-,-,-,-15.00,92,HLBM,HLBMJUL-26,2026-05-22
Aug 2026,-9.78,-6.78,-,-,0.00,-,-,-,-,-,-,-8.42,14,HLBM,HLBMAUG-26,2026-05-22
2027,48.75,49.15,-,-,0.00,-,-,-,-,-,-,49.26,"3,721",NSBY,NSBY-27,2026-05-22
2028,43.00,44.00,-,-,0.00,-,-,-,-,-,-,43.75,"1,596",NSBY,NSBY-28,2026-05-22
2029,43.50,44.25,-,-,0.00,-,-,-,-,-,-,43.80,640,NSBY,NSBY-29,2026-05-22
2030,43.59,46.59,-,-,0.00,-,25,25,-,-,-,45.10,288,NSBY,NSBY-30,2026-05-22
2031,45.69,48.69,-,-,0.00,-,-,-,-,-,-,47.20,145,NSBY,NSBY-31,2026-05-22
2032,-,-,-,-,0.00,-,-,-,-,-,-,48.38,53,NSBY,NSBY-32,2026-05-22
2033,-,-,-,-,0.00,-,-,-,-,-,-,48.88,1,NSBY,NSBY-33,2026-05-22
2034,-,-,-,-,0.00,-,-,-,-,-,-,49.38,1,NSBY,NSBY-34,2026-05-22
2035,-,-,-,-,0.00,-,-,-,-,-,-,49.88,0,NSBY,NSBY-35,2026-05-22
2036,-,-,-,-,0.00,-,-,-,-,-,-,50.13,0,NSBY,NSBY-36,2026-05-22
Q3 2026,56.60,57.00,56.60,09:44,-1.37,50,-,50,57.25,57.25,56.50,57.97,"5,310",NSBQ,NSBQ3-26,2026-05-22
Q4 2026,75.10,75.70,75.85,09:02,-0.50,1,-,1,75.85,75.85,75.85,76.35,"4,336",NSBQ,NSBQ4-26,2026-05-22
Q1 2027,80.25,81.45,-,-,0.00,-,-,-,-,-,-,81.25,963,NSBQ,NSBQ1-27,2026-05-22
Q2 2027,36.50,38.00,-,-,0.00,-,-,-,-,-,-,37.30,283,NSBQ,NSBQ2-27,2026-05-22
Q3 2027,27.00,29.70,-,-,0.00,-,-,-,-,-,-,28.20,276,NSBQ,NSBQ3-27,2026-05-22
Q4 2027,50.75,52.00,-,-,0.00,-,-,-,-,-,-,51.45,333,NSBQ,NSBQ4-27,2026-05-22
Q1 2028,67.25,69.61,-,-,0.00,-,-,-,-,-,-,68.12,129,NSBQ,NSBQ1-28,2026-05-22
Q2 2028,31.77,34.77,-,-,0.00,-,-,-,-,-,-,33.28,32,NSBQ,NSBQ2-28,2026-05-22
Q3 2028,23.00,26.00,-,-,0.00,-,-,-,-,-,-,24.50,35,NSBQ,NSBQ3-28,2026-05-22
Q4 2028,47.89,50.89,-,-,0.00,-,-,-,-,-,-,49.40,69,NSBQ,NSBQ4-28,2026-05-22
May 2026,71.00,-,-,-,0.00,-,-,-,-,-,-,75.75,"4,775",NSBM,NSBMMAY-26,2026-05-22
Jun 2026,57.60,58.90,57.60,10:04,-1.23,43,-,43,57.50,57.60,57.25,58.83,"5,345",NSBM,NSBMJUN-26,2026-05-22
Jul 2026,49.70,50.50,50.10,10:04,-0.81,29,-,29,50.00,50.10,49.95,50.91,732,NSBM,NSBMJUL-26,2026-05-22
Aug 2026,55.75,56.75,-,-,0.00,-,-,-,-,-,-,57.05,210,NSBM,NSBMAUG-26,2026-05-22
Sep 2026,64.75,67.21,-,-,0.00,-,3,3,-,-,-,65.25,137,NSBM,NSBMSEP-26,2026-05-22
Oct 2026,63.21,67.21,-,-,0.00,-,3,3,-,-,-,65.25,78,NSBM,NSBMOCT-26,2026-05-22
Nov 2026,75.20,79.20,-,-,0.00,-,-,-,-,-,-,77.25,6,NSBM,NSBMNOV-26,2026-05-22
2027,-2.25,-1.77,-,-,0.00,-,-,-,-,-,-,-2.00,681,HLBY,HLBY-27,2026-05-22
2028,0.03,2.03,-,-,0.00,-,-,-,-,-,-,1.03,305,HLBY,HLBY-28,2026-05-22
2029,-0.59,2.41,-,-,0.00,-,-,-,-,-,-,0.91,79,HLBY,HLBY-29,2026-05-22
2030,-0.67,2.33,-,-,0.00,-,30,30,-,-,-,0.83,0,HLBY,HLBY-30,2026-05-22
Q3 2026,-6.25,-4.22,-,-,0.00,-,-,-,-,-,-,-6.00,836,HLBQ,HLBQ3-26,2026-05-22
Q4 2026,-3.81,-1.50,-,-,0.00,-,-,-,-,-,-,-2.32,922,HLBQ,HLBQ4-26,2026-05-22
Q1 2027,0.25,0.75,-,-,0.00,-,-,-,-,-,-,0.40,135,HLBQ,HLBQ1-27,2026-05-22
Q2 2027,-3.90,-2.30,-,-,0.00,-,-,-,-,-,-,-2.40,2,HLBQ,HLBQ2-27,2026-05-22
May 2026,-,-,-,-,0.00,-,-,-,-,-,-,-23.96,"1,071",HLBM,HLBMMAY-26,2026-05-22
Jun 2026,-15.92,-14.25,-,-,0.00,-,-,-,-,-,-,-14.75,"1,008",HLBM,HLBMJUN-26,2026-05-22
Jul 2026,-16.18,-13.18,-,-,0.00,-,-,-,-,-,-,-15.00,92,HLBM,HLBMJUL-26,2026-05-22
Aug 2026,-9.81,-6.81,-,-,0.00,-,-,-,-,-,-,-8.42,14,HLBM,HLBMAUG-26,2026-05-22
2027,48.75,49.15,-,-,0.00,-,-,-,-,-,-,49.26,"3,721",NSBY,NSBY-27,2026-05-22
2028,43.05,44.00,-,-,0.00,-,-,-,-,-,-,43.75,"1,596",NSBY,NSBY-28,2026-05-22
2029,43.50,44.25,-,-,0.00,-,-,-,-,-,-,43.80,640,NSBY,NSBY-29,2026-05-22
2030,43.75,46.59,-,-,0.00,-,30,30,-,-,-,45.10,288,NSBY,NSBY-30,2026-05-22
2031,45.69,48.69,-,-,0.00,-,-,-,-,-,-,47.20,145,NSBY,NSBY-31,2026-05-22
2032,-,-,-,-,0.00,-,-,-,-,-,-,48.38,53,NSBY,NSBY-32,2026-05-22
2033,-,-,-,-,0.00,-,-,-,-,-,-,48.88,1,NSBY,NSBY-33,2026-05-22
2034,-,-,-,-,0.00,-,-,-,-,-,-,49.38,1,NSBY,NSBY-34,2026-05-22
2035,-,-,-,-,0.00,-,-,-,-,-,-,49.88,0,NSBY,NSBY-35,2026-05-22
2036,-,-,-,-,0.00,-,-,-,-,-,-,50.13,0,NSBY,NSBY-36,2026-05-22
Q3 2026,56.60,57.00,56.60,09:44,-1.37,50,-,50,57.25,57.25,56.50,57.97,"5,310",NSBQ,NSBQ3-26,2026-05-22
Q4 2026,75.50,75.85,75.70,10:06,-0.65,3,-,3,75.85,75.85,75.70,76.35,"4,336",NSBQ,NSBQ4-26,2026-05-22
Q1 2027,80.25,81.00,-,-,0.00,-,-,-,-,-,-,81.25,963,NSBQ,NSBQ1-27,2026-05-22
Q2 2027,36.50,38.75,-,-,0.00,-,-,-,-,-,-,37.30,283,NSBQ,NSBQ2-27,2026-05-22
Q3 2027,27.00,29.65,-,-,0.00,-,-,-,-,-,-,28.20,276,NSBQ,NSBQ3-27,2026-05-22
Q4 2027,50.75,52.00,-,-,0.00,-,-,-,-,-,-,51.45,333,NSBQ,NSBQ4-27,2026-05-22
Q1 2028,67.50,69.60,-,-,0.00,-,-,-,-,-,-,68.12,129,NSBQ,NSBQ1-28,2026-05-22
Q2 2028,31.77,34.75,-,-,0.00,-,-,-,-,-,-,33.28,32,NSBQ,NSBQ2-28,2026-05-22
Q3 2028,23.00,25.95,-,-,0.00,-,-,-,-,-,-,24.50,35,NSBQ,NSBQ3-28,2026-05-22
Q4 2028,47.90,50.85,-,-,0.00,-,-,-,-,-,-,49.40,69,NSBQ,NSBQ4-28,2026-05-22
May 2026,71.00,-,-,-,0.00,-,-,-,-,-,-,75.75,"4,775",NSBM,NSBMMAY-26,2026-05-22
Jun 2026,57.85,57.95,58.00,10:09,-0.83,50,-,50,57.50,58.00,57.25,58.83,"5,345",NSBM,NSBMJUN-26,2026-05-22
Jul 2026,49.70,50.50,50.10,10:04,-0.81,29,-,29,50.00,50.10,49.95,50.91,732,NSBM,NSBMJUL-26,2026-05-22
Aug 2026,55.75,56.75,-,-,0.00,-,-,-,-,-,-,57.05,210,NSBM,NSBMAUG-26,2026-05-22
Sep 2026,64.75,67.21,-,-,0.00,-,3,3,-,-,-,65.25,137,NSBM,NSBMSEP-26,2026-05-22
Oct 2026,63.21,67.21,-,-,0.00,-,3,3,-,-,-,65.25,78,NSBM,NSBMOCT-26,2026-05-22
Nov 2026,75.20,79.20,-,-,0.00,-,-,-,-,-,-,77.25,6,NSBM,NSBMNOV-26,2026-05-22
2027,-2.25,-1.77,-,-,0.00,-,-,-,-,-,-,-2.00,681,HLBY,HLBY-27,2026-05-22
2028,0.03,2.03,-,-,0.00,-,-,-,-,-,-,1.03,305,HLBY,HLBY-28,2026-05-22
2029,-0.59,2.41,-,-,0.00,-,-,-,-,-,-,0.91,79,HLBY,HLBY-29,2026-05-22
2030,-0.67,2.33,-,-,0.00,-,30,30,-,-,-,0.83,0,HLBY,HLBY-30,2026-05-22
Q3 2026,-6.25,-4.22,-,-,0.00,-,-,-,-,-,-,-6.00,836,HLBQ,HLBQ3-26,2026-05-22
Q4 2026,-3.81,-1.50,-,-,0.00,-,-,-,-,-,-,-2.32,922,HLBQ,HLBQ4-26,2026-05-22
Q1 2027,0.25,0.75,-,-,0.00,-,-,-,-,-,-,0.40,135,HLBQ,HLBQ1-27,2026-05-22
Q2 2027,-3.90,-2.30,-,-,0.00,-,-,-,-,-,-,-2.40,2,HLBQ,HLBQ2-27,2026-05-22
May 2026,-,-,-,-,0.00,-,-,-,-,-,-,-23.96,"1,071",HLBM,HLBMMAY-26,2026-05-22
Jun 2026,-15.90,-14.25,-,-,0.00,-,-,-,-,-,-,-14.75,"1,008",HLBM,HLBMJUN-26,2026-05-22
Jul 2026,-16.18,-13.18,-,-,0.00,-,-,-,-,-,-,-15.00,92,HLBM,HLBMJUL-26,2026-05-22
Aug 2026,-9.82,-6.82,-,-,0.00,-,-,-,-,-,-,-8.42,14,HLBM,HLBMAUG-26,2026-05-22
2027,48.80,49.15,-,-,0.00,-,-,-,-,-,-,49.26,"3,721",NSBY,NSBY-27,2026-05-22
2028,43.05,44.00,-,-,0.00,-,-,-,-,-,-,43.75,"1,596",NSBY,NSBY-28,2026-05-22
2029,43.50,44.25,-,-,0.00,-,-,-,-,-,-,43.80,640,NSBY,NSBY-29,2026-05-22
2030,43.75,46.59,-,-,0.00,-,30,30,-,-,-,45.10,288,NSBY,NSBY-30,2026-05-22
2031,45.69,48.69,-,-,0.00,-,-,-,-,-,-,47.20,145,NSBY,NSBY-31,2026-05-22
2032,-,-,-,-,0.00,-,-,-,-,-,-,48.38,53,NSBY,NSBY-32,2026-05-22
2033,-,-,-,-,0.00,-,-,-,-,-,-,48.88,1,NSBY,NSBY-33,2026-05-22
2034,-,-,-,-,0.00,-,-,-,-,-,-,49.38,1,NSBY,NSBY-34,2026-05-22
2035,-,-,-,-,0.00,-,-,-,-,-,-,49.88,0,NSBY,NSBY-35,2026-05-22
2036,-,-,-,-,0.00,-,-,-,-,-,-,50.13,0,NSBY,NSBY-36,2026-05-22
Q3 2026,56.55,57.00,56.60,09:44,-1.37,50,-,50,57.25,57.25,56.50,57.97,"5,310",NSBQ,NSBQ3-26,2026-05-22
Q4 2026,75.50,75.85,75.70,10:06,-0.65,3,-,3,75.85,75.85,75.70,76.35,"4,336",NSBQ,NSBQ4-26,2026-05-22
Q1 2027,80.25,81.00,-,-,0.00,-,-,-,-,-,-,81.25,963,NSBQ,NSBQ1-27,2026-05-22
Q2 2027,36.50,38.75,-,-,0.00,-,-,-,-,-,-,37.30,283,NSBQ,NSBQ2-27,2026-05-22
Q3 2027,27.00,29.65,-,-,0.00,-,-,-,-,-,-,28.20,276,NSBQ,NSBQ3-27,2026-05-22
Q4 2027,50.75,52.00,-,-,0.00,-,-,-,-,-,-,51.45,333,NSBQ,NSBQ4-27,2026-05-22
Q1 2028,67.50,69.60,-,-,0.00,-,-,-,-,-,-,68.12,129,NSBQ,NSBQ1-28,2026-05-22
Q2 2028,31.77,34.75,-,-,0.00,-,-,-,-,-,-,33.28,32,NSBQ,NSBQ2-28,2026-05-22
Q3 2028,23.00,25.95,-,-,0.00,-,-,-,-,-,-,24.50,35,NSBQ,NSBQ3-28,2026-05-22
Q4 2028,47.90,50.85,-,-,0.00,-,-,-,-,-,-,49.40,69,NSBQ,NSBQ4-28,2026-05-22
May 2026,71.00,-,-,-,0.00,-,-,-,-,-,-,75.75,"4,775",NSBM,NSBMMAY-26,2026-05-22
Jun 2026,58.00,58.20,57.95,10:12,-0.88,53,-,53,57.50,58.00,57.25,58.83,"5,345",NSBM,NSBMJUN-26,2026-05-22
Jul 2026,50.10,50.50,50.10,10:04,-0.81,29,-,29,50.00,50.10,49.95,50.91,732,NSBM,NSBMJUL-26,2026-05-22
Aug 2026,55.75,56.75,-,-,0.00,-,-,-,-,-,-,57.05,210,NSBM,NSBMAUG-26,2026-05-22
Sep 2026,64.75,67.21,-,-,0.00,-,3,3,-,-,-,65.25,137,NSBM,NSBMSEP-26,2026-05-22
Oct 2026,63.21,67.21,-,-,0.00,-,3,3,-,-,-,65.25,78,NSBM,NSBMOCT-26,2026-05-22
Nov 2026,75.20,79.20,-,-,0.00,-,-,-,-,-,-,77.25,6,NSBM,NSBMNOV-26,2026-05-22
2027,-2.25,-1.77,-,-,0.00,-,-,-,-,-,-,-2.00,681,HLBY,HLBY-27,2026-05-22
2028,0.03,2.03,-,-,0.00,-,-,-,-,-,-,1.03,305,HLBY,HLBY-28,2026-05-22
2029,-0.59,2.41,-,-,0.00,-,-,-,-,-,-,0.91,79,HLBY,HLBY-29,2026-05-22
2030,-0.67,2.33,-,-,0.00,-,30,30,-,-,-,0.83,0,HLBY,HLBY-30,2026-05-22
Q3 2026,-6.25,-4.22,-,-,0.00,-,-,-,-,-,-,-6.00,836,HLBQ,HLBQ3-26,2026-05-22
Q4 2026,-3.81,-1.50,-,-,0.00,-,-,-,-,-,-,-2.32,922,HLBQ,HLBQ4-26,2026-05-22
Q1 2027,0.25,0.75,-,-,0.00,-,-,-,-,-,-,0.40,135,HLBQ,HLBQ1-27,2026-05-22
Q2 2027,-3.90,-2.30,-,-,0.00,-,-,-,-,-,-,-2.40,2,HLBQ,HLBQ2-27,2026-05-22
May 2026,-,-,-,-,0.00,-,-,-,-,-,-,-23.96,"1,071",HLBM,HLBMMAY-26,2026-05-22
Jun 2026,-15.90,-14.25,-,-,0.00,-,-,-,-,-,-,-14.75,"1,008",HLBM,HLBMJUN-26,2026-05-22
Jul 2026,-16.18,-13.18,-,-,0.00,-,-,-,-,-,-,-15.00,92,HLBM,HLBMJUL-26,2026-05-22
Aug 2026,-9.82,-6.82,-,-,0.00,-,-,-,-,-,-,-8.42,14,HLBM,HLBMAUG-26,2026-05-22
2027,49.00,49.25,49.15,10:18,-0.11,2,-,2,49.15,49.15,49.15,49.26,"3,721",NSBY,NSBY-27,2026-05-22
2028,43.05,44.00,-,-,0.00,-,-,-,-,-,-,43.75,"1,596",NSBY,NSBY-28,2026-05-22
2029,43.50,44.25,-,-,0.00,-,-,-,-,-,-,43.80,640,NSBY,NSBY-29,2026-05-22
2030,43.75,46.59,-,-,0.00,-,30,30,-,-,-,45.10,288,NSBY,NSBY-30,2026-05-22
2031,45.69,48.69,-,-,0.00,-,-,-,-,-,-,47.20,145,NSBY,NSBY-31,2026-05-22
2032,-,-,-,-,0.00,-,-,-,-,-,-,48.38,53,NSBY,NSBY-32,2026-05-22
2033,-,-,-,-,0.00,-,-,-,-,-,-,48.88,1,NSBY,NSBY-33,2026-05-22
2034,-,-,-,-,0.00,-,-,-,-,-,-,49.38,1,NSBY,NSBY-34,2026-05-22
2035,-,-,-,-,0.00,-,-,-,-,-,-,49.88,0,NSBY,NSBY-35,2026-05-22
2036,-,-,-,-,0.00,-,-,-,-,-,-,50.13,0,NSBY,NSBY-36,2026-05-22
Q3 2026,56.63,57.35,57.00,10:18,-0.97,59,3,62,57.25,57.25,56.50,57.97,"5,310",NSBQ,NSBQ3-26,2026-05-22
Q4 2026,75.50,76.25,75.85,10:17,-0.50,4,-,4,75.85,75.85,75.70,76.35,"4,336",NSBQ,NSBQ4-26,2026-05-22
Q1 2027,80.25,81.00,81.00,10:18,-0.25,3,-,3,81.00,81.00,81.00,81.25,963,NSBQ,NSBQ1-27,2026-05-22
Q2 2027,36.75,37.71,-,-,0.00,-,-,-,-,-,-,37.30,283,NSBQ,NSBQ2-27,2026-05-22
Q3 2027,27.01,28.96,-,-,0.00,-,-,-,-,-,-,28.20,276,NSBQ,NSBQ3-27,2026-05-22
Q4 2027,50.75,52.00,-,-,0.00,-,-,-,-,-,-,51.45,333,NSBQ,NSBQ4-27,2026-05-22
Q1 2028,67.60,69.51,-,-,0.00,-,-,-,-,-,-,68.12,129,NSBQ,NSBQ1-28,2026-05-22
Q2 2028,32.32,34.27,-,-,0.00,-,-,-,-,-,-,33.28,32,NSBQ,NSBQ2-28,2026-05-22
Q3 2028,23.00,25.95,-,-,0.00,-,-,-,-,-,-,24.50,35,NSBQ,NSBQ3-28,2026-05-22
Q4 2028,47.90,50.85,-,-,0.00,-,-,-,-,-,-,49.40,69,NSBQ,NSBQ4-28,2026-05-22
May 2026,71.00,-,-,-,0.00,-,-,-,-,-,-,75.75,"4,775",NSBM,NSBMMAY-26,2026-05-22
Jun 2026,58.00,58.20,57.95,10:12,-0.88,53,-,53,57.50,58.00,57.25,58.83,"5,345",NSBM,NSBMJUN-26,2026-05-22
Jul 2026,50.10,51.20,50.10,10:04,-0.81,29,-,29,50.00,50.10,49.95,50.91,732,NSBM,NSBMJUL-26,2026-05-22
Aug 2026,55.75,56.75,-,-,0.00,-,-,-,-,-,-,57.05,210,NSBM,NSBMAUG-26,2026-05-22
Sep 2026,64.75,67.21,-,-,0.00,-,3,3,-,-,-,65.25,137,NSBM,NSBMSEP-26,2026-05-22
Oct 2026,63.21,67.21,-,-,0.00,-,3,3,-,-,-,65.25,78,NSBM,NSBMOCT-26,2026-05-22
Nov 2026,76.50,79.20,-,-,0.00,-,-,-,-,-,-,77.25,6,NSBM,NSBMNOV-26,2026-05-22
2027,-2.25,-1.77,-,-,0.00,-,-,-,-,-,-,-2.00,681,HLBY,HLBY-27,2026-05-22
2028,0.03,2.03,-,-,0.00,-,-,-,-,-,-,1.03,305,HLBY,HLBY-28,2026-05-22
2029,-0.59,2.41,-,-,0.00,-,-,-,-,-,-,0.91,79,HLBY,HLBY-29,2026-05-22
2030,-0.67,2.33,-,-,0.00,-,30,30,-,-,-,0.83,0,HLBY,HLBY-30,2026-05-22
Q3 2026,-6.25,-4.22,-,-,0.00,-,-,-,-,-,-,-6.00,836,HLBQ,HLBQ3-26,2026-05-22
Q4 2026,-3.81,-1.50,-,-,0.00,-,-,-,-,-,-,-2.32,922,HLBQ,HLBQ4-26,2026-05-22
Q1 2027,0.25,0.75,-,-,0.00,-,-,-,-,-,-,0.40,135,HLBQ,HLBQ1-27,2026-05-22
Q2 2027,-3.90,-2.30,-,-,0.00,-,-,-,-,-,-,-2.40,2,HLBQ,HLBQ2-27,2026-05-22
May 2026,-,-,-,-,0.00,-,-,-,-,-,-,-23.96,"1,071",HLBM,HLBMMAY-26,2026-05-22
Jun 2026,-16.00,-14.25,-,-,0.00,-,-,-,-,-,-,-14.75,"1,008",HLBM,HLBMJUN-26,2026-05-22
Jul 2026,-16.18,-13.18,-,-,0.00,-,-,-,-,-,-,-15.00,92,HLBM,HLBMJUL-26,2026-05-22
Aug 2026,-9.88,-6.88,-,-,0.00,-,-,-,-,-,-,-8.42,14,HLBM,HLBMAUG-26,2026-05-22
2027,49.00,49.25,49.15,10:18,-0.11,2,-,2,49.15,49.15,49.15,49.26,"3,721",NSBY,NSBY-27,2026-05-22
2028,43.25,44.00,-,-,0.00,-,-,-,-,-,-,43.75,"1,596",NSBY,NSBY-28,2026-05-22
2029,43.50,44.25,-,-,0.00,-,-,-,-,-,-,43.80,640,NSBY,NSBY-29,2026-05-22
2030,43.75,46.59,-,-,0.00,-,30,30,-,-,-,45.10,288,NSBY,NSBY-30,2026-05-22
2031,45.69,48.69,-,-,0.00,-,-,-,-,-,-,47.20,145,NSBY,NSBY-31,2026-05-22
2032,-,-,-,-,0.00,-,-,-,-,-,-,48.38,53,NSBY,NSBY-32,2026-05-22
2033,-,-,-,-,0.00,-,-,-,-,-,-,48.88,1,NSBY,NSBY-33,2026-05-22
2034,-,-,-,-,0.00,-,-,-,-,-,-,49.38,1,NSBY,NSBY-34,2026-05-22
2035,-,-,-,-,0.00,-,-,-,-,-,-,49.88,0,NSBY,NSBY-35,2026-05-22
2036,-,-,-,-,0.00,-,-,-,-,-,-,50.13,0,NSBY,NSBY-36,2026-05-22
Q3 2026,56.63,57.35,57.00,10:18,-0.97,59,3,62,57.25,57.25,56.50,57.97,"5,310",NSBQ,NSBQ3-26,2026-05-22
Q4 2026,75.50,76.20,75.85,10:17,-0.50,4,-,4,75.85,75.85,75.70,76.35,"4,336",NSBQ,NSBQ4-26,2026-05-22
Q1 2027,80.25,81.00,81.00,10:21,-0.25,5,-,5,81.00,81.00,81.00,81.25,963,NSBQ,NSBQ1-27,2026-05-22
Q2 2027,36.95,37.91,-,-,0.00,-,-,-,-,-,-,37.30,283,NSBQ,NSBQ2-27,2026-05-22
Q3 2027,27.01,28.96,-,-,0.00,-,-,-,-,-,-,28.20,276,NSBQ,NSBQ3-27,2026-05-22
Q4 2027,50.75,52.00,-,-,0.00,-,-,-,-,-,-,51.45,333,NSBQ,NSBQ4-27,2026-05-22
Q1 2028,67.60,69.51,-,-,0.00,-,-,-,-,-,-,68.12,129,NSBQ,NSBQ1-28,2026-05-22
Q2 2028,32.32,34.27,-,-,0.00,-,-,-,-,-,-,33.28,32,NSBQ,NSBQ2-28,2026-05-22
Q3 2028,23.00,25.95,-,-,0.00,-,-,-,-,-,-,24.50,35,NSBQ,NSBQ3-28,2026-05-22
Q4 2028,47.90,50.85,-,-,0.00,-,-,-,-,-,-,49.40,69,NSBQ,NSBQ4-28,2026-05-22
May 2026,71.00,-,-,-,0.00,-,-,-,-,-,-,75.75,"4,775",NSBM,NSBMMAY-26,2026-05-22
Jun 2026,57.85,58.35,58.20,10:23,-0.63,55,-,55,57.50,58.20,57.25,58.83,"5,345",NSBM,NSBMJUN-26,2026-05-22
Jul 2026,50.10,51.00,50.10,10:04,-0.81,29,-,29,50.00,50.10,49.95,50.91,732,NSBM,NSBMJUL-26,2026-05-22
Aug 2026,55.75,56.50,-,-,0.00,-,-,-,-,-,-,57.05,210,NSBM,NSBMAUG-26,2026-05-22
Sep 2026,64.75,67.21,-,-,0.00,-,3,3,-,-,-,65.25,137,NSBM,NSBMSEP-26,2026-05-22
Oct 2026,63.21,67.21,-,-,0.00,-,3,3,-,-,-,65.25,78,NSBM,NSBMOCT-26,2026-05-22
Nov 2026,76.50,79.20,-,-,0.00,-,-,-,-,-,-,77.25,6,NSBM,NSBMNOV-26,2026-05-22
2027,-2.25,-1.85,-,-,0.00,-,1,1,-,-,-,-2.00,681,HLBY,HLBY-27,2026-05-22
2028,0.75,1.25,-,-,0.00,-,1,1,-,-,-,1.03,305,HLBY,HLBY-28,2026-05-22
2029,0.50,1.25,-,-,0.00,-,-,-,-,-,-,0.91,79,HLBY,HLBY-29,2026-05-22
2030,-0.66,2.34,-,-,0.00,-,50,50,-,-,-,0.83,0,HLBY,HLBY-30,2026-05-22
Q3 2026,-6.00,-5.55,-5.50,14:39,0.50,2,-,2,-5.50,-5.50,-5.50,-6.00,836,HLBQ,HLBQ3-26,2026-05-22
Q4 2026,-3.73,-1.50,-,-,0.00,-,-,-,-,-,-,-2.32,922,HLBQ,HLBQ4-26,2026-05-22
Q1 2027,0.50,0.75,0.60,15:06,0.20,3,-,3,0.50,0.60,0.50,0.40,135,HLBQ,HLBQ1-27,2026-05-22
Q2 2027,-3.95,-2.45,-2.45,13:46,-0.05,3,-,3,-2.45,-2.45,-2.45,-2.40,2,HLBQ,HLBQ2-27,2026-05-22
May 2026,-,-,-,-,0.00,-,-,-,-,-,-,-23.96,"1,071",HLBM,HLBMMAY-26,2026-05-22
Jun 2026,-15.94,-14.00,-,-,0.00,-,-,-,-,-,-,-14.75,"1,008",HLBM,HLBMJUN-26,2026-05-22
Jul 2026,-15.80,-14.50,-,-,0.00,-,-,-,-,-,-,-15.00,92,HLBM,HLBMJUL-26,2026-05-22
Aug 2026,-9.00,-7.00,-,-,0.00,-,-,-,-,-,-,-8.42,14,HLBM,HLBMAUG-26,2026-05-22
2027,48.75,49.10,49.00,15:33,-0.26,20,9,29,49.15,49.25,49.00,49.26,"3,721",NSBY,NSBY-27,2026-05-22
2028,43.30,43.95,-,-,0.00,-,3,3,-,-,-,43.75,"1,596",NSBY,NSBY-28,2026-05-22
2029,42.75,44.20,43.75,14:56,-0.05,1,-,1,43.75,43.75,43.75,43.80,640,NSBY,NSBY-29,2026-05-22
2030,43.50,45.10,45.00,15:33,-0.10,1,51,52,45.00,45.00,45.00,45.10,288,NSBY,NSBY-30,2026-05-22
2031,46.09,48.57,-,-,0.00,-,-,-,-,-,-,47.20,145,NSBY,NSBY-31,2026-05-22
2032,-,-,-,-,0.00,-,-,-,-,-,-,48.38,53,NSBY,NSBY-32,2026-05-22
2033,-,-,-,-,0.00,-,-,-,-,-,-,48.88,1,NSBY,NSBY-33,2026-05-22
2034,-,-,-,-,0.00,-,-,-,-,-,-,49.38,1,NSBY,NSBY-34,2026-05-22
2035,-,-,-,-,0.00,-,-,-,-,-,-,49.88,0,NSBY,NSBY-35,2026-05-22
2036,-,-,-,-,0.00,-,-,-,-,-,-,50.13,0,NSBY,NSBY-36,2026-05-22
Q3 2026,56.90,57.10,57.05,15:20,-0.92,105,25,130,57.25,57.30,56.50,57.97,"5,310",NSBQ,NSBQ3-26,2026-05-22
Q4 2026,75.75,76.00,75.85,15:10,-0.50,50,23,73,75.85,76.10,75.70,76.35,"4,336",NSBQ,NSBQ4-26,2026-05-22
Q1 2027,80.50,80.95,80.65,15:35,-0.60,30,5,35,81.00,81.00,80.65,81.25,963,NSBQ,NSBQ1-27,2026-05-22
Q2 2027,37.00,37.55,-,-,0.00,-,-,-,-,-,-,37.30,283,NSBQ,NSBQ2-27,2026-05-22
Q3 2027,27.40,28.45,-,-,0.00,-,-,-,-,-,-,28.20,276,NSBQ,NSBQ3-27,2026-05-22
Q4 2027,51.05,52.00,-,-,0.00,-,-,-,-,-,-,51.45,333,NSBQ,NSBQ4-27,2026-05-22
Q1 2028,68.55,69.50,68.55,15:22,0.43,1,-,1,68.55,68.55,68.55,68.12,129,NSBQ,NSBQ1-28,2026-05-22
Q2 2028,31.96,33.91,-,-,0.00,-,-,-,-,-,-,33.28,32,NSBQ,NSBQ2-28,2026-05-22
Q3 2028,22.95,25.90,-,-,0.00,-,-,-,-,-,-,24.50,35,NSBQ,NSBQ3-28,2026-05-22
Q4 2028,47.80,50.75,-,-,0.00,-,-,-,-,-,-,49.40,69,NSBQ,NSBQ4-28,2026-05-22
May 2026,72.60,75.25,-,-,0.00,-,-,-,-,-,-,75.75,"4,775",NSBM,NSBMMAY-26,2026-05-22
Jun 2026,58.05,58.20,58.05,15:24,-0.78,157,45,202,57.50,58.35,57.25,58.83,"5,345",NSBM,NSBMJUN-26,2026-05-22
Jul 2026,50.25,50.50,50.10,15:02,-0.81,58,5,63,50.00,50.40,49.95,50.91,732,NSBM,NSBMJUL-26,2026-05-22
Aug 2026,55.75,56.25,56.25,15:15,-0.80,3,10,13,56.25,56.25,56.25,57.05,210,NSBM,NSBMAUG-26,2026-05-22
Sep 2026,64.50,65.25,65.00,14:52,-0.25,6,3,9,65.00,65.00,65.00,65.25,137,NSBM,NSBMSEP-26,2026-05-22
Oct 2026,65.00,67.00,65.00,13:32,-0.25,1,3,4,65.00,65.00,65.00,65.25,78,NSBM,NSBMOCT-26,2026-05-22
Nov 2026,76.50,78.80,-,-,0.00,-,-,-,-,-,-,77.25,6,NSBM,NSBMNOV-26,2026-05-22
2027,-2.25,-1.85,-,-,0.00,-,1,1,-,-,-,-2.00,681,HLBY,HLBY-27,2026-05-22
2028,0.75,1.25,-,-,0.00,-,1,1,-,-,-,1.03,305,HLBY,HLBY-28,2026-05-22
2029,0.50,1.25,-,-,0.00,-,-,-,-,-,-,0.91,79,HLBY,HLBY-29,2026-05-22
2030,-0.66,2.34,-,-,0.00,-,50,50,-,-,-,0.83,0,HLBY,HLBY-30,2026-05-22
Q3 2026,-6.00,-5.55,-5.50,14:39,0.50,2,-,2,-5.50,-5.50,-5.50,-6.00,836,HLBQ,HLBQ3-26,2026-05-22
Q4 2026,-3.73,-1.50,-,-,0.00,-,-,-,-,-,-,-2.32,922,HLBQ,HLBQ4-26,2026-05-22
Q1 2027,0.50,0.75,0.60,15:06,0.20,3,-,3,0.50,0.60,0.50,0.40,135,HLBQ,HLBQ1-27,2026-05-22
Q2 2027,-3.95,-2.45,-2.45,13:46,-0.05,3,-,3,-2.45,-2.45,-2.45,-2.40,2,HLBQ,HLBQ2-27,2026-05-22
May 2026,-,-,-,-,0.00,-,-,-,-,-,-,-23.96,"1,071",HLBM,HLBMMAY-26,2026-05-22
Jun 2026,-15.94,-14.00,-,-,0.00,-,-,-,-,-,-,-14.75,"1,008",HLBM,HLBMJUN-26,2026-05-22
Jul 2026,-15.80,-14.50,-,-,0.00,-,-,-,-,-,-,-15.00,92,HLBM,HLBMJUL-26,2026-05-22
Aug 2026,-9.00,-7.00,-,-,0.00,-,-,-,-,-,-,-8.42,14,HLBM,HLBMAUG-26,2026-05-22
2027,48.75,49.10,49.00,15:33,-0.26,20,9,29,49.15,49.25,49.00,49.26,"3,721",NSBY,NSBY-27,2026-05-22
2028,43.30,43.95,-,-,0.00,-,3,3,-,-,-,43.75,"1,596",NSBY,NSBY-28,2026-05-22
2029,42.75,44.20,43.75,14:56,-0.05,1,-,1,43.75,43.75,43.75,43.80,640,NSBY,NSBY-29,2026-05-22
2030,43.50,45.10,45.00,15:33,-0.10,1,51,52,45.00,45.00,45.00,45.10,288,NSBY,NSBY-30,2026-05-22
2031,46.09,48.57,-,-,0.00,-,-,-,-,-,-,47.20,145,NSBY,NSBY-31,2026-05-22
2032,-,-,-,-,0.00,-,-,-,-,-,-,48.38,53,NSBY,NSBY-32,2026-05-22
2033,-,-,-,-,0.00,-,-,-,-,-,-,48.88,1,NSBY,NSBY-33,2026-05-22
2034,-,-,-,-,0.00,-,-,-,-,-,-,49.38,1,NSBY,NSBY-34,2026-05-22
2035,-,-,-,-,0.00,-,-,-,-,-,-,49.88,0,NSBY,NSBY-35,2026-05-22
2036,-,-,-,-,0.00,-,-,-,-,-,-,50.13,0,NSBY,NSBY-36,2026-05-22
Q3 2026,56.90,57.10,57.05,15:20,-0.92,105,25,130,57.25,57.30,56.50,57.97,"5,310",NSBQ,NSBQ3-26,2026-05-22
Q4 2026,75.85,76.00,75.85,15:10,-0.50,50,23,73,75.85,76.10,75.70,76.35,"4,336",NSBQ,NSBQ4-26,2026-05-22
Q1 2027,80.45,80.90,80.70,15:37,-0.55,32,5,37,81.00,81.00,80.65,81.25,963,NSBQ,NSBQ1-27,2026-05-22
Q2 2027,37.00,37.55,-,-,0.00,-,-,-,-,-,-,37.30,283,NSBQ,NSBQ2-27,2026-05-22
Q3 2027,27.45,28.45,-,-,0.00,-,-,-,-,-,-,28.20,276,NSBQ,NSBQ3-27,2026-05-22
Q4 2027,51.05,52.00,-,-,0.00,-,-,-,-,-,-,51.45,333,NSBQ,NSBQ4-27,2026-05-22
Q1 2028,68.55,69.82,68.55,15:22,0.43,1,-,1,68.55,68.55,68.55,68.12,129,NSBQ,NSBQ1-28,2026-05-22
Q2 2028,31.96,33.91,-,-,0.00,-,-,-,-,-,-,33.28,32,NSBQ,NSBQ2-28,2026-05-22
Q3 2028,22.95,25.90,-,-,0.00,-,-,-,-,-,-,24.50,35,NSBQ,NSBQ3-28,2026-05-22
Q4 2028,47.80,50.75,-,-,0.00,-,-,-,-,-,-,49.40,69,NSBQ,NSBQ4-28,2026-05-22
May 2026,72.60,75.25,-,-,0.00,-,-,-,-,-,-,75.75,"4,775",NSBM,NSBMMAY-26,2026-05-22
Jun 2026,58.10,58.25,58.05,15:24,-0.78,157,45,202,57.50,58.35,57.25,58.83,"5,345",NSBM,NSBMJUN-26,2026-05-22
Jul 2026,50.30,50.50,50.50,15:37,-0.41,61,5,66,50.00,50.50,49.95,50.91,732,NSBM,NSBMJUL-26,2026-05-22
Aug 2026,55.75,56.25,56.25,15:15,-0.80,3,10,13,56.25,56.25,56.25,57.05,210,NSBM,NSBMAUG-26,2026-05-22
Sep 2026,64.50,65.25,65.00,14:52,-0.25,6,3,9,65.00,65.00,65.00,65.25,137,NSBM,NSBMSEP-26,2026-05-22
Oct 2026,65.00,67.00,65.00,13:32,-0.25,1,3,4,65.00,65.00,65.00,65.25,78,NSBM,NSBMOCT-26,2026-05-22
Nov 2026,76.50,78.80,-,-,0.00,-,-,-,-,-,-,77.25,6,NSBM,NSBMNOV-26,2026-05-22
2027,-,-,-,-,0.00,-,1,1,-,-,-,-2.00,681,HLBY,HLBY-27,2026-05-22
2028,-,-,-,-,0.00,-,1,1,-,-,-,1.00,305,HLBY,HLBY-28,2026-05-22
2029,-,-,-,-,0.00,-,-,-,-,-,-,0.88,79,HLBY,HLBY-29,2026-05-22
2030,-,-,-,-,0.00,-,50,50,-,-,-,0.75,0,HLBY,HLBY-30,2026-05-22
Q3 2026,-,-,-5.50,14:39,0.50,2,-,2,-5.50,-5.50,-5.50,-5.55,836,HLBQ,HLBQ3-26,2026-05-22
Q4 2026,-,-,-,-,0.00,-,-,-,-,-,-,-2.61,922,HLBQ,HLBQ4-26,2026-05-22
Q1 2027,-,-,0.60,15:06,0.20,3,-,3,0.50,0.60,0.50,0.60,135,HLBQ,HLBQ1-27,2026-05-22
Q2 2027,-,-,-2.45,13:46,-0.05,3,-,3,-2.45,-2.45,-2.45,-2.45,2,HLBQ,HLBQ2-27,2026-05-22
May 2026,-,-,-,-,0.00,-,-,-,-,-,-,-24.15,"1,071",HLBM,HLBMMAY-26,2026-05-22
Jun 2026,-,-,-,-,0.00,-,-,-,-,-,-,-14.99,"1,008",HLBM,HLBMJUN-26,2026-05-22
Jul 2026,-,-,-,-,0.00,-,-,-,-,-,-,-14.56,92,HLBM,HLBMJUL-26,2026-05-22
Aug 2026,-,-,-,-,0.00,-,-,-,-,-,-,-8.00,14,HLBM,HLBMAUG-26,2026-05-22
2027,-,-,49.10,15:48,-0.16,21,13,34,49.15,49.25,49.00,49.00,"3,721",NSBY,NSBY-27,2026-05-22
2028,-,-,-,-,0.00,-,3,3,-,-,-,43.60,"1,596",NSBY,NSBY-28,2026-05-22
2029,-,-,43.75,16:02,-0.05,1,3,4,43.75,43.75,43.75,43.75,640,NSBY,NSBY-29,2026-05-22
2030,-,-,45.00,15:33,-0.10,1,51,52,45.00,45.00,45.00,45.00,288,NSBY,NSBY-30,2026-05-22
2031,-,-,-,-,0.00,-,-,-,-,-,-,47.33,145,NSBY,NSBY-31,2026-05-22
2032,-,-,-,-,0.00,-,-,-,-,-,-,48.38,53,NSBY,NSBY-32,2026-05-22
2033,-,-,-,-,0.00,-,-,-,-,-,-,48.88,1,NSBY,NSBY-33,2026-05-22
2034,-,-,-,-,0.00,-,-,-,-,-,-,49.38,1,NSBY,NSBY-34,2026-05-22
2035,-,-,-,-,0.00,-,-,-,-,-,-,49.88,0,NSBY,NSBY-35,2026-05-22
2036,-,-,-,-,0.00,-,-,-,-,-,-,50.13,0,NSBY,NSBY-36,2026-05-22
Q3 2026,-,-,57.35,15:59,-0.62,147,29,176,57.25,57.35,56.50,57.18,"5,310",NSBQ,NSBQ3-26,2026-05-22
Q4 2026,-,-,76.15,15:58,-0.20,68,25,93,75.85,76.15,75.70,76.15,"4,336",NSBQ,NSBQ4-26,2026-05-22
Q1 2027,80.45,-,80.75,15:53,-0.50,34,5,39,81.00,81.00,80.65,80.75,963,NSBQ,NSBQ1-27,2026-05-22
Q2 2027,-,-,-,-,0.00,-,-,-,-,-,-,37.33,283,NSBQ,NSBQ2-27,2026-05-22
Q3 2027,-,-,-,-,0.00,-,-,-,-,-,-,27.95,276,NSBQ,NSBQ3-27,2026-05-22
Q4 2027,51.00,-,-,-,0.00,-,-,-,-,-,-,51.50,333,NSBQ,NSBQ4-27,2026-05-22
Q1 2028,-,-,68.55,15:52,0.43,6,-,6,68.55,68.55,68.55,68.55,129,NSBQ,NSBQ1-28,2026-05-22
Q2 2028,-,-,-,-,0.00,-,-,-,-,-,-,32.98,32,NSBQ,NSBQ2-28,2026-05-22
Q3 2028,-,-,-,-,0.00,-,-,-,-,-,-,24.43,35,NSBQ,NSBQ3-28,2026-05-22
Q4 2028,-,-,-,-,0.00,-,-,-,-,-,-,49.28,69,NSBQ,NSBQ4-28,2026-05-22
May 2026,-,-,-,-,0.00,-,-,-,-,-,-,73.93,"4,775",NSBM,NSBMMAY-26,2026-05-22
Jun 2026,-,-,58.20,15:59,-0.63,174,45,219,57.50,58.35,57.25,58.18,"5,345",NSBM,NSBMJUN-26,2026-05-22
Jul 2026,50.25,51.90,50.40,15:59,-0.51,64,5,69,50.00,50.50,49.95,50.40,732,NSBM,NSBMJUL-26,2026-05-22
Aug 2026,-,-,56.25,15:15,-0.80,3,10,13,56.25,56.25,56.25,56.15,210,NSBM,NSBMAUG-26,2026-05-22
Sep 2026,-,67.53,65.00,16:05,-0.25,7,5,12,65.00,65.00,65.00,65.00,137,NSBM,NSBMSEP-26,2026-05-22
Oct 2026,-,67.46,65.00,15:58,-0.25,3,3,6,65.00,65.00,65.00,65.00,78,NSBM,NSBMOCT-26,2026-05-22
Nov 2026,-,-,-,-,0.00,-,-,-,-,-,-,77.90,6,NSBM,NSBMNOV-26,2026-05-22
2027,-,-,-,-,0.00,-,1,1,-,-,-,-2.00,681,HLBY,HLBY-27,2026-05-23
2028,-,-,-,-,0.00,-,1,1,-,-,-,1.00,306,HLBY,HLBY-28,2026-05-23
2029,-,-,-,-,0.00,-,-,-,-,-,-,0.88,79,HLBY,HLBY-29,2026-05-23
2030,-,-,-,-,0.00,-,50,50,-,-,-,0.75,50,HLBY,HLBY-30,2026-05-23
Q3 2026,-,-,-5.50,14:39,0.50,2,-,2,-5.50,-5.50,-5.50,-5.55,838,HLBQ,HLBQ3-26,2026-05-23
Q4 2026,-,-,-,-,0.00,-,-,-,-,-,-,-2.61,922,HLBQ,HLBQ4-26,2026-05-23
Q1 2027,-,-,0.60,15:06,0.20,3,-,3,0.50,0.60,0.50,0.60,138,HLBQ,HLBQ1-27,2026-05-23
Q2 2027,-,-,-2.45,13:46,-0.05,3,-,3,-2.45,-2.45,-2.45,-2.45,5,HLBQ,HLBQ2-27,2026-05-23
May 2026,-,-,-,-,0.00,-,-,-,-,-,-,-24.15,"1,071",HLBM,HLBMMAY-26,2026-05-23
Jun 2026,-,-,-,-,0.00,-,-,-,-,-,-,-14.99,"1,008",HLBM,HLBMJUN-26,2026-05-23
Jul 2026,-,-,-,-,0.00,-,-,-,-,-,-,-14.56,92,HLBM,HLBMJUL-26,2026-05-23
Aug 2026,-,-,-,-,0.00,-,-,-,-,-,-,-8.00,14,HLBM,HLBMAUG-26,2026-05-23
2027,-,-,49.10,15:48,-0.16,21,13,34,49.15,49.25,49.00,49.00,"3,728",NSBY,NSBY-27,2026-05-23
2028,-,-,-,-,0.00,-,3,3,-,-,-,43.60,"1,599",NSBY,NSBY-28,2026-05-23
2029,-,-,43.75,16:02,-0.05,1,3,4,43.75,43.75,43.75,43.75,639,NSBY,NSBY-29,2026-05-23
2030,-,-,45.00,15:33,-0.10,1,51,52,45.00,45.00,45.00,45.00,340,NSBY,NSBY-30,2026-05-23
2031,-,-,-,-,0.00,-,-,-,-,-,-,47.33,145,NSBY,NSBY-31,2026-05-23
2032,-,-,-,-,0.00,-,-,-,-,-,-,48.38,53,NSBY,NSBY-32,2026-05-23
2033,-,-,-,-,0.00,-,-,-,-,-,-,48.88,1,NSBY,NSBY-33,2026-05-23
2034,-,-,-,-,0.00,-,-,-,-,-,-,49.38,1,NSBY,NSBY-34,2026-05-23
2035,-,-,-,-,0.00,-,-,-,-,-,-,49.88,0,NSBY,NSBY-35,2026-05-23
2036,-,-,-,-,0.00,-,-,-,-,-,-,50.13,0,NSBY,NSBY-36,2026-05-23
Q3 2026,-,-,57.35,15:59,-0.62,147,29,176,57.25,57.35,56.50,57.18,"5,335",NSBQ,NSBQ3-26,2026-05-23
Q4 2026,-,-,76.15,15:58,-0.20,68,25,93,75.85,76.15,75.70,76.15,"4,368",NSBQ,NSBQ4-26,2026-05-23
Q1 2027,80.45,-,80.75,15:53,-0.50,34,5,39,81.00,81.00,80.65,80.75,987,NSBQ,NSBQ1-27,2026-05-23
Q2 2027,-,-,-,-,0.00,-,-,-,-,-,-,37.33,283,NSBQ,NSBQ2-27,2026-05-23
Q3 2027,-,-,-,-,0.00,-,-,-,-,-,-,27.95,276,NSBQ,NSBQ3-27,2026-05-23
Q4 2027,51.00,-,-,-,0.00,-,-,-,-,-,-,51.50,333,NSBQ,NSBQ4-27,2026-05-23
Q1 2028,-,-,68.55,15:52,0.43,6,-,6,68.55,68.55,68.55,68.55,133,NSBQ,NSBQ1-28,2026-05-23
Q2 2028,-,-,-,-,0.00,-,-,-,-,-,-,32.98,32,NSBQ,NSBQ2-28,2026-05-23
Q3 2028,-,-,-,-,0.00,-,-,-,-,-,-,24.43,35,NSBQ,NSBQ3-28,2026-05-23
Q4 2028,-,-,-,-,0.00,-,-,-,-,-,-,49.28,69,NSBQ,NSBQ4-28,2026-05-23
May 2026,-,-,-,-,0.00,-,-,-,-,-,-,73.93,"4,775",NSBM,NSBMMAY-26,2026-05-23
Jun 2026,-,-,58.20,15:59,-0.63,174,45,219,57.50,58.35,57.25,58.18,"5,396",NSBM,NSBMJUN-26,2026-05-23
Jul 2026,50.25,51.90,50.40,15:59,-0.51,64,5,69,50.00,50.50,49.95,50.40,779,NSBM,NSBMJUL-26,2026-05-23
Aug 2026,-,-,56.25,15:15,-0.80,3,10,13,56.25,56.25,56.25,56.15,200,NSBM,NSBMAUG-26,2026-05-23
Sep 2026,-,67.53,65.00,16:05,-0.25,7,5,12,65.00,65.00,65.00,65.00,149,NSBM,NSBMSEP-26,2026-05-23
Oct 2026,-,67.46,65.00,15:58,-0.25,3,3,6,65.00,65.00,65.00,65.00,84,NSBM,NSBMOCT-26,2026-05-23
Nov 2026,-,-,-,-,0.00,-,-,-,-,-,-,77.90,6,NSBM,NSBMNOV-26,2026-05-23
2027,-,-,-,-,0.00,-,1,1,-,-,-,-2.00,681,HLBY,HLBY-27,2026-05-23
2028,-,-,-,-,0.00,-,1,1,-,-,-,1.00,306,HLBY,HLBY-28,2026-05-23
2029,-,-,-,-,0.00,-,-,-,-,-,-,0.88,79,HLBY,HLBY-29,2026-05-23
2030,-,-,-,-,0.00,-,50,50,-,-,-,0.75,50,HLBY,HLBY-30,2026-05-23
Q3 2026,-,-,-5.50,14:39,0.50,2,-,2,-5.50,-5.50,-5.50,-5.55,838,HLBQ,HLBQ3-26,2026-05-23
Q4 2026,-,-,-,-,0.00,-,-,-,-,-,-,-2.61,922,HLBQ,HLBQ4-26,2026-05-23
Q1 2027,-,-,0.60,15:06,0.20,3,-,3,0.50,0.60,0.50,0.60,138,HLBQ,HLBQ1-27,2026-05-23
Q2 2027,-,-,-2.45,13:46,-0.05,3,-,3,-2.45,-2.45,-2.45,-2.45,5,HLBQ,HLBQ2-27,2026-05-23
May 2026,-,-,-,-,0.00,-,-,-,-,-,-,-24.15,"1,071",HLBM,HLBMMAY-26,2026-05-23
Jun 2026,-,-,-,-,0.00,-,-,-,-,-,-,-14.99,"1,008",HLBM,HLBMJUN-26,2026-05-23
Jul 2026,-,-,-,-,0.00,-,-,-,-,-,-,-14.56,92,HLBM,HLBMJUL-26,2026-05-23
Aug 2026,-,-,-,-,0.00,-,-,-,-,-,-,-8.00,14,HLBM,HLBMAUG-26,2026-05-23
2027,-,-,49.10,15:48,-0.16,21,13,34,49.15,49.25,49.00,49.00,"3,728",NSBY,NSBY-27,2026-05-23
2028,-,-,-,-,0.00,-,3,3,-,-,-,43.60,"1,599",NSBY,NSBY-28,2026-05-23
2029,-,-,43.75,16:02,-0.05,1,3,4,43.75,43.75,43.75,43.75,639,NSBY,NSBY-29,2026-05-23
2030,-,-,45.00,15:33,-0.10,1,51,52,45.00,45.00,45.00,45.00,340,NSBY,NSBY-30,2026-05-23
2031,-,-,-,-,0.00,-,-,-,-,-,-,47.33,145,NSBY,NSBY-31,2026-05-23
2032,-,-,-,-,0.00,-,-,-,-,-,-,48.38,53,NSBY,NSBY-32,2026-05-23
2033,-,-,-,-,0.00,-,-,-,-,-,-,48.88,1,NSBY,NSBY-33,2026-05-23
2034,-,-,-,-,0.00,-,-,-,-,-,-,49.38,1,NSBY,NSBY-34,2026-05-23
2035,-,-,-,-,0.00,-,-,-,-,-,-,49.88,0,NSBY,NSBY-35,2026-05-23
2036,-,-,-,-,0.00,-,-,-,-,-,-,50.13,0,NSBY,NSBY-36,2026-05-23
Q3 2026,-,-,57.35,15:59,-0.62,147,29,176,57.25,57.35,56.50,57.18,"5,335",NSBQ,NSBQ3-26,2026-05-23
Q4 2026,-,-,76.15,15:58,-0.20,68,25,93,75.85,76.15,75.70,76.15,"4,368",NSBQ,NSBQ4-26,2026-05-23
Q1 2027,80.45,-,80.75,15:53,-0.50,34,5,39,81.00,81.00,80.65,80.75,987,NSBQ,NSBQ1-27,2026-05-23
Q2 2027,-,-,-,-,0.00,-,-,-,-,-,-,37.33,283,NSBQ,NSBQ2-27,2026-05-23
Q3 2027,-,-,-,-,0.00,-,-,-,-,-,-,27.95,276,NSBQ,NSBQ3-27,2026-05-23
Q4 2027,51.00,-,-,-,0.00,-,-,-,-,-,-,51.50,333,NSBQ,NSBQ4-27,2026-05-23
Q1 2028,-,-,68.55,15:52,0.43,6,-,6,68.55,68.55,68.55,68.55,133,NSBQ,NSBQ1-28,2026-05-23
Q2 2028,-,-,-,-,0.00,-,-,-,-,-,-,32.98,32,NSBQ,NSBQ2-28,2026-05-23
Q3 2028,-,-,-,-,0.00,-,-,-,-,-,-,24.43,35,NSBQ,NSBQ3-28,2026-05-23
Q4 2028,-,-,-,-,0.00,-,-,-,-,-,-,49.28,69,NSBQ,NSBQ4-28,2026-05-23
May 2026,-,-,-,-,0.00,-,-,-,-,-,-,73.93,"4,775",NSBM,NSBMMAY-26,2026-05-23
Jun 2026,-,-,58.20,15:59,-0.63,174,45,219,57.50,58.35,57.25,58.18,"5,396",NSBM,NSBMJUN-26,2026-05-23
Jul 2026,50.25,51.90,50.40,15:59,-0.51,64,5,69,50.00,50.50,49.95,50.40,779,NSBM,NSBMJUL-26,2026-05-23
Aug 2026,-,-,56.25,15:15,-0.80,3,10,13,56.25,56.25,56.25,56.15,200,NSBM,NSBMAUG-26,2026-05-23
Sep 2026,-,67.53,65.00,16:05,-0.25,7,5,12,65.00,65.00,65.00,65.00,149,NSBM,NSBMSEP-26,2026-05-23
Oct 2026,-,67.46,65.00,15:58,-0.25,3,3,6,65.00,65.00,65.00,65.00,84,NSBM,NSBMOCT-26,2026-05-23
Nov 2026,-,-,-,-,0.00,-,-,-,-,-,-,77.90,6,NSBM,NSBMNOV-26,2026-05-23
2027,-,-,-,-,0.00,-,1,1,-,-,-,-2.00,681,HLBY,HLBY-27,2026-05-23
2028,-,-,-,-,0.00,-,1,1,-,-,-,1.00,306,HLBY,HLBY-28,2026-05-23
2029,-,-,-,-,0.00,-,-,-,-,-,-,0.88,79,HLBY,HLBY-29,2026-05-23
2030,-,-,-,-,0.00,-,50,50,-,-,-,0.75,50,HLBY,HLBY-30,2026-05-23
Q3 2026,-,-,-5.50,14:39,0.50,2,-,2,-5.50,-5.50,-5.50,-5.55,838,HLBQ,HLBQ3-26,2026-05-23
Q4 2026,-,-,-,-,0.00,-,-,-,-,-,-,-2.61,922,HLBQ,HLBQ4-26,2026-05-23
Q1 2027,-,-,0.60,15:06,0.20,3,-,3,0.50,0.60,0.50,0.60,138,HLBQ,HLBQ1-27,2026-05-23
Q2 2027,-,-,-2.45,13:46,-0.05,3,-,3,-2.45,-2.45,-2.45,-2.45,5,HLBQ,HLBQ2-27,2026-05-23
May 2026,-,-,-,-,0.00,-,-,-,-,-,-,-24.15,"1,071",HLBM,HLBMMAY-26,2026-05-23
Jun 2026,-,-,-,-,0.00,-,-,-,-,-,-,-14.99,"1,008",HLBM,HLBMJUN-26,2026-05-23
Jul 2026,-,-,-,-,0.00,-,-,-,-,-,-,-14.56,92,HLBM,HLBMJUL-26,2026-05-23
Aug 2026,-,-,-,-,0.00,-,-,-,-,-,-,-8.00,14,HLBM,HLBMAUG-26,2026-05-23
2027,-,-,49.10,15:48,-0.16,21,13,34,49.15,49.25,49.00,49.00,"3,728",NSBY,NSBY-27,2026-05-23
2028,-,-,-,-,0.00,-,3,3,-,-,-,43.60,"1,599",NSBY,NSBY-28,2026-05-23
2029,-,-,43.75,16:02,-0.05,1,3,4,43.75,43.75,43.75,43.75,639,NSBY,NSBY-29,2026-05-23
2030,-,-,45.00,15:33,-0.10,1,51,52,45.00,45.00,45.00,45.00,340,NSBY,NSBY-30,2026-05-23
2031,-,-,-,-,0.00,-,-,-,-,-,-,47.33,145,NSBY,NSBY-31,2026-05-23
2032,-,-,-,-,0.00,-,-,-,-,-,-,48.38,53,NSBY,NSBY-32,2026-05-23
2033,-,-,-,-,0.00,-,-,-,-,-,-,48.88,1,NSBY,NSBY-33,2026-05-23
2034,-,-,-,-,0.00,-,-,-,-,-,-,49.38,1,NSBY,NSBY-34,2026-05-23
2035,-,-,-,-,0.00,-,-,-,-,-,-,49.88,0,NSBY,NSBY-35,2026-05-23
2036,-,-,-,-,0.00,-,-,-,-,-,-,50.13,0,NSBY,NSBY-36,2026-05-23
Q3 2026,-,-,57.35,15:59,-0.62,147,29,176,57.25,57.35,56.50,57.18,"5,335",NSBQ,NSBQ3-26,2026-05-23
Q4 2026,-,-,76.15,15:58,-0.20,68,25,93,75.85,76.15,75.70,76.15,"4,368",NSBQ,NSBQ4-26,2026-05-23
Q1 2027,80.45,-,80.75,15:53,-0.50,34,5,39,81.00,81.00,80.65,80.75,987,NSBQ,NSBQ1-27,2026-05-23
Q2 2027,-,-,-,-,0.00,-,-,-,-,-,-,37.33,283,NSBQ,NSBQ2-27,2026-05-23
Q3 2027,-,-,-,-,0.00,-,-,-,-,-,-,27.95,276,NSBQ,NSBQ3-27,2026-05-23
Q4 2027,51.00,-,-,-,0.00,-,-,-,-,-,-,51.50,333,NSBQ,NSBQ4-27,2026-05-23
Q1 2028,-,-,68.55,15:52,0.43,6,-,6,68.55,68.55,68.55,68.55,133,NSBQ,NSBQ1-28,2026-05-23
Q2 2028,-,-,-,-,0.00,-,-,-,-,-,-,32.98,32,NSBQ,NSBQ2-28,2026-05-23
Q3 2028,-,-,-,-,0.00,-,-,-,-,-,-,24.43,35,NSBQ,NSBQ3-28,2026-05-23
Q4 2028,-,-,-,-,0.00,-,-,-,-,-,-,49.28,69,NSBQ,NSBQ4-28,2026-05-23
May 2026,-,-,-,-,0.00,-,-,-,-,-,-,73.93,"4,775",NSBM,NSBMMAY-26,2026-05-23
Jun 2026,-,-,58.20,15:59,-0.63,174,45,219,57.50,58.35,57.25,58.18,"5,396",NSBM,NSBMJUN-26,2026-05-23
Jul 2026,50.25,51.90,50.40,15:59,-0.51,64,5,69,50.00,50.50,49.95,50.40,779,NSBM,NSBMJUL-26,2026-05-23
Aug 2026,-,-,56.25,15:15,-0.80,3,10,13,56.25,56.25,56.25,56.15,200,NSBM,NSBMAUG-26,2026-05-23
Sep 2026,-,67.53,65.00,16:05,-0.25,7,5,12,65.00,65.00,65.00,65.00,149,NSBM,NSBMSEP-26,2026-05-23
Oct 2026,-,67.46,65.00,15:58,-0.25,3,3,6,65.00,65.00,65.00,65.00,84,NSBM,NSBMOCT-26,2026-05-23
Nov 2026,-,-,-,-,0.00,-,-,-,-,-,-,77.90,6,NSBM,NSBMNOV-26,2026-05-23
2027,-,-,-,-,0.00,-,1,1,-,-,-,-2.00,681,HLBY,HLBY-27,2026-05-23
2028,-,-,-,-,0.00,-,1,1,-,-,-,1.00,306,HLBY,HLBY-28,2026-05-23
2029,-,-,-,-,0.00,-,-,-,-,-,-,0.88,79,HLBY,HLBY-29,2026-05-23
2030,-,-,-,-,0.00,-,50,50,-,-,-,0.75,50,HLBY,HLBY-30,2026-05-23
Q3 2026,-,-,-5.50,14:39,0.50,2,-,2,-5.50,-5.50,-5.50,-5.55,838,HLBQ,HLBQ3-26,2026-05-23
Q4 2026,-,-,-,-,0.00,-,-,-,-,-,-,-2.61,922,HLBQ,HLBQ4-26,2026-05-23
Q1 2027,-,-,0.60,15:06,0.20,3,-,3,0.50,0.60,0.50,0.60,138,HLBQ,HLBQ1-27,2026-05-23
Q2 2027,-,-,-2.45,13:46,-0.05,3,-,3,-2.45,-2.45,-2.45,-2.45,5,HLBQ,HLBQ2-27,2026-05-23
May 2026,-,-,-,-,0.00,-,-,-,-,-,-,-24.15,"1,071",HLBM,HLBMMAY-26,2026-05-23
Jun 2026,-,-,-,-,0.00,-,-,-,-,-,-,-14.99,"1,008",HLBM,HLBMJUN-26,2026-05-23
Jul 2026,-,-,-,-,0.00,-,-,-,-,-,-,-14.56,92,HLBM,HLBMJUL-26,2026-05-23
Aug 2026,-,-,-,-,0.00,-,-,-,-,-,-,-8.00,14,HLBM,HLBMAUG-26,2026-05-23
2027,-,-,49.10,15:48,-0.16,21,13,34,49.15,49.25,49.00,49.00,"3,728",NSBY,NSBY-27,2026-05-23
2028,-,-,-,-,0.00,-,3,3,-,-,-,43.60,"1,599",NSBY,NSBY-28,2026-05-23
2029,-,-,43.75,16:02,-0.05,1,3,4,43.75,43.75,43.75,43.75,639,NSBY,NSBY-29,2026-05-23
2030,-,-,45.00,15:33,-0.10,1,51,52,45.00,45.00,45.00,45.00,340,NSBY,NSBY-30,2026-05-23
2031,-,-,-,-,0.00,-,-,-,-,-,-,47.33,145,NSBY,NSBY-31,2026-05-23
2032,-,-,-,-,0.00,-,-,-,-,-,-,48.38,53,NSBY,NSBY-32,2026-05-23
2033,-,-,-,-,0.00,-,-,-,-,-,-,48.88,1,NSBY,NSBY-33,2026-05-23
2034,-,-,-,-,0.00,-,-,-,-,-,-,49.38,1,NSBY,NSBY-34,2026-05-23
2035,-,-,-,-,0.00,-,-,-,-,-,-,49.88,0,NSBY,NSBY-35,2026-05-23
2036,-,-,-,-,0.00,-,-,-,-,-,-,50.13,0,NSBY,NSBY-36,2026-05-23
Q3 2026,-,-,57.35,15:59,-0.62,147,29,176,57.25,57.35,56.50,57.18,"5,335",NSBQ,NSBQ3-26,2026-05-23
Q4 2026,-,-,76.15,15:58,-0.20,68,25,93,75.85,76.15,75.70,76.15,"4,368",NSBQ,NSBQ4-26,2026-05-23
Q1 2027,80.45,-,80.75,15:53,-0.50,34,5,39,81.00,81.00,80.65,80.75,987,NSBQ,NSBQ1-27,2026-05-23
Q2 2027,-,-,-,-,0.00,-,-,-,-,-,-,37.33,283,NSBQ,NSBQ2-27,2026-05-23
Q3 2027,-,-,-,-,0.00,-,-,-,-,-,-,27.95,276,NSBQ,NSBQ3-27,2026-05-23
Q4 2027,51.00,-,-,-,0.00,-,-,-,-,-,-,51.50,333,NSBQ,NSBQ4-27,2026-05-23
Q1 2028,-,-,68.55,15:52,0.43,6,-,6,68.55,68.55,68.55,68.55,133,NSBQ,NSBQ1-28,2026-05-23
Q2 2028,-,-,-,-,0.00,-,-,-,-,-,-,32.98,32,NSBQ,NSBQ2-28,2026-05-23
Q3 2028,-,-,-,-,0.00,-,-,-,-,-,-,24.43,35,NSBQ,NSBQ3-28,2026-05-23
Q4 2028,-,-,-,-,0.00,-,-,-,-,-,-,49.28,69,NSBQ,NSBQ4-28,2026-05-23
May 2026,-,-,-,-,0.00,-,-,-,-,-,-,73.93,"4,775",NSBM,NSBMMAY-26,2026-05-23
Jun 2026,-,-,58.20,15:59,-0.63,174,45,219,57.50,58.35,57.25,58.18,"5,396",NSBM,NSBMJUN-26,2026-05-23
Jul 2026,50.25,51.90,50.40,15:59,-0.51,64,5,69,50.00,50.50,49.95,50.40,779,NSBM,NSBMJUL-26,2026-05-23
Aug 2026,-,-,56.25,15:15,-0.80,3,10,13,56.25,56.25,56.25,56.15,200,NSBM,NSBMAUG-26,2026-05-23
Sep 2026,-,67.53,65.00,16:05,-0.25,7,5,12,65.00,65.00,65.00,65.00,149,NSBM,NSBMSEP-26,2026-05-23
Oct 2026,-,67.46,65.00,15:58,-0.25,3,3,6,65.00,65.00,65.00,65.00,84,NSBM,NSBMOCT-26,2026-05-23
Nov 2026,-,-,-,-,0.00,-,-,-,-,-,-,77.90,6,NSBM,NSBMNOV-26,2026-05-23
2027,-,-,-,-,0.00,-,1,1,-,-,-,-2.00,681,HLBY,HLBY-27,2026-05-24
2028,-,-,-,-,0.00,-,1,1,-,-,-,1.00,306,HLBY,HLBY-28,2026-05-24
2029,-,-,-,-,0.00,-,-,-,-,-,-,0.88,79,HLBY,HLBY-29,2026-05-24
2030,-,-,-,-,0.00,-,50,50,-,-,-,0.75,50,HLBY,HLBY-30,2026-05-24
Q3 2026,-,-,-5.50,14:39,0.50,2,-,2,-5.50,-5.50,-5.50,-5.55,838,HLBQ,HLBQ3-26,2026-05-24
Q4 2026,-,-,-,-,0.00,-,-,-,-,-,-,-2.61,922,HLBQ,HLBQ4-26,2026-05-24
Q1 2027,-,-,0.60,15:06,0.20,3,-,3,0.50,0.60,0.50,0.60,138,HLBQ,HLBQ1-27,2026-05-24
Q2 2027,-,-,-2.45,13:46,-0.05,3,-,3,-2.45,-2.45,-2.45,-2.45,5,HLBQ,HLBQ2-27,2026-05-24
May 2026,-,-,-,-,0.00,-,-,-,-,-,-,-24.15,"1,071",HLBM,HLBMMAY-26,2026-05-24
Jun 2026,-,-,-,-,0.00,-,-,-,-,-,-,-14.99,"1,008",HLBM,HLBMJUN-26,2026-05-24
Jul 2026,-,-,-,-,0.00,-,-,-,-,-,-,-14.56,92,HLBM,HLBMJUL-26,2026-05-24
Aug 2026,-,-,-,-,0.00,-,-,-,-,-,-,-8.00,14,HLBM,HLBMAUG-26,2026-05-24
2027,-,-,49.10,15:48,-0.16,21,13,34,49.15,49.25,49.00,49.00,"3,728",NSBY,NSBY-27,2026-05-24
2028,-,-,-,-,0.00,-,3,3,-,-,-,43.60,"1,599",NSBY,NSBY-28,2026-05-24
2029,-,-,43.75,16:02,-0.05,1,3,4,43.75,43.75,43.75,43.75,639,NSBY,NSBY-29,2026-05-24
2030,-,-,45.00,15:33,-0.10,1,51,52,45.00,45.00,45.00,45.00,340,NSBY,NSBY-30,2026-05-24
2031,-,-,-,-,0.00,-,-,-,-,-,-,47.33,145,NSBY,NSBY-31,2026-05-24
2032,-,-,-,-,0.00,-,-,-,-,-,-,48.38,53,NSBY,NSBY-32,2026-05-24
2033,-,-,-,-,0.00,-,-,-,-,-,-,48.88,1,NSBY,NSBY-33,2026-05-24
2034,-,-,-,-,0.00,-,-,-,-,-,-,49.38,1,NSBY,NSBY-34,2026-05-24
2035,-,-,-,-,0.00,-,-,-,-,-,-,49.88,0,NSBY,NSBY-35,2026-05-24
2036,-,-,-,-,0.00,-,-,-,-,-,-,50.13,0,NSBY,NSBY-36,2026-05-24
Q3 2026,-,-,57.35,15:59,-0.62,147,29,176,57.25,57.35,56.50,57.18,"5,335",NSBQ,NSBQ3-26,2026-05-24
Q4 2026,-,-,76.15,15:58,-0.20,68,25,93,75.85,76.15,75.70,76.15,"4,368",NSBQ,NSBQ4-26,2026-05-24
Q1 2027,80.45,-,80.75,15:53,-0.50,34,5,39,81.00,81.00,80.65,80.75,987,NSBQ,NSBQ1-27,2026-05-24
Q2 2027,-,-,-,-,0.00,-,-,-,-,-,-,37.33,283,NSBQ,NSBQ2-27,2026-05-24
Q3 2027,-,-,-,-,0.00,-,-,-,-,-,-,27.95,276,NSBQ,NSBQ3-27,2026-05-24
Q4 2027,51.00,-,-,-,0.00,-,-,-,-,-,-,51.50,333,NSBQ,NSBQ4-27,2026-05-24
Q1 2028,-,-,68.55,15:52,0.43,6,-,6,68.55,68.55,68.55,68.55,133,NSBQ,NSBQ1-28,2026-05-24
Q2 2028,-,-,-,-,0.00,-,-,-,-,-,-,32.98,32,NSBQ,NSBQ2-28,2026-05-24
Q3 2028,-,-,-,-,0.00,-,-,-,-,-,-,24.43,35,NSBQ,NSBQ3-28,2026-05-24
Q4 2028,-,-,-,-,0.00,-,-,-,-,-,-,49.28,69,NSBQ,NSBQ4-28,2026-05-24
May 2026,-,-,-,-,0.00,-,-,-,-,-,-,73.93,"4,775",NSBM,NSBMMAY-26,2026-05-24
Jun 2026,-,-,58.20,15:59,-0.63,174,45,219,57.50,58.35,57.25,58.18,"5,396",NSBM,NSBMJUN-26,2026-05-24
Jul 2026,50.25,51.90,50.40,15:59,-0.51,64,5,69,50.00,50.50,49.95,50.40,779,NSBM,NSBMJUL-26,2026-05-24
Aug 2026,-,-,56.25,15:15,-0.80,3,10,13,56.25,56.25,56.25,56.15,200,NSBM,NSBMAUG-26,2026-05-24
Sep 2026,-,67.53,65.00,16:05,-0.25,7,5,12,65.00,65.00,65.00,65.00,149,NSBM,NSBMSEP-26,2026-05-24
Oct 2026,-,67.46,65.00,15:58,-0.25,3,3,6,65.00,65.00,65.00,65.00,84,NSBM,NSBMOCT-26,2026-05-24
Nov 2026,-,-,-,-,0.00,-,-,-,-,-,-,77.90,6,NSBM,NSBMNOV-26,2026-05-24
2027,-,-,-,-,0.00,-,1,1,-,-,-,-2.00,681,HLBY,HLBY-27,2026-05-24
2028,-,-,-,-,0.00,-,1,1,-,-,-,1.00,306,HLBY,HLBY-28,2026-05-24
2029,-,-,-,-,0.00,-,-,-,-,-,-,0.88,79,HLBY,HLBY-29,2026-05-24
2030,-,-,-,-,0.00,-,50,50,-,-,-,0.75,50,HLBY,HLBY-30,2026-05-24
Q3 2026,-,-,-5.50,14:39,0.50,2,-,2,-5.50,-5.50,-5.50,-5.55,838,HLBQ,HLBQ3-26,2026-05-24
Q4 2026,-,-,-,-,0.00,-,-,-,-,-,-,-2.61,922,HLBQ,HLBQ4-26,2026-05-24
Q1 2027,-,-,0.60,15:06,0.20,3,-,3,0.50,0.60,0.50,0.60,138,HLBQ,HLBQ1-27,2026-05-24
Q2 2027,-,-,-2.45,13:46,-0.05,3,-,3,-2.45,-2.45,-2.45,-2.45,5,HLBQ,HLBQ2-27,2026-05-24
May 2026,-,-,-,-,0.00,-,-,-,-,-,-,-24.15,"1,071",HLBM,HLBMMAY-26,2026-05-24
Jun 2026,-,-,-,-,0.00,-,-,-,-,-,-,-14.99,"1,008",HLBM,HLBMJUN-26,2026-05-24
Jul 2026,-,-,-,-,0.00,-,-,-,-,-,-,-14.56,92,HLBM,HLBMJUL-26,2026-05-24
Aug 2026,-,-,-,-,0.00,-,-,-,-,-,-,-8.00,14,HLBM,HLBMAUG-26,2026-05-24
2027,-,-,49.10,15:48,-0.16,21,13,34,49.15,49.25,49.00,49.00,"3,728",NSBY,NSBY-27,2026-05-24
2028,-,-,-,-,0.00,-,3,3,-,-,-,43.60,"1,599",NSBY,NSBY-28,2026-05-24
2029,-,-,43.75,16:02,-0.05,1,3,4,43.75,43.75,43.75,43.75,639,NSBY,NSBY-29,2026-05-24
2030,-,-,45.00,15:33,-0.10,1,51,52,45.00,45.00,45.00,45.00,340,NSBY,NSBY-30,2026-05-24
2031,-,-,-,-,0.00,-,-,-,-,-,-,47.33,145,NSBY,NSBY-31,2026-05-24
2032,-,-,-,-,0.00,-,-,-,-,-,-,48.38,53,NSBY,NSBY-32,2026-05-24
2033,-,-,-,-,0.00,-,-,-,-,-,-,48.88,1,NSBY,NSBY-33,2026-05-24
2034,-,-,-,-,0.00,-,-,-,-,-,-,49.38,1,NSBY,NSBY-34,2026-05-24
2035,-,-,-,-,0.00,-,-,-,-,-,-,49.88,0,NSBY,NSBY-35,2026-05-24
2036,-,-,-,-,0.00,-,-,-,-,-,-,50.13,0,NSBY,NSBY-36,2026-05-24
Q3 2026,-,-,57.35,15:59,-0.62,147,29,176,57.25,57.35,56.50,57.18,"5,335",NSBQ,NSBQ3-26,2026-05-24
Q4 2026,-,-,76.15,15:58,-0.20,68,25,93,75.85,76.15,75.70,76.15,"4,368",NSBQ,NSBQ4-26,2026-05-24
Q1 2027,80.45,-,80.75,15:53,-0.50,34,5,39,81.00,81.00,80.65,80.75,987,NSBQ,NSBQ1-27,2026-05-24
Q2 2027,-,-,-,-,0.00,-,-,-,-,-,-,37.33,283,NSBQ,NSBQ2-27,2026-05-24
Q3 2027,-,-,-,-,0.00,-,-,-,-,-,-,27.95,276,NSBQ,NSBQ3-27,2026-05-24
Q4 2027,51.00,-,-,-,0.00,-,-,-,-,-,-,51.50,333,NSBQ,NSBQ4-27,2026-05-24
Q1 2028,-,-,68.55,15:52,0.43,6,-,6,68.55,68.55,68.55,68.55,133,NSBQ,NSBQ1-28,2026-05-24
Q2 2028,-,-,-,-,0.00,-,-,-,-,-,-,32.98,32,NSBQ,NSBQ2-28,2026-05-24
Q3 2028,-,-,-,-,0.00,-,-,-,-,-,-,24.43,35,NSBQ,NSBQ3-28,2026-05-24
Q4 2028,-,-,-,-,0.00,-,-,-,-,-,-,49.28,69,NSBQ,NSBQ4-28,2026-05-24
May 2026,-,-,-,-,0.00,-,-,-,-,-,-,73.93,"4,775",NSBM,NSBMMAY-26,2026-05-24
Jun 2026,-,-,58.20,15:59,-0.63,174,45,219,57.50,58.35,57.25,58.18,"5,396",NSBM,NSBMJUN-26,2026-05-24
Jul 2026,50.25,51.90,50.40,15:59,-0.51,64,5,69,50.00,50.50,49.95,50.40,779,NSBM,NSBMJUL-26,2026-05-24
Aug 2026,-,-,56.25,15:15,-0.80,3,10,13,56.25,56.25,56.25,56.15,200,NSBM,NSBMAUG-26,2026-05-24
Sep 2026,-,67.53,65.00,16:05,-0.25,7,5,12,65.00,65.00,65.00,65.00,149,NSBM,NSBMSEP-26,2026-05-24
Oct 2026,-,67.46,65.00,15:58,-0.25,3,3,6,65.00,65.00,65.00,65.00,84,NSBM,NSBMOCT-26,2026-05-24
Nov 2026,-,-,-,-,0.00,-,-,-,-,-,-,77.90,6,NSBM,NSBMNOV-26,2026-05-24
2027,-,-,-,-,0.00,-,1,1,-,-,-,-2.00,681,HLBY,HLBY-27,2026-05-24
2028,-,-,-,-,0.00,-,1,1,-,-,-,1.00,306,HLBY,HLBY-28,2026-05-24
2029,-,-,-,-,0.00,-,-,-,-,-,-,0.88,79,HLBY,HLBY-29,2026-05-24
2030,-,-,-,-,0.00,-,50,50,-,-,-,0.75,50,HLBY,HLBY-30,2026-05-24
Q3 2026,-,-,-5.50,14:39,0.50,2,-,2,-5.50,-5.50,-5.50,-5.55,838,HLBQ,HLBQ3-26,2026-05-24
Q4 2026,-,-,-,-,0.00,-,-,-,-,-,-,-2.61,922,HLBQ,HLBQ4-26,2026-05-24
Q1 2027,-,-,0.60,15:06,0.20,3,-,3,0.50,0.60,0.50,0.60,138,HLBQ,HLBQ1-27,2026-05-24
Q2 2027,-,-,-2.45,13:46,-0.05,3,-,3,-2.45,-2.45,-2.45,-2.45,5,HLBQ,HLBQ2-27,2026-05-24
May 2026,-,-,-,-,0.00,-,-,-,-,-,-,-24.15,"1,071",HLBM,HLBMMAY-26,2026-05-24
Jun 2026,-,-,-,-,0.00,-,-,-,-,-,-,-14.99,"1,008",HLBM,HLBMJUN-26,2026-05-24
Jul 2026,-,-,-,-,0.00,-,-,-,-,-,-,-14.56,92,HLBM,HLBMJUL-26,2026-05-24
Aug 2026,-,-,-,-,0.00,-,-,-,-,-,-,-8.00,14,HLBM,HLBMAUG-26,2026-05-24
2027,-,-,49.10,15:48,-0.16,21,13,34,49.15,49.25,49.00,49.00,"3,728",NSBY,NSBY-27,2026-05-24
2028,-,-,-,-,0.00,-,3,3,-,-,-,43.60,"1,599",NSBY,NSBY-28,2026-05-24
2029,-,-,43.75,16:02,-0.05,1,3,4,43.75,43.75,43.75,43.75,639,NSBY,NSBY-29,2026-05-24
2030,-,-,45.00,15:33,-0.10,1,51,52,45.00,45.00,45.00,45.00,340,NSBY,NSBY-30,2026-05-24
2031,-,-,-,-,0.00,-,-,-,-,-,-,47.33,145,NSBY,NSBY-31,2026-05-24
2032,-,-,-,-,0.00,-,-,-,-,-,-,48.38,53,NSBY,NSBY-32,2026-05-24
2033,-,-,-,-,0.00,-,-,-,-,-,-,48.88,1,NSBY,NSBY-33,2026-05-24
2034,-,-,-,-,0.00,-,-,-,-,-,-,49.38,1,NSBY,NSBY-34,2026-05-24
2035,-,-,-,-,0.00,-,-,-,-,-,-,49.88,0,NSBY,NSBY-35,2026-05-24
2036,-,-,-,-,0.00,-,-,-,-,-,-,50.13,0,NSBY,NSBY-36,2026-05-24
Q3 2026,-,-,57.35,15:59,-0.62,147,29,176,57.25,57.35,56.50,57.18,"5,335",NSBQ,NSBQ3-26,2026-05-24
Q4 2026,-,-,76.15,15:58,-0.20,68,25,93,75.85,76.15,75.70,76.15,"4,368",NSBQ,NSBQ4-26,2026-05-24
Q1 2027,80.45,-,80.75,15:53,-0.50,34,5,39,81.00,81.00,80.65,80.75,987,NSBQ,NSBQ1-27,2026-05-24
Q2 2027,-,-,-,-,0.00,-,-,-,-,-,-,37.33,283,NSBQ,NSBQ2-27,2026-05-24
Q3 2027,-,-,-,-,0.00,-,-,-,-,-,-,27.95,276,NSBQ,NSBQ3-27,2026-05-24
Q4 2027,51.00,-,-,-,0.00,-,-,-,-,-,-,51.50,333,NSBQ,NSBQ4-27,2026-05-24
Q1 2028,-,-,68.55,15:52,0.43,6,-,6,68.55,68.55,68.55,68.55,133,NSBQ,NSBQ1-28,2026-05-24
Q2 2028,-,-,-,-,0.00,-,-,-,-,-,-,32.98,32,NSBQ,NSBQ2-28,2026-05-24
Q3 2028,-,-,-,-,0.00,-,-,-,-,-,-,24.43,35,NSBQ,NSBQ3-28,2026-05-24
Q4 2028,-,-,-,-,0.00,-,-,-,-,-,-,49.28,69,NSBQ,NSBQ4-28,2026-05-24
May 2026,-,-,-,-,0.00,-,-,-,-,-,-,73.93,"4,775",NSBM,NSBMMAY-26,2026-05-24
Jun 2026,-,-,58.20,15:59,-0.63,174,45,219,57.50,58.35,57.25,58.18,"5,396",NSBM,NSBMJUN-26,2026-05-24
Jul 2026,50.25,51.90,50.40,15:59,-0.51,64,5,69,50.00,50.50,49.95,50.40,779,NSBM,NSBMJUL-26,2026-05-24
Aug 2026,-,-,56.25,15:15,-0.80,3,10,13,56.25,56.25,56.25,56.15,200,NSBM,NSBMAUG-26,2026-05-24
Sep 2026,-,67.53,65.00,16:05,-0.25,7,5,12,65.00,65.00,65.00,65.00,149,NSBM,NSBMSEP-26,2026-05-24
Oct 2026,-,67.46,65.00,15:58,-0.25,3,3,6,65.00,65.00,65.00,65.00,84,NSBM,NSBMOCT-26,2026-05-24
Nov 2026,-,-,-,-,0.00,-,-,-,-,-,-,77.90,6,NSBM,NSBMNOV-26,2026-05-24
2027,-,-,-,-,0.00,-,1,1,-,-,-,-2.00,681,HLBY,HLBY-27,2026-05-24
2028,-,-,-,-,0.00,-,1,1,-,-,-,1.00,306,HLBY,HLBY-28,2026-05-24
2029,-,-,-,-,0.00,-,-,-,-,-,-,0.88,79,HLBY,HLBY-29,2026-05-24
2030,-,-,-,-,0.00,-,50,50,-,-,-,0.75,50,HLBY,HLBY-30,2026-05-24
Q3 2026,-,-,-5.50,14:39,0.50,2,-,2,-5.50,-5.50,-5.50,-5.55,838,HLBQ,HLBQ3-26,2026-05-24
Q4 2026,-,-,-,-,0.00,-,-,-,-,-,-,-2.61,922,HLBQ,HLBQ4-26,2026-05-24
Q1 2027,-,-,0.60,15:06,0.20,3,-,3,0.50,0.60,0.50,0.60,138,HLBQ,HLBQ1-27,2026-05-24
Q2 2027,-,-,-2.45,13:46,-0.05,3,-,3,-2.45,-2.45,-2.45,-2.45,5,HLBQ,HLBQ2-27,2026-05-24
May 2026,-,-,-,-,0.00,-,-,-,-,-,-,-24.15,"1,071",HLBM,HLBMMAY-26,2026-05-24
Jun 2026,-,-,-,-,0.00,-,-,-,-,-,-,-14.99,"1,008",HLBM,HLBMJUN-26,2026-05-24
Jul 2026,-,-,-,-,0.00,-,-,-,-,-,-,-14.56,92,HLBM,HLBMJUL-26,2026-05-24
Aug 2026,-,-,-,-,0.00,-,-,-,-,-,-,-8.00,14,HLBM,HLBMAUG-26,2026-05-24
2027,-,-,49.10,15:48,-0.16,21,13,34,49.15,49.25,49.00,49.00,"3,728",NSBY,NSBY-27,2026-05-24
2028,-,-,-,-,0.00,-,3,3,-,-,-,43.60,"1,599",NSBY,NSBY-28,2026-05-24
2029,-,-,43.75,16:02,-0.05,1,3,4,43.75,43.75,43.75,43.75,639,NSBY,NSBY-29,2026-05-24
2030,-,-,45.00,15:33,-0.10,1,51,52,45.00,45.00,45.00,45.00,340,NSBY,NSBY-30,2026-05-24
2031,-,-,-,-,0.00,-,-,-,-,-,-,47.33,145,NSBY,NSBY-31,2026-05-24
2032,-,-,-,-,0.00,-,-,-,-,-,-,48.38,53,NSBY,NSBY-32,2026-05-24
2033,-,-,-,-,0.00,-,-,-,-,-,-,48.88,1,NSBY,NSBY-33,2026-05-24
2034,-,-,-,-,0.00,-,-,-,-,-,-,49.38,1,NSBY,NSBY-34,2026-05-24
2035,-,-,-,-,0.00,-,-,-,-,-,-,49.88,0,NSBY,NSBY-35,2026-05-24
2036,-,-,-,-,0.00,-,-,-,-,-,-,50.13,0,NSBY,NSBY-36,2026-05-24
Q3 2026,-,-,57.35,15:59,-0.62,147,29,176,57.25,57.35,56.50,57.18,"5,335",NSBQ,NSBQ3-26,2026-05-24
Q4 2026,-,-,76.15,15:58,-0.20,68,25,93,75.85,76.15,75.70,76.15,"4,368",NSBQ,NSBQ4-26,2026-05-24
Q1 2027,80.45,-,80.75,15:53,-0.50,34,5,39,81.00,81.00,80.65,80.75,987,NSBQ,NSBQ1-27,2026-05-24
Q2 2027,-,-,-,-,0.00,-,-,-,-,-,-,37.33,283,NSBQ,NSBQ2-27,2026-05-24
Q3 2027,-,-,-,-,0.00,-,-,-,-,-,-,27.95,276,NSBQ,NSBQ3-27,2026-05-24
Q4 2027,51.00,-,-,-,0.00,-,-,-,-,-,-,51.50,333,NSBQ,NSBQ4-27,2026-05-24
Q1 2028,-,-,68.55,15:52,0.43,6,-,6,68.55,68.55,68.55,68.55,133,NSBQ,NSBQ1-28,2026-05-24
Q2 2028,-,-,-,-,0.00,-,-,-,-,-,-,32.98,32,NSBQ,NSBQ2-28,2026-05-24
Q3 2028,-,-,-,-,0.00,-,-,-,-,-,-,24.43,35,NSBQ,NSBQ3-28,2026-05-24
Q4 2028,-,-,-,-,0.00,-,-,-,-,-,-,49.28,69,NSBQ,NSBQ4-28,2026-05-24
May 2026,-,-,-,-,0.00,-,-,-,-,-,-,73.93,"4,775",NSBM,NSBMMAY-26,2026-05-24
Jun 2026,-,-,58.20,15:59,-0.63,174,45,219,57.50,58.35,57.25,58.18,"5,396",NSBM,NSBMJUN-26,2026-05-24
Jul 2026,50.25,51.90,50.40,15:59,-0.51,64,5,69,50.00,50.50,49.95,50.40,779,NSBM,NSBMJUL-26,2026-05-24
Aug 2026,-,-,56.25,15:15,-0.80,3,10,13,56.25,56.25,56.25,56.15,200,NSBM,NSBMAUG-26,2026-05-24
Sep 2026,-,67.53,65.00,16:05,-0.25,7,5,12,65.00,65.00,65.00,65.00,149,NSBM,NSBMSEP-26,2026-05-24
Oct 2026,-,67.46,65.00,15:58,-0.25,3,3,6,65.00,65.00,65.00,65.00,84,NSBM,NSBMOCT-26,2026-05-24
Nov 2026,-,-,-,-,0.00,-,-,-,-,-,-,77.90,6,NSBM,NSBMNOV-26,2026-05-24
2027,-,-,-,-,0.00,-,-,-,-,-,-,-2.00,681,HLBY,HLBY-27,2026-05-25
2028,-,-,-,-,0.00,-,-,-,-,-,-,1.00,306,HLBY,HLBY-28,2026-05-25
2029,-,-,-,-,0.00,-,-,-,-,-,-,0.88,79,HLBY,HLBY-29,2026-05-25
2030,-,-,-,-,0.00,-,-,-,-,-,-,0.75,50,HLBY,HLBY-30,2026-05-25
Q3 2026,-,-,-5.50,14:39,0.50,2,-,2,-5.50,-5.50,-5.50,-5.55,838,HLBQ,HLBQ3-26,2026-05-25
Q4 2026,-,-,-,-,0.00,-,-,-,-,-,-,-2.61,922,HLBQ,HLBQ4-26,2026-05-25
Q1 2027,-,-,0.60,15:06,0.20,3,-,3,0.50,0.60,0.50,0.60,138,HLBQ,HLBQ1-27,2026-05-25
Q2 2027,-,-,-2.45,13:46,-0.05,3,-,3,-2.45,-2.45,-2.45,-2.45,5,HLBQ,HLBQ2-27,2026-05-25
May 2026,-,-,-,-,0.00,-,-,-,-,-,-,-24.15,"1,071",HLBM,HLBMMAY-26,2026-05-25
Jun 2026,-,-,-,-,0.00,-,-,-,-,-,-,-14.99,"1,008",HLBM,HLBMJUN-26,2026-05-25
Jul 2026,-,-,-,-,0.00,-,-,-,-,-,-,-14.56,92,HLBM,HLBMJUL-26,2026-05-25
Aug 2026,-,-,-,-,0.00,-,-,-,-,-,-,-8.00,14,HLBM,HLBMAUG-26,2026-05-25
2027,-,-,49.10,15:48,-0.16,21,13,34,49.15,49.25,49.00,49.00,"3,728",NSBY,NSBY-27,2026-05-25
2028,-,-,-,-,0.00,-,-,-,-,-,-,43.60,"1,599",NSBY,NSBY-28,2026-05-25
2029,-,-,43.75,16:02,-0.05,1,3,4,43.75,43.75,43.75,43.75,639,NSBY,NSBY-29,2026-05-25
2030,-,-,45.00,15:33,-0.10,1,51,52,45.00,45.00,45.00,45.00,340,NSBY,NSBY-30,2026-05-25
2031,-,-,-,-,0.00,-,-,-,-,-,-,47.33,145,NSBY,NSBY-31,2026-05-25
2032,-,-,-,-,0.00,-,-,-,-,-,-,48.38,53,NSBY,NSBY-32,2026-05-25
2033,-,-,-,-,0.00,-,-,-,-,-,-,48.88,1,NSBY,NSBY-33,2026-05-25
2034,-,-,-,-,0.00,-,-,-,-,-,-,49.38,1,NSBY,NSBY-34,2026-05-25
2035,-,-,-,-,0.00,-,-,-,-,-,-,49.88,0,NSBY,NSBY-35,2026-05-25
2036,-,-,-,-,0.00,-,-,-,-,-,-,50.13,0,NSBY,NSBY-36,2026-05-25
Q3 2026,-,-,57.35,15:59,-0.62,147,29,176,57.25,57.35,56.50,57.18,"5,335",NSBQ,NSBQ3-26,2026-05-25
Q4 2026,-,-,76.15,15:58,-0.20,68,25,93,75.85,76.15,75.70,76.15,"4,368",NSBQ,NSBQ4-26,2026-05-25
Q1 2027,80.45,-,80.75,15:53,-0.50,34,5,39,81.00,81.00,80.65,80.75,987,NSBQ,NSBQ1-27,2026-05-25
Q2 2027,-,-,-,-,0.00,-,-,-,-,-,-,37.33,283,NSBQ,NSBQ2-27,2026-05-25
Q3 2027,-,-,-,-,0.00,-,-,-,-,-,-,27.95,276,NSBQ,NSBQ3-27,2026-05-25
Q4 2027,51.00,-,-,-,0.00,-,-,-,-,-,-,51.50,333,NSBQ,NSBQ4-27,2026-05-25
Q1 2028,-,-,68.55,15:52,0.43,6,-,6,68.55,68.55,68.55,68.55,133,NSBQ,NSBQ1-28,2026-05-25
Q2 2028,-,-,-,-,0.00,-,-,-,-,-,-,32.98,32,NSBQ,NSBQ2-28,2026-05-25
Q3 2028,-,-,-,-,0.00,-,-,-,-,-,-,24.43,35,NSBQ,NSBQ3-28,2026-05-25
Q4 2028,-,-,-,-,0.00,-,-,-,-,-,-,49.28,69,NSBQ,NSBQ4-28,2026-05-25
May 2026,-,-,-,-,0.00,-,-,-,-,-,-,73.93,"4,775",NSBM,NSBMMAY-26,2026-05-25
Jun 2026,-,-,58.20,15:59,-0.63,174,45,219,57.50,58.35,57.25,58.18,"5,396",NSBM,NSBMJUN-26,2026-05-25
Jul 2026,50.25,51.90,50.40,15:59,-0.51,64,5,69,50.00,50.50,49.95,50.40,779,NSBM,NSBMJUL-26,2026-05-25
Aug 2026,-,-,56.25,15:15,-0.80,3,10,13,56.25,56.25,56.25,56.15,200,NSBM,NSBMAUG-26,2026-05-25
Sep 2026,-,67.53,65.00,16:05,-0.25,7,5,12,65.00,65.00,65.00,65.00,149,NSBM,NSBMSEP-26,2026-05-25
Oct 2026,-,67.46,65.00,15:58,-0.25,3,3,6,65.00,65.00,65.00,65.00,84,NSBM,NSBMOCT-26,2026-05-25
Nov 2026,-,-,-,-,0.00,-,-,-,-,-,-,77.90,6,NSBM,NSBMNOV-26,2026-05-25
2027,-,-,-,-,0.00,-,-,-,-,-,-,-2.00,681,HLBY,HLBY-27,2026-05-25
2028,-,-,-,-,0.00,-,-,-,-,-,-,1.00,306,HLBY,HLBY-28,2026-05-25
2029,-,-,-,-,0.00,-,-,-,-,-,-,0.88,79,HLBY,HLBY-29,2026-05-25
2030,-,-,-,-,0.00,-,-,-,-,-,-,0.75,50,HLBY,HLBY-30,2026-05-25
Q3 2026,-,-,-,-,0.00,-,-,-,-,-,-,-5.55,838,HLBQ,HLBQ3-26,2026-05-25
Q4 2026,-,-,-,-,0.00,-,-,-,-,-,-,-2.61,922,HLBQ,HLBQ4-26,2026-05-25
Q1 2027,-,-,-,-,0.00,-,-,-,-,-,-,0.60,138,HLBQ,HLBQ1-27,2026-05-25
Q2 2027,-,-,-,-,0.00,-,-,-,-,-,-,-2.45,5,HLBQ,HLBQ2-27,2026-05-25
May 2026,-,-,-,-,0.00,-,-,-,-,-,-,-24.15,"1,071",HLBM,HLBMMAY-26,2026-05-25
Jun 2026,-,-,-,-,0.00,-,-,-,-,-,-,-14.99,"1,008",HLBM,HLBMJUN-26,2026-05-25
Jul 2026,-,-,-,-,0.00,-,-,-,-,-,-,-14.56,92,HLBM,HLBMJUL-26,2026-05-25
Aug 2026,-,-,-,-,0.00,-,-,-,-,-,-,-8.00,14,HLBM,HLBMAUG-26,2026-05-25
2027,-,-,-,-,0.00,-,-,-,-,-,-,49.00,"3,728",NSBY,NSBY-27,2026-05-25
2028,-,-,-,-,0.00,-,-,-,-,-,-,43.60,"1,599",NSBY,NSBY-28,2026-05-25
2029,-,-,-,-,0.00,-,-,-,-,-,-,43.75,639,NSBY,NSBY-29,2026-05-25
2030,-,-,-,-,0.00,-,-,-,-,-,-,45.00,340,NSBY,NSBY-30,2026-05-25
2031,-,-,-,-,0.00,-,-,-,-,-,-,47.33,145,NSBY,NSBY-31,2026-05-25
2032,-,-,-,-,0.00,-,-,-,-,-,-,48.38,53,NSBY,NSBY-32,2026-05-25
2033,-,-,-,-,0.00,-,-,-,-,-,-,48.88,1,NSBY,NSBY-33,2026-05-25
2034,-,-,-,-,0.00,-,-,-,-,-,-,49.38,1,NSBY,NSBY-34,2026-05-25
2035,-,-,-,-,0.00,-,-,-,-,-,-,49.88,0,NSBY,NSBY-35,2026-05-25
2036,-,-,-,-,0.00,-,-,-,-,-,-,50.13,0,NSBY,NSBY-36,2026-05-25
Q3 2026,-,-,-,-,0.00,-,-,-,-,-,-,57.18,"5,335",NSBQ,NSBQ3-26,2026-05-25
Q4 2026,-,-,-,-,0.00,-,-,-,-,-,-,76.15,"4,368",NSBQ,NSBQ4-26,2026-05-25
Q1 2027,-,-,-,-,0.00,-,-,-,-,-,-,80.75,987,NSBQ,NSBQ1-27,2026-05-25
Q2 2027,-,-,-,-,0.00,-,-,-,-,-,-,37.33,283,NSBQ,NSBQ2-27,2026-05-25
Q3 2027,-,-,-,-,0.00,-,-,-,-,-,-,27.95,276,NSBQ,NSBQ3-27,2026-05-25
Q4 2027,-,-,-,-,0.00,-,-,-,-,-,-,51.50,333,NSBQ,NSBQ4-27,2026-05-25
Q1 2028,-,-,-,-,0.00,-,-,-,-,-,-,68.55,133,NSBQ,NSBQ1-28,2026-05-25
Q2 2028,-,-,-,-,0.00,-,-,-,-,-,-,32.98,32,NSBQ,NSBQ2-28,2026-05-25
Q3 2028,-,-,-,-,0.00,-,-,-,-,-,-,24.43,35,NSBQ,NSBQ3-28,2026-05-25
Q4 2028,-,-,-,-,0.00,-,-,-,-,-,-,49.28,69,NSBQ,NSBQ4-28,2026-05-25
May 2026,-,-,-,-,0.00,-,-,-,-,-,-,73.93,"4,775",NSBM,NSBMMAY-26,2026-05-25
Jun 2026,-,-,-,-,0.00,-,-,-,-,-,-,58.18,"5,396",NSBM,NSBMJUN-26,2026-05-25
Jul 2026,-,-,-,-,0.00,-,-,-,-,-,-,50.40,779,NSBM,NSBMJUL-26,2026-05-25
Aug 2026,-,-,-,-,0.00,-,-,-,-,-,-,56.15,200,NSBM,NSBMAUG-26,2026-05-25
Sep 2026,-,-,-,-,0.00,-,-,-,-,-,-,65.00,149,NSBM,NSBMSEP-26,2026-05-25
Oct 2026,-,-,-,-,0.00,-,-,-,-,-,-,65.00,84,NSBM,NSBMOCT-26,2026-05-25
Nov 2026,-,-,-,-,0.00,-,-,-,-,-,-,77.90,6,NSBM,NSBMNOV-26,2026-05-25
2027,-,-,-,-,0.00,-,-,-,-,-,-,-2.00,681,HLBY,HLBY-27,2026-05-25
2028,-,-,-,-,0.00,-,-,-,-,-,-,1.00,306,HLBY,HLBY-28,2026-05-25
2029,-,-,-,-,0.00,-,-,-,-,-,-,0.88,79,HLBY,HLBY-29,2026-05-25
2030,-,-,-,-,0.00,-,-,-,-,-,-,0.75,50,HLBY,HLBY-30,2026-05-25
Q3 2026,-,-,-,-,0.00,-,-,-,-,-,-,-5.55,838,HLBQ,HLBQ3-26,2026-05-25
Q4 2026,-,-,-,-,0.00,-,-,-,-,-,-,-2.61,922,HLBQ,HLBQ4-26,2026-05-25
Q1 2027,-,-,-,-,0.00,-,-,-,-,-,-,0.60,138,HLBQ,HLBQ1-27,2026-05-25
Q2 2027,-,-,-,-,0.00,-,-,-,-,-,-,-2.45,5,HLBQ,HLBQ2-27,2026-05-25
May 2026,-,-,-,-,0.00,-,-,-,-,-,-,-24.15,"1,071",HLBM,HLBMMAY-26,2026-05-25
Jun 2026,-,-,-,-,0.00,-,-,-,-,-,-,-14.99,"1,008",HLBM,HLBMJUN-26,2026-05-25
Jul 2026,-,-,-,-,0.00,-,-,-,-,-,-,-14.56,92,HLBM,HLBMJUL-26,2026-05-25
Aug 2026,-,-,-,-,0.00,-,-,-,-,-,-,-8.00,14,HLBM,HLBMAUG-26,2026-05-25
2027,-,-,-,-,0.00,-,-,-,-,-,-,49.00,"3,728",NSBY,NSBY-27,2026-05-25
2028,-,-,-,-,0.00,-,-,-,-,-,-,43.60,"1,599",NSBY,NSBY-28,2026-05-25
2029,-,-,-,-,0.00,-,-,-,-,-,-,43.75,639,NSBY,NSBY-29,2026-05-25
2030,-,-,-,-,0.00,-,-,-,-,-,-,45.00,340,NSBY,NSBY-30,2026-05-25
2031,-,-,-,-,0.00,-,-,-,-,-,-,47.33,145,NSBY,NSBY-31,2026-05-25
2032,-,-,-,-,0.00,-,-,-,-,-,-,48.38,53,NSBY,NSBY-32,2026-05-25
2033,-,-,-,-,0.00,-,-,-,-,-,-,48.88,1,NSBY,NSBY-33,2026-05-25
2034,-,-,-,-,0.00,-,-,-,-,-,-,49.38,1,NSBY,NSBY-34,2026-05-25
2035,-,-,-,-,0.00,-,-,-,-,-,-,49.88,0,NSBY,NSBY-35,2026-05-25
2036,-,-,-,-,0.00,-,-,-,-,-,-,50.13,0,NSBY,NSBY-36,2026-05-25
Q3 2026,-,-,-,-,0.00,-,-,-,-,-,-,57.18,"5,335",NSBQ,NSBQ3-26,2026-05-25
Q4 2026,-,-,-,-,0.00,-,-,-,-,-,-,76.15,"4,368",NSBQ,NSBQ4-26,2026-05-25
Q1 2027,-,-,-,-,0.00,-,-,-,-,-,-,80.75,987,NSBQ,NSBQ1-27,2026-05-25
Q2 2027,-,-,-,-,0.00,-,-,-,-,-,-,37.33,283,NSBQ,NSBQ2-27,2026-05-25
Q3 2027,-,-,-,-,0.00,-,-,-,-,-,-,27.95,276,NSBQ,NSBQ3-27,2026-05-25
Q4 2027,-,-,-,-,0.00,-,-,-,-,-,-,51.50,333,NSBQ,NSBQ4-27,2026-05-25
Q1 2028,-,-,-,-,0.00,-,-,-,-,-,-,68.55,133,NSBQ,NSBQ1-28,2026-05-25
Q2 2028,-,-,-,-,0.00,-,-,-,-,-,-,32.98,32,NSBQ,NSBQ2-28,2026-05-25
Q3 2028,-,-,-,-,0.00,-,-,-,-,-,-,24.43,35,NSBQ,NSBQ3-28,2026-05-25
Q4 2028,-,-,-,-,0.00,-,-,-,-,-,-,49.28,69,NSBQ,NSBQ4-28,2026-05-25
May 2026,-,-,-,-,0.00,-,-,-,-,-,-,73.93,"4,775",NSBM,NSBMMAY-26,2026-05-25
Jun 2026,-,-,-,-,0.00,-,-,-,-,-,-,58.18,"5,396",NSBM,NSBMJUN-26,2026-05-25
Jul 2026,-,-,-,-,0.00,-,-,-,-,-,-,50.40,779,NSBM,NSBMJUL-26,2026-05-25
Aug 2026,-,-,-,-,0.00,-,-,-,-,-,-,56.15,200,NSBM,NSBMAUG-26,2026-05-25
Sep 2026,-,-,-,-,0.00,-,-,-,-,-,-,65.00,149,NSBM,NSBMSEP-26,2026-05-25
Oct 2026,-,-,-,-,0.00,-,-,-,-,-,-,65.00,84,NSBM,NSBMOCT-26,2026-05-25
Nov 2026,-,-,-,-,0.00,-,-,-,-,-,-,77.90,6,NSBM,NSBMNOV-26,2026-05-25
2027,-,-,-,-,0.00,-,-,-,-,-,-,-2.00,681,HLBY,HLBY-27,2026-05-25
2028,-,-,-,-,0.00,-,-,-,-,-,-,1.00,306,HLBY,HLBY-28,2026-05-25
2029,-,-,-,-,0.00,-,-,-,-,-,-,0.88,79,HLBY,HLBY-29,2026-05-25
2030,-,-,-,-,0.00,-,-,-,-,-,-,0.75,50,HLBY,HLBY-30,2026-05-25
Q3 2026,-,-,-,-,0.00,-,-,-,-,-,-,-5.55,838,HLBQ,HLBQ3-26,2026-05-25
Q4 2026,-,-,-,-,0.00,-,-,-,-,-,-,-2.61,922,HLBQ,HLBQ4-26,2026-05-25
Q1 2027,-,-,-,-,0.00,-,-,-,-,-,-,0.60,138,HLBQ,HLBQ1-27,2026-05-25
Q2 2027,-,-,-,-,0.00,-,-,-,-,-,-,-2.45,5,HLBQ,HLBQ2-27,2026-05-25
May 2026,-,-,-,-,0.00,-,-,-,-,-,-,-24.15,"1,071",HLBM,HLBMMAY-26,2026-05-25
Jun 2026,-,-,-,-,0.00,-,-,-,-,-,-,-14.99,"1,008",HLBM,HLBMJUN-26,2026-05-25
Jul 2026,-,-,-,-,0.00,-,-,-,-,-,-,-14.56,92,HLBM,HLBMJUL-26,2026-05-25
Aug 2026,-,-,-,-,0.00,-,-,-,-,-,-,-8.00,14,HLBM,HLBMAUG-26,2026-05-25
2027,-,-,-,-,0.00,-,-,-,-,-,-,49.00,"3,728",NSBY,NSBY-27,2026-05-25
2028,-,-,-,-,0.00,-,-,-,-,-,-,43.60,"1,599",NSBY,NSBY-28,2026-05-25
2029,-,-,-,-,0.00,-,-,-,-,-,-,43.75,639,NSBY,NSBY-29,2026-05-25
2030,-,-,-,-,0.00,-,-,-,-,-,-,45.00,340,NSBY,NSBY-30,2026-05-25
2031,-,-,-,-,0.00,-,-,-,-,-,-,47.33,145,NSBY,NSBY-31,2026-05-25
2032,-,-,-,-,0.00,-,-,-,-,-,-,48.38,53,NSBY,NSBY-32,2026-05-25
2033,-,-,-,-,0.00,-,-,-,-,-,-,48.88,1,NSBY,NSBY-33,2026-05-25
2034,-,-,-,-,0.00,-,-,-,-,-,-,49.38,1,NSBY,NSBY-34,2026-05-25
2035,-,-,-,-,0.00,-,-,-,-,-,-,49.88,0,NSBY,NSBY-35,2026-05-25
2036,-,-,-,-,0.00,-,-,-,-,-,-,50.13,0,NSBY,NSBY-36,2026-05-25
Q3 2026,-,-,-,-,0.00,-,-,-,-,-,-,57.18,"5,335",NSBQ,NSBQ3-26,2026-05-25
Q4 2026,-,-,-,-,0.00,-,-,-,-,-,-,76.15,"4,368",NSBQ,NSBQ4-26,2026-05-25
Q1 2027,-,-,-,-,0.00,-,-,-,-,-,-,80.75,987,NSBQ,NSBQ1-27,2026-05-25
Q2 2027,-,-,-,-,0.00,-,-,-,-,-,-,37.33,283,NSBQ,NSBQ2-27,2026-05-25
Q3 2027,-,-,-,-,0.00,-,-,-,-,-,-,27.95,276,NSBQ,NSBQ3-27,2026-05-25
Q4 2027,-,-,-,-,0.00,-,-,-,-,-,-,51.50,333,NSBQ,NSBQ4-27,2026-05-25
Q1 2028,-,-,-,-,0.00,-,-,-,-,-,-,68.55,133,NSBQ,NSBQ1-28,2026-05-25
Q2 2028,-,-,-,-,0.00,-,-,-,-,-,-,32.98,32,NSBQ,NSBQ2-28,2026-05-25
Q3 2028,-,-,-,-,0.00,-,-,-,-,-,-,24.43,35,NSBQ,NSBQ3-28,2026-05-25
Q4 2028,-,-,-,-,0.00,-,-,-,-,-,-,49.28,69,NSBQ,NSBQ4-28,2026-05-25
May 2026,-,-,-,-,0.00,-,-,-,-,-,-,73.93,"4,775",NSBM,NSBMMAY-26,2026-05-25
Jun 2026,-,-,-,-,0.00,-,-,-,-,-,-,58.18,"5,396",NSBM,NSBMJUN-26,2026-05-25
Jul 2026,-,-,-,-,0.00,-,-,-,-,-,-,50.40,779,NSBM,NSBMJUL-26,2026-05-25
Aug 2026,-,-,-,-,0.00,-,-,-,-,-,-,56.15,200,NSBM,NSBMAUG-26,2026-05-25
Sep 2026,-,-,-,-,0.00,-,-,-,-,-,-,65.00,149,NSBM,NSBMSEP-26,2026-05-25
Oct 2026,-,-,-,-,0.00,-,-,-,-,-,-,65.00,84,NSBM,NSBMOCT-26,2026-05-25
Nov 2026,-,-,-,-,0.00,-,-,-,-,-,-,77.90,6,NSBM,NSBMNOV-26,2026-05-25
2027,-,-,-,-,0.00,-,-,-,-,-,-,-2.00,681,HLBY,HLBY-27,2026-05-25
2028,-,-,-,-,0.00,-,-,-,-,-,-,1.00,306,HLBY,HLBY-28,2026-05-25
2029,-,-,-,-,0.00,-,-,-,-,-,-,0.88,79,HLBY,HLBY-29,2026-05-25
2030,-,-,-,-,0.00,-,-,-,-,-,-,0.75,50,HLBY,HLBY-30,2026-05-25
Q3 2026,-,-,-,-,0.00,-,-,-,-,-,-,-5.55,838,HLBQ,HLBQ3-26,2026-05-25
Q4 2026,-,-,-,-,0.00,-,-,-,-,-,-,-2.61,922,HLBQ,HLBQ4-26,2026-05-25
Q1 2027,-,-,-,-,0.00,-,-,-,-,-,-,0.60,138,HLBQ,HLBQ1-27,2026-05-25
Q2 2027,-,-,-,-,0.00,-,-,-,-,-,-,-2.45,5,HLBQ,HLBQ2-27,2026-05-25
May 2026,-,-,-,-,0.00,-,-,-,-,-,-,-24.15,"1,071",HLBM,HLBMMAY-26,2026-05-25
Jun 2026,-,-,-,-,0.00,-,-,-,-,-,-,-14.99,"1,008",HLBM,HLBMJUN-26,2026-05-25
Jul 2026,-,-,-,-,0.00,-,-,-,-,-,-,-14.56,92,HLBM,HLBMJUL-26,2026-05-25
Aug 2026,-,-,-,-,0.00,-,-,-,-,-,-,-8.00,14,HLBM,HLBMAUG-26,2026-05-25
2027,-,-,-,-,0.00,-,-,-,-,-,-,49.00,"3,728",NSBY,NSBY-27,2026-05-25
2028,-,-,-,-,0.00,-,-,-,-,-,-,43.60,"1,599",NSBY,NSBY-28,2026-05-25
2029,-,-,-,-,0.00,-,-,-,-,-,-,43.75,639,NSBY,NSBY-29,2026-05-25
2030,-,-,-,-,0.00,-,-,-,-,-,-,45.00,340,NSBY,NSBY-30,2026-05-25
2031,-,-,-,-,0.00,-,-,-,-,-,-,47.33,145,NSBY,NSBY-31,2026-05-25
2032,-,-,-,-,0.00,-,-,-,-,-,-,48.38,53,NSBY,NSBY-32,2026-05-25
2033,-,-,-,-,0.00,-,-,-,-,-,-,48.88,1,NSBY,NSBY-33,2026-05-25
2034,-,-,-,-,0.00,-,-,-,-,-,-,49.38,1,NSBY,NSBY-34,2026-05-25
2035,-,-,-,-,0.00,-,-,-,-,-,-,49.88,0,NSBY,NSBY-35,2026-05-25
2036,-,-,-,-,0.00,-,-,-,-,-,-,50.13,0,NSBY,NSBY-36,2026-05-25
Q3 2026,-,-,-,-,0.00,-,-,-,-,-,-,57.18,"5,335",NSBQ,NSBQ3-26,2026-05-25
Q4 2026,-,-,-,-,0.00,-,-,-,-,-,-,76.15,"4,368",NSBQ,NSBQ4-26,2026-05-25
Q1 2027,-,-,-,-,0.00,-,-,-,-,-,-,80.75,987,NSBQ,NSBQ1-27,2026-05-25
Q2 2027,-,-,-,-,0.00,-,-,-,-,-,-,37.33,283,NSBQ,NSBQ2-27,2026-05-25
Q3 2027,-,-,-,-,0.00,-,-,-,-,-,-,27.95,276,NSBQ,NSBQ3-27,2026-05-25
Q4 2027,-,-,-,-,0.00,-,-,-,-,-,-,51.50,333,NSBQ,NSBQ4-27,2026-05-25
Q1 2028,-,-,-,-,0.00,-,-,-,-,-,-,68.55,133,NSBQ,NSBQ1-28,2026-05-25
Q2 2028,-,-,-,-,0.00,-,-,-,-,-,-,32.98,32,NSBQ,NSBQ2-28,2026-05-25
Q3 2028,-,-,-,-,0.00,-,-,-,-,-,-,24.43,35,NSBQ,NSBQ3-28,2026-05-25
Q4 2028,-,-,-,-,0.00,-,-,-,-,-,-,49.28,69,NSBQ,NSBQ4-28,2026-05-25
May 2026,-,-,-,-,0.00,-,-,-,-,-,-,73.93,"4,775",NSBM,NSBMMAY-26,2026-05-25
Jun 2026,-,-,-,-,0.00,-,-,-,-,-,-,58.18,"5,396",NSBM,NSBMJUN-26,2026-05-25
Jul 2026,-,-,-,-,0.00,-,-,-,-,-,-,50.40,779,NSBM,NSBMJUL-26,2026-05-25
Aug 2026,-,-,-,-,0.00,-,-,-,-,-,-,56.15,200,NSBM,NSBMAUG-26,2026-05-25
Sep 2026,-,-,-,-,0.00,-,-,-,-,-,-,65.00,149,NSBM,NSBMSEP-26,2026-05-25
Oct 2026,-,-,-,-,0.00,-,-,-,-,-,-,65.00,84,NSBM,NSBMOCT-26,2026-05-25
Nov 2026,-,-,-,-,0.00,-,-,-,-,-,-,77.90,6,NSBM,NSBMNOV-26,2026-05-25
2027,-,-,-,-,0.00,-,3,3,-,-,-,-1.92,682,HLBY,HLBY-27,2026-05-26
2028,-,-,-,-,0.00,-,-,-,-,-,-,1.00,306,HLBY,HLBY-28,2026-05-26
2029,-,-,-,-,0.00,-,1,1,-,-,-,1.15,79,HLBY,HLBY-29,2026-05-26
2030,-,-,-,-,0.00,-,-,-,-,-,-,0.80,50,HLBY,HLBY-30,2026-05-26
Q3 2026,-,-,-,-,0.00,-,-,-,-,-,-,-5.40,838,HLBQ,HLBQ3-26,2026-05-26
Q4 2026,-,-,-,-,0.00,-,1,1,-,-,-,-2.80,922,HLBQ,HLBQ4-26,2026-05-26
Q1 2027,-,-,-,-,0.00,-,2,2,-,-,-,0.55,138,HLBQ,HLBQ1-27,2026-05-26
Q2 2027,-,-2.15,-,-,0.00,-,-,-,-,-,-,-3.07,5,HLBQ,HLBQ2-27,2026-05-26
May 2026,-,-,-,-,0.00,-,-,-,-,-,-,-23.19,"1,071",HLBM,HLBMMAY-26,2026-05-26
Jun 2026,-,-,-15.00,13:22,-0.01,1,-,1,-15.00,-15.00,-15.00,-15.00,"1,008",HLBM,HLBMJUN-26,2026-05-26
Jul 2026,-,-,-,-,0.00,-,-,-,-,-,-,-14.60,92,HLBM,HLBMJUL-26,2026-05-26
Aug 2026,-,-,-,-,0.00,-,-,-,-,-,-,-7.94,14,HLBM,HLBMAUG-26,2026-05-26
2027,-,-,48.50,16:06,-0.50,24,26,50,48.30,48.50,48.30,48.50,"3,726",NSBY,NSBY-27,2026-05-26
2028,-,-,43.60,15:44,0.00,6,1,7,43.50,43.60,43.50,43.60,"1,599",NSBY,NSBY-28,2026-05-26
2029,-,-,43.75,15:54,0.00,1,-,1,43.75,43.75,43.75,43.75,639,NSBY,NSBY-29,2026-05-26
2030,-,-,-,-,0.00,-,-,-,-,-,-,45.11,340,NSBY,NSBY-30,2026-05-26
2031,-,-,-,-,0.00,-,-,-,-,-,-,46.98,145,NSBY,NSBY-31,2026-05-26
2032,-,-,-,-,0.00,-,-,-,-,-,-,48.38,53,NSBY,NSBY-32,2026-05-26
2033,-,-,-,-,0.00,-,-,-,-,-,-,48.88,1,NSBY,NSBY-33,2026-05-26
2034,-,-,-,-,0.00,-,-,-,-,-,-,49.38,1,NSBY,NSBY-34,2026-05-26
2035,-,-,-,-,0.00,-,-,-,-,-,-,49.88,0,NSBY,NSBY-35,2026-05-26
2036,-,-,-,-,0.00,-,-,-,-,-,-,50.13,0,NSBY,NSBY-36,2026-05-26
Q3 2026,-,-,55.70,15:59,-1.48,114,95,209,54.30,56.10,54.30,55.68,"5,322",NSBQ,NSBQ3-26,2026-05-26
Q4 2026,-,-,74.75,15:59,-1.40,27,82,109,74.24,75.00,74.24,74.88,"4,368",NSBQ,NSBQ4-26,2026-05-26
Q1 2027,79.70,-,79.95,16:00,-0.80,12,9,21,79.90,80.00,79.80,79.95,982,NSBQ,NSBQ1-27,2026-05-26
Q2 2027,36.05,-,36.75,15:57,-0.58,13,-,13,36.60,36.75,36.60,36.75,283,NSBQ,NSBQ2-27,2026-05-26
Q3 2027,-,-,27.50,15:34,-0.45,1,-,1,27.50,27.50,27.50,27.50,276,NSBQ,NSBQ3-27,2026-05-26
Q4 2027,-,-,51.00,15:28,-0.50,3,-,3,51.00,51.00,51.00,51.00,333,NSBQ,NSBQ4-27,2026-05-26
Q1 2028,-,-,68.50,15:49,-0.05,5,-,5,68.50,68.50,68.50,68.50,133,NSBQ,NSBQ1-28,2026-05-26
Q2 2028,-,-,-,-,0.00,-,-,-,-,-,-,32.90,32,NSBQ,NSBQ2-28,2026-05-26
Q3 2028,-,-,-,-,0.00,-,-,-,-,-,-,24.58,35,NSBQ,NSBQ3-28,2026-05-26
Q4 2028,-,-,-,-,0.00,-,-,-,-,-,-,49.48,69,NSBQ,NSBQ4-28,2026-05-26
May 2026,-,-,-,-,0.00,-,-,-,-,-,-,73.93,"4,775",NSBM,NSBMMAY-26,2026-05-26
Jun 2026,-,-,57.30,15:56,-0.88,143,26,169,55.65,57.80,55.55,57.35,"5,333",NSBM,NSBMJUN-26,2026-05-26
Jul 2026,-,-,48.90,15:54,-1.50,44,30,74,48.90,49.50,48.60,48.90,779,NSBM,NSBMJUL-26,2026-05-26
Aug 2026,-,-,55.00,14:35,-1.15,4,-,4,55.00,55.00,55.00,55.00,200,NSBM,NSBMAUG-26,2026-05-26
Sep 2026,-,66.79,63.70,15:27,-1.30,4,-,4,63.65,63.70,63.50,63.70,144,NSBM,NSBMSEP-26,2026-05-26
Oct 2026,-,-,-,-,0.00,-,-,-,-,-,-,62.72,84,NSBM,NSBMOCT-26,2026-05-26
Nov 2026,-,-,-,-,0.00,-,-,-,-,-,-,77.45,6,NSBM,NSBMNOV-26,2026-05-26
2027,-,-,-,-,0.00,-,3,3,-,-,-,-1.92,682,HLBY,HLBY-27,2026-05-26
2028,-,-,-,-,0.00,-,-,-,-,-,-,1.00,306,HLBY,HLBY-28,2026-05-26
2029,-,-,-,-,0.00,-,1,1,-,-,-,1.15,79,HLBY,HLBY-29,2026-05-26
2030,-,-,-,-,0.00,-,-,-,-,-,-,0.80,50,HLBY,HLBY-30,2026-05-26
Q3 2026,-,-,-,-,0.00,-,-,-,-,-,-,-5.40,838,HLBQ,HLBQ3-26,2026-05-26
Q4 2026,-,-,-,-,0.00,-,1,1,-,-,-,-2.80,922,HLBQ,HLBQ4-26,2026-05-26
Q1 2027,-,-,-,-,0.00,-,2,2,-,-,-,0.55,138,HLBQ,HLBQ1-27,2026-05-26
Q2 2027,-,-2.15,-,-,0.00,-,-,-,-,-,-,-3.07,5,HLBQ,HLBQ2-27,2026-05-26
May 2026,-,-,-,-,0.00,-,-,-,-,-,-,-23.19,"1,071",HLBM,HLBMMAY-26,2026-05-26
Jun 2026,-,-,-15.00,13:22,-0.01,1,-,1,-15.00,-15.00,-15.00,-15.00,"1,008",HLBM,HLBMJUN-26,2026-05-26
Jul 2026,-,-,-,-,0.00,-,-,-,-,-,-,-14.60,92,HLBM,HLBMJUL-26,2026-05-26
Aug 2026,-,-,-,-,0.00,-,-,-,-,-,-,-7.94,14,HLBM,HLBMAUG-26,2026-05-26
2027,-,-,48.50,16:06,-0.50,24,26,50,48.30,48.50,48.30,48.50,"3,726",NSBY,NSBY-27,2026-05-26
2028,-,-,43.60,15:44,0.00,6,1,7,43.50,43.60,43.50,43.60,"1,599",NSBY,NSBY-28,2026-05-26
2029,-,-,43.75,15:54,0.00,1,-,1,43.75,43.75,43.75,43.75,639,NSBY,NSBY-29,2026-05-26
2030,-,-,-,-,0.00,-,-,-,-,-,-,45.11,340,NSBY,NSBY-30,2026-05-26
2031,-,-,-,-,0.00,-,-,-,-,-,-,46.98,145,NSBY,NSBY-31,2026-05-26
2032,-,-,-,-,0.00,-,-,-,-,-,-,48.38,53,NSBY,NSBY-32,2026-05-26
2033,-,-,-,-,0.00,-,-,-,-,-,-,48.88,1,NSBY,NSBY-33,2026-05-26
2034,-,-,-,-,0.00,-,-,-,-,-,-,49.38,1,NSBY,NSBY-34,2026-05-26
2035,-,-,-,-,0.00,-,-,-,-,-,-,49.88,0,NSBY,NSBY-35,2026-05-26
2036,-,-,-,-,0.00,-,-,-,-,-,-,50.13,0,NSBY,NSBY-36,2026-05-26
Q3 2026,-,-,55.70,15:59,-1.48,114,95,209,54.30,56.10,54.30,55.68,"5,322",NSBQ,NSBQ3-26,2026-05-26
Q4 2026,-,-,74.75,15:59,-1.40,27,82,109,74.24,75.00,74.24,74.88,"4,368",NSBQ,NSBQ4-26,2026-05-26
Q1 2027,79.70,-,79.95,16:00,-0.80,12,9,21,79.90,80.00,79.80,79.95,982,NSBQ,NSBQ1-27,2026-05-26
Q2 2027,36.05,-,36.75,15:57,-0.58,13,-,13,36.60,36.75,36.60,36.75,283,NSBQ,NSBQ2-27,2026-05-26
Q3 2027,-,-,27.50,15:34,-0.45,1,-,1,27.50,27.50,27.50,27.50,276,NSBQ,NSBQ3-27,2026-05-26
Q4 2027,-,-,51.00,15:28,-0.50,3,-,3,51.00,51.00,51.00,51.00,333,NSBQ,NSBQ4-27,2026-05-26
Q1 2028,-,-,68.50,15:49,-0.05,5,-,5,68.50,68.50,68.50,68.50,133,NSBQ,NSBQ1-28,2026-05-26
Q2 2028,-,-,-,-,0.00,-,-,-,-,-,-,32.90,32,NSBQ,NSBQ2-28,2026-05-26
Q3 2028,-,-,-,-,0.00,-,-,-,-,-,-,24.58,35,NSBQ,NSBQ3-28,2026-05-26
Q4 2028,-,-,-,-,0.00,-,-,-,-,-,-,49.48,69,NSBQ,NSBQ4-28,2026-05-26
May 2026,-,-,-,-,0.00,-,-,-,-,-,-,73.93,"4,775",NSBM,NSBMMAY-26,2026-05-26
Jun 2026,-,-,57.30,15:56,-0.88,143,26,169,55.65,57.80,55.55,57.35,"5,333",NSBM,NSBMJUN-26,2026-05-26
Jul 2026,-,-,48.90,15:54,-1.50,44,30,74,48.90,49.50,48.60,48.90,779,NSBM,NSBMJUL-26,2026-05-26
Aug 2026,-,-,55.00,14:35,-1.15,4,-,4,55.00,55.00,55.00,55.00,200,NSBM,NSBMAUG-26,2026-05-26
Sep 2026,-,66.79,63.70,15:27,-1.30,4,-,4,63.65,63.70,63.50,63.70,144,NSBM,NSBMSEP-26,2026-05-26
Oct 2026,-,-,-,-,0.00,-,-,-,-,-,-,62.72,84,NSBM,NSBMOCT-26,2026-05-26
Nov 2026,-,-,-,-,0.00,-,-,-,-,-,-,77.45,6,NSBM,NSBMNOV-26,2026-05-26
2027,-,-,-,-,0.00,-,3,3,-,-,-,-1.92,683,HLBY,HLBY-27,2026-05-26
2028,-,-,-,-,0.00,-,-,-,-,-,-,1.00,306,HLBY,HLBY-28,2026-05-26
2029,-,-,-,-,0.00,-,1,1,-,-,-,1.15,80,HLBY,HLBY-29,2026-05-26
2030,-,-,-,-,0.00,-,-,-,-,-,-,0.80,50,HLBY,HLBY-30,2026-05-26
Q3 2026,-,-,-,-,0.00,-,-,-,-,-,-,-5.40,838,HLBQ,HLBQ3-26,2026-05-26
Q4 2026,-,-,-,-,0.00,-,1,1,-,-,-,-2.80,922,HLBQ,HLBQ4-26,2026-05-26
Q1 2027,-,-,-,-,0.00,-,2,2,-,-,-,0.55,139,HLBQ,HLBQ1-27,2026-05-26
Q2 2027,-,-2.15,-,-,0.00,-,-,-,-,-,-,-3.07,5,HLBQ,HLBQ2-27,2026-05-26
May 2026,-,-,-,-,0.00,-,-,-,-,-,-,-23.19,"1,071",HLBM,HLBMMAY-26,2026-05-26
Jun 2026,-,-,-15.00,13:22,-0.01,1,-,1,-15.00,-15.00,-15.00,-15.00,"1,009",HLBM,HLBMJUN-26,2026-05-26
Jul 2026,-,-,-,-,0.00,-,-,-,-,-,-,-14.60,92,HLBM,HLBMJUL-26,2026-05-26
Aug 2026,-,-,-,-,0.00,-,-,-,-,-,-,-7.94,14,HLBM,HLBMAUG-26,2026-05-26
2027,-,-,48.50,16:06,-0.50,24,26,50,48.30,48.50,48.30,48.50,"3,745",NSBY,NSBY-27,2026-05-26
2028,-,-,43.60,15:44,0.00,6,1,7,43.50,43.60,43.50,43.60,"1,601",NSBY,NSBY-28,2026-05-26
2029,-,-,43.75,15:54,0.00,1,-,1,43.75,43.75,43.75,43.75,640,NSBY,NSBY-29,2026-05-26
2030,-,-,-,-,0.00,-,-,-,-,-,-,45.11,340,NSBY,NSBY-30,2026-05-26
2031,-,-,-,-,0.00,-,-,-,-,-,-,46.98,145,NSBY,NSBY-31,2026-05-26
2032,-,-,-,-,0.00,-,-,-,-,-,-,48.38,53,NSBY,NSBY-32,2026-05-26
2033,-,-,-,-,0.00,-,-,-,-,-,-,48.88,1,NSBY,NSBY-33,2026-05-26
2034,-,-,-,-,0.00,-,-,-,-,-,-,49.38,1,NSBY,NSBY-34,2026-05-26
2035,-,-,-,-,0.00,-,-,-,-,-,-,49.88,0,NSBY,NSBY-35,2026-05-26
2036,-,-,-,-,0.00,-,-,-,-,-,-,50.13,0,NSBY,NSBY-36,2026-05-26
Q3 2026,-,-,55.70,15:59,-1.48,114,95,209,54.30,56.10,54.30,55.68,"5,396",NSBQ,NSBQ3-26,2026-05-26
Q4 2026,-,-,74.75,15:59,-1.40,27,82,109,74.24,75.00,74.24,74.88,"4,407",NSBQ,NSBQ4-26,2026-05-26
Q1 2027,79.70,-,79.95,16:00,-0.80,12,9,21,79.90,80.00,79.80,79.95,977,NSBQ,NSBQ1-27,2026-05-26
Q2 2027,36.05,-,36.75,15:57,-0.58,13,-,13,36.60,36.75,36.60,36.75,293,NSBQ,NSBQ2-27,2026-05-26
Q3 2027,-,-,27.50,15:34,-0.45,1,-,1,27.50,27.50,27.50,27.50,276,NSBQ,NSBQ3-27,2026-05-26
Q4 2027,-,-,51.00,15:28,-0.50,3,-,3,51.00,51.00,51.00,51.00,336,NSBQ,NSBQ4-27,2026-05-26
Q1 2028,-,-,68.50,15:49,-0.05,5,-,5,68.50,68.50,68.50,68.50,138,NSBQ,NSBQ1-28,2026-05-26
Q2 2028,-,-,-,-,0.00,-,-,-,-,-,-,32.90,32,NSBQ,NSBQ2-28,2026-05-26
Q3 2028,-,-,-,-,0.00,-,-,-,-,-,-,24.58,35,NSBQ,NSBQ3-28,2026-05-26
Q4 2028,-,-,-,-,0.00,-,-,-,-,-,-,49.48,69,NSBQ,NSBQ4-28,2026-05-26
May 2026,-,-,-,-,0.00,-,-,-,-,-,-,73.93,"4,775",NSBM,NSBMMAY-26,2026-05-26
Jun 2026,-,-,57.30,15:56,-0.88,143,26,169,55.65,57.80,55.55,57.35,"5,367",NSBM,NSBMJUN-26,2026-05-26
Jul 2026,-,-,48.90,15:54,-1.50,44,30,74,48.90,49.50,48.60,48.90,791,NSBM,NSBMJUL-26,2026-05-26
Aug 2026,-,-,55.00,14:35,-1.15,4,-,4,55.00,55.00,55.00,55.00,198,NSBM,NSBMAUG-26,2026-05-26
Sep 2026,-,66.79,63.70,15:27,-1.30,4,-,4,63.65,63.70,63.50,63.70,148,NSBM,NSBMSEP-26,2026-05-26
Oct 2026,-,-,-,-,0.00,-,-,-,-,-,-,62.72,84,NSBM,NSBMOCT-26,2026-05-26
Nov 2026,-,-,-,-,0.00,-,-,-,-,-,-,77.45,6,NSBM,NSBMNOV-26,2026-05-26
2027,-2.20,-1.50,-,-,0.00,-,1,1,-,-,-,-1.92,683,HLBY,HLBY-27,2026-05-27
2028,0.03,2.03,-,-,0.00,-,-,-,-,-,-,1.00,306,HLBY,HLBY-28,2026-05-27
2029,-0.35,2.65,-,-,0.00,-,-,-,-,-,-,1.15,80,HLBY,HLBY-29,2026-05-27
2030,-0.70,2.30,-,-,0.00,-,-,-,-,-,-,0.80,50,HLBY,HLBY-30,2026-05-27
Q3 2026,-6.00,-5.00,-,-,0.00,-,4,4,-,-,-,-5.40,838,HLBQ,HLBQ3-26,2026-05-27
Q4 2026,-3.87,-1.50,-,-,0.00,-,-,-,-,-,-,-2.80,922,HLBQ,HLBQ4-26,2026-05-27
Q1 2027,0.50,0.80,-,-,0.00,-,3,3,-,-,-,0.55,139,HLBQ,HLBQ1-27,2026-05-27
Q2 2027,-4.31,-2.35,-,-,0.00,-,-,-,-,-,-,-3.07,5,HLBQ,HLBQ2-27,2026-05-27
May 2026,-,-,-,-,0.00,-,-,-,-,-,-,-23.19,"1,071",HLBM,HLBMMAY-26,2026-05-27
Jun 2026,-,-15.00,-15.92,14:17,-0.92,3,-,3,-15.92,-15.92,-15.92,-15.00,"1,009",HLBM,HLBMJUN-26,2026-05-27
Jul 2026,-15.44,-14.00,-,-,0.00,-,5,5,-,-,-,-14.60,92,HLBM,HLBMJUL-26,2026-05-27
Aug 2026,-8.64,-6.50,-,-,0.00,-,-,-,-,-,-,-7.94,14,HLBM,HLBMAUG-26,2026-05-27
2027,47.75,48.00,47.85,14:17,-0.65,15,4,19,48.00,48.05,47.85,48.50,"3,745",NSBY,NSBY-27,2026-05-27
2028,43.30,43.50,-,-,0.00,-,1,1,-,-,-,43.60,"1,601",NSBY,NSBY-28,2026-05-27
2029,43.40,43.70,-,-,0.00,-,1,1,-,-,-,43.75,640,NSBY,NSBY-29,2026-05-27
2030,43.61,45.00,-,-,0.00,-,-,-,-,-,-,45.11,340,NSBY,NSBY-30,2026-05-27
2031,45.96,48.65,-,-,0.00,-,-,-,-,-,-,46.98,145,NSBY,NSBY-31,2026-05-27
2032,-,-,-,-,0.00,-,-,-,-,-,-,48.38,53,NSBY,NSBY-32,2026-05-27
2033,-,-,-,-,0.00,-,-,-,-,-,-,48.88,1,NSBY,NSBY-33,2026-05-27
2034,-,-,-,-,0.00,-,-,-,-,-,-,49.38,1,NSBY,NSBY-34,2026-05-27
2035,-,-,-,-,0.00,-,-,-,-,-,-,49.88,0,NSBY,NSBY-35,2026-05-27
2036,-,-,-,-,0.00,-,-,-,-,-,-,50.13,0,NSBY,NSBY-36,2026-05-27
Q3 2026,53.90,54.36,54.00,14:11,-1.68,54,79,133,54.35,54.35,53.75,55.68,"5,396",NSBQ,NSBQ3-26,2026-05-27
Q4 2026,73.35,73.50,73.50,14:06,-1.38,18,32,50,73.50,73.50,73.45,74.88,"4,407",NSBQ,NSBQ4-26,2026-05-27
Q1 2027,78.60,79.00,79.25,14:10,-0.70,1,8,9,79.25,79.25,79.25,79.95,977,NSBQ,NSBQ1-27,2026-05-27
Q2 2027,35.65,36.61,36.00,10:58,-0.75,7,-,7,36.25,36.25,36.00,36.75,293,NSBQ,NSBQ2-27,2026-05-27
Q3 2027,26.80,28.49,-,-,0.00,-,-,-,-,-,-,27.50,276,NSBQ,NSBQ3-27,2026-05-27
Q4 2027,50.00,51.00,50.50,11:18,-0.50,1,-,1,50.50,50.50,50.50,51.00,336,NSBQ,NSBQ4-27,2026-05-27
Q1 2028,67.95,68.35,-,-,0.00,-,-,-,-,-,-,68.50,138,NSBQ,NSBQ1-28,2026-05-27
Q2 2028,32.85,33.50,-,-,0.00,-,-,-,-,-,-,32.90,32,NSBQ,NSBQ2-28,2026-05-27
Q3 2028,23.50,24.00,-,-,0.00,-,-,-,-,-,-,24.58,35,NSBQ,NSBQ3-28,2026-05-27
Q4 2028,48.00,50.20,49.10,13:07,-0.38,2,-,2,49.15,49.15,49.10,49.48,69,NSBQ,NSBQ4-28,2026-05-27
May 2026,-,-,-,-,0.00,-,-,-,-,-,-,73.93,"4,775",NSBM,NSBMMAY-26,2026-05-27
Jun 2026,55.90,56.35,55.95,14:18,-1.40,87,148,235,55.75,56.25,55.55,57.35,"5,367",NSBM,NSBMJUN-26,2026-05-27
Jul 2026,46.90,47.40,47.24,14:05,-1.66,17,70,87,47.10,47.24,47.10,48.90,791,NSBM,NSBMJUL-26,2026-05-27
Aug 2026,52.50,53.20,53.00,14:13,-2.00,8,6,14,53.50,53.50,53.00,55.00,198,NSBM,NSBMAUG-26,2026-05-27
Sep 2026,61.85,63.80,61.80,13:13,-1.90,1,-,1,61.80,61.80,61.80,63.70,148,NSBM,NSBMSEP-26,2026-05-27
Oct 2026,61.50,63.48,-,-,0.00,-,-,-,-,-,-,62.72,84,NSBM,NSBMOCT-26,2026-05-27
Nov 2026,76.00,78.00,76.00,11:56,-1.45,1,-,1,76.00,76.00,76.00,77.45,6,NSBM,NSBMNOV-26,2026-05-27
2027,-,-,-,-,0.00,-,4,4,-,-,-,-1.75,683,HLBY,HLBY-27,2026-05-27
2028,-,-,-,-,0.00,-,-,-,-,-,-,1.07,306,HLBY,HLBY-28,2026-05-27
2029,-,-,-,-,0.00,-,-,-,-,-,-,1.19,80,HLBY,HLBY-29,2026-05-27
2030,-,-,-,-,0.00,-,-,-,-,-,-,0.80,50,HLBY,HLBY-30,2026-05-27
Q3 2026,-,-,-,-,0.00,-,4,4,-,-,-,-5.50,838,HLBQ,HLBQ3-26,2026-05-27
Q4 2026,-,-,-,-,0.00,-,-,-,-,-,-,-2.25,922,HLBQ,HLBQ4-26,2026-05-27
Q1 2027,-,-,-,-,0.00,-,3,3,-,-,-,0.65,139,HLBQ,HLBQ1-27,2026-05-27
Q2 2027,-,-,-,-,0.00,-,-,-,-,-,-,-3.28,5,HLBQ,HLBQ2-27,2026-05-27
May 2026,-,-,-,-,0.00,-,-,-,-,-,-,-23.31,"1,071",HLBM,HLBMMAY-26,2026-05-27
Jun 2026,-16.50,-,-15.92,15:07,-0.92,3,5,8,-15.92,-15.92,-15.92,-15.92,"1,009",HLBM,HLBMJUN-26,2026-05-27
Jul 2026,-,-,-,-,0.00,-,5,5,-,-,-,-14.60,92,HLBM,HLBMJUL-26,2026-05-27
Aug 2026,-,-,-,-,0.00,-,-,-,-,-,-,-7.58,14,HLBM,HLBMAUG-26,2026-05-27
2027,-,-,47.50,16:06,-1.00,27,14,41,48.00,48.05,47.50,47.51,"3,745",NSBY,NSBY-27,2026-05-27
2028,-,-,43.30,15:36,-0.30,2,4,6,43.30,43.30,43.30,43.35,"1,601",NSBY,NSBY-28,2026-05-27
2029,-,-,43.45,15:25,-0.30,6,3,9,43.45,43.45,43.45,43.45,640,NSBY,NSBY-29,2026-05-27
2030,-,-,-,-,0.00,-,-,-,-,-,-,45.00,340,NSBY,NSBY-30,2026-05-27
2031,-,-,-,-,0.00,-,-,-,-,-,-,46.98,145,NSBY,NSBY-31,2026-05-27
2032,-,-,-,-,0.00,-,-,-,-,-,-,48.38,53,NSBY,NSBY-32,2026-05-27
2033,-,-,-,-,0.00,-,-,-,-,-,-,48.88,1,NSBY,NSBY-33,2026-05-27
2034,-,-,-,-,0.00,-,-,-,-,-,-,49.38,1,NSBY,NSBY-34,2026-05-27
2035,-,-,-,-,0.00,-,-,-,-,-,-,49.88,0,NSBY,NSBY-35,2026-05-27
2036,-,-,-,-,0.00,-,-,-,-,-,-,50.13,0,NSBY,NSBY-36,2026-05-27
Q3 2026,-,-,54.00,15:43,-1.68,77,79,156,54.35,54.38,53.60,54.05,"5,396",NSBQ,NSBQ3-26,2026-05-27
Q4 2026,-,-,73.50,15:41,-1.38,33,32,65,73.50,73.50,73.00,73.28,"4,407",NSBQ,NSBQ4-26,2026-05-27
Q1 2027,-,-,78.80,15:49,-1.15,4,11,15,79.25,79.25,78.75,78.70,977,NSBQ,NSBQ1-27,2026-05-27
Q2 2027,35.25,-,35.75,15:55,-1.00,12,-,12,36.25,36.25,35.75,35.83,293,NSBQ,NSBQ2-27,2026-05-27
Q3 2027,26.25,-,26.55,15:55,-0.95,4,-,4,26.80,26.80,26.55,26.68,276,NSBQ,NSBQ3-27,2026-05-27
Q4 2027,-,-,50.00,15:55,-1.00,3,-,3,50.50,50.50,50.00,50.00,336,NSBQ,NSBQ4-27,2026-05-27
Q1 2028,-,-,67.95,15:47,-0.55,3,-,3,67.95,67.95,67.95,68.05,138,NSBQ,NSBQ1-28,2026-05-27
Q2 2028,-,-,32.80,14:23,-0.10,4,-,4,32.85,32.85,32.80,32.80,32,NSBQ,NSBQ2-28,2026-05-27
Q3 2028,-,-,-,-,0.00,-,-,-,-,-,-,23.75,35,NSBQ,NSBQ3-28,2026-05-27
Q4 2028,-,-,49.10,13:07,-0.38,2,-,2,49.15,49.15,49.10,49.33,69,NSBQ,NSBQ4-28,2026-05-27
May 2026,-,-,-,-,0.00,-,-,-,-,-,-,72.92,"4,775",NSBM,NSBMMAY-26,2026-05-27
Jun 2026,-,-,56.25,15:59,-1.10,190,148,338,55.75,56.30,55.55,56.22,"5,367",NSBM,NSBMJUN-26,2026-05-27
Jul 2026,46.15,-,47.44,15:52,-1.46,32,75,107,47.10,47.44,47.10,47.43,791,NSBM,NSBMJUL-26,2026-05-27
Aug 2026,-,-,53.05,15:58,-1.95,9,6,15,53.50,53.50,53.00,53.05,198,NSBM,NSBMAUG-26,2026-05-27
Sep 2026,-,-,61.90,15:43,-1.80,3,-,3,61.80,61.90,61.80,61.95,148,NSBM,NSBMSEP-26,2026-05-27
Oct 2026,-,-,61.25,14:44,-1.47,5,-,5,61.25,61.25,61.25,62.28,84,NSBM,NSBMOCT-26,2026-05-27
Nov 2026,-,-,76.00,14:26,-1.45,6,-,6,76.00,76.00,76.00,76.50,6,NSBM,NSBMNOV-26,2026-05-27
2027,-,-,-,-,0.00,-,4,4,-,-,-,-1.75,683,HLBY,HLBY-27,2026-05-27
2028,-,-,-,-,0.00,-,-,-,-,-,-,1.07,306,HLBY,HLBY-28,2026-05-27
2029,-,-,-,-,0.00,-,-,-,-,-,-,1.19,80,HLBY,HLBY-29,2026-05-27
2030,-,-,-,-,0.00,-,-,-,-,-,-,0.80,50,HLBY,HLBY-30,2026-05-27
Q3 2026,-,-,-,-,0.00,-,4,4,-,-,-,-5.50,838,HLBQ,HLBQ3-26,2026-05-27
Q4 2026,-,-,-,-,0.00,-,-,-,-,-,-,-2.25,922,HLBQ,HLBQ4-26,2026-05-27
Q1 2027,-,-,-,-,0.00,-,3,3,-,-,-,0.65,139,HLBQ,HLBQ1-27,2026-05-27
Q2 2027,-,-,-,-,0.00,-,-,-,-,-,-,-3.28,5,HLBQ,HLBQ2-27,2026-05-27
May 2026,-,-,-,-,0.00,-,-,-,-,-,-,-23.31,"1,071",HLBM,HLBMMAY-26,2026-05-27
Jun 2026,-,-,-15.92,15:07,-0.92,3,5,8,-15.92,-15.92,-15.92,-15.92,"1,009",HLBM,HLBMJUN-26,2026-05-27
Jul 2026,-,-,-,-,0.00,-,5,5,-,-,-,-14.60,92,HLBM,HLBMJUL-26,2026-05-27
Aug 2026,-,-,-,-,0.00,-,-,-,-,-,-,-7.58,14,HLBM,HLBMAUG-26,2026-05-27
2027,-,-,47.50,16:06,-1.00,27,14,41,48.00,48.05,47.50,47.51,"3,745",NSBY,NSBY-27,2026-05-27
2028,-,-,43.30,15:36,-0.30,2,4,6,43.30,43.30,43.30,43.35,"1,601",NSBY,NSBY-28,2026-05-27
2029,-,-,43.45,15:25,-0.30,6,3,9,43.45,43.45,43.45,43.45,640,NSBY,NSBY-29,2026-05-27
2030,-,-,-,-,0.00,-,-,-,-,-,-,45.00,340,NSBY,NSBY-30,2026-05-27
2031,-,-,-,-,0.00,-,-,-,-,-,-,46.98,145,NSBY,NSBY-31,2026-05-27
2032,-,-,-,-,0.00,-,-,-,-,-,-,48.38,53,NSBY,NSBY-32,2026-05-27
2033,-,-,-,-,0.00,-,-,-,-,-,-,48.88,1,NSBY,NSBY-33,2026-05-27
2034,-,-,-,-,0.00,-,-,-,-,-,-,49.38,1,NSBY,NSBY-34,2026-05-27
2035,-,-,-,-,0.00,-,-,-,-,-,-,49.88,0,NSBY,NSBY-35,2026-05-27
2036,-,-,-,-,0.00,-,-,-,-,-,-,50.13,0,NSBY,NSBY-36,2026-05-27
Q3 2026,-,-,54.00,15:43,-1.68,77,79,156,54.35,54.38,53.60,54.05,"5,396",NSBQ,NSBQ3-26,2026-05-27
Q4 2026,-,-,73.50,15:41,-1.38,33,32,65,73.50,73.50,73.00,73.28,"4,407",NSBQ,NSBQ4-26,2026-05-27
Q1 2027,-,-,78.80,15:49,-1.15,4,11,15,79.25,79.25,78.75,78.70,977,NSBQ,NSBQ1-27,2026-05-27
Q2 2027,35.25,-,35.75,15:55,-1.00,12,-,12,36.25,36.25,35.75,35.83,293,NSBQ,NSBQ2-27,2026-05-27
Q3 2027,-,-,26.55,15:55,-0.95,4,-,4,26.80,26.80,26.55,26.68,276,NSBQ,NSBQ3-27,2026-05-27
Q4 2027,-,-,50.00,15:55,-1.00,3,-,3,50.50,50.50,50.00,50.00,336,NSBQ,NSBQ4-27,2026-05-27
Q1 2028,-,-,67.95,15:47,-0.55,3,-,3,67.95,67.95,67.95,68.05,138,NSBQ,NSBQ1-28,2026-05-27
Q2 2028,-,-,32.80,14:23,-0.10,4,-,4,32.85,32.85,32.80,32.80,32,NSBQ,NSBQ2-28,2026-05-27
Q3 2028,-,-,-,-,0.00,-,-,-,-,-,-,23.75,35,NSBQ,NSBQ3-28,2026-05-27
Q4 2028,-,-,49.10,13:07,-0.38,2,-,2,49.15,49.15,49.10,49.33,69,NSBQ,NSBQ4-28,2026-05-27
May 2026,-,-,-,-,0.00,-,-,-,-,-,-,72.92,"4,775",NSBM,NSBMMAY-26,2026-05-27
Jun 2026,-,-,56.25,15:59,-1.10,190,148,338,55.75,56.30,55.55,56.22,"5,367",NSBM,NSBMJUN-26,2026-05-27
Jul 2026,46.15,-,47.44,15:52,-1.46,32,75,107,47.10,47.44,47.10,47.43,791,NSBM,NSBMJUL-26,2026-05-27
Aug 2026,-,-,53.05,15:58,-1.95,9,6,15,53.50,53.50,53.00,53.05,198,NSBM,NSBMAUG-26,2026-05-27
Sep 2026,-,-,61.90,15:43,-1.80,3,-,3,61.80,61.90,61.80,61.95,148,NSBM,NSBMSEP-26,2026-05-27
Oct 2026,-,-,61.25,14:44,-1.47,5,-,5,61.25,61.25,61.25,62.28,84,NSBM,NSBMOCT-26,2026-05-27
Nov 2026,-,-,76.00,14:26,-1.45,6,-,6,76.00,76.00,76.00,76.50,6,NSBM,NSBMNOV-26,2026-05-27
2027,-,-,-,-,0.00,-,4,4,-,-,-,-1.75,686,HLBY,HLBY-27,2026-05-27
2028,-,-,-,-,0.00,-,-,-,-,-,-,1.07,306,HLBY,HLBY-28,2026-05-27
2029,-,-,-,-,0.00,-,-,-,-,-,-,1.19,80,HLBY,HLBY-29,2026-05-27
2030,-,-,-,-,0.00,-,-,-,-,-,-,0.80,50,HLBY,HLBY-30,2026-05-27
Q3 2026,-,-,-,-,0.00,-,4,4,-,-,-,-5.50,841,HLBQ,HLBQ3-26,2026-05-27
Q4 2026,-,-,-,-,0.00,-,-,-,-,-,-,-2.25,922,HLBQ,HLBQ4-26,2026-05-27
Q1 2027,-,-,-,-,0.00,-,3,3,-,-,-,0.65,142,HLBQ,HLBQ1-27,2026-05-27
Q2 2027,-,-,-,-,0.00,-,-,-,-,-,-,-3.28,5,HLBQ,HLBQ2-27,2026-05-27
May 2026,-,-,-,-,0.00,-,-,-,-,-,-,-23.31,"1,071",HLBM,HLBMMAY-26,2026-05-27
Jun 2026,-,-,-15.92,15:07,-0.92,3,5,8,-15.92,-15.92,-15.92,-15.92,"1,004",HLBM,HLBMJUN-26,2026-05-27
Jul 2026,-,-,-,-,0.00,-,5,5,-,-,-,-14.60,97,HLBM,HLBMJUL-26,2026-05-27
Aug 2026,-,-,-,-,0.00,-,-,-,-,-,-,-7.58,14,HLBM,HLBMAUG-26,2026-05-27
2027,-,-,47.50,16:06,-1.00,27,14,41,48.00,48.05,47.50,47.51,"3,764",NSBY,NSBY-27,2026-05-27
2028,-,-,43.30,15:36,-0.30,2,4,6,43.30,43.30,43.30,43.35,"1,604",NSBY,NSBY-28,2026-05-27
2029,-,-,43.45,15:25,-0.30,6,3,9,43.45,43.45,43.45,43.45,643,NSBY,NSBY-29,2026-05-27
2030,-,-,-,-,0.00,-,-,-,-,-,-,45.00,340,NSBY,NSBY-30,2026-05-27
2031,-,-,-,-,0.00,-,-,-,-,-,-,46.98,145,NSBY,NSBY-31,2026-05-27
2032,-,-,-,-,0.00,-,-,-,-,-,-,48.38,53,NSBY,NSBY-32,2026-05-27
2033,-,-,-,-,0.00,-,-,-,-,-,-,48.88,1,NSBY,NSBY-33,2026-05-27
2034,-,-,-,-,0.00,-,-,-,-,-,-,49.38,1,NSBY,NSBY-34,2026-05-27
2035,-,-,-,-,0.00,-,-,-,-,-,-,49.88,0,NSBY,NSBY-35,2026-05-27
2036,-,-,-,-,0.00,-,-,-,-,-,-,50.13,0,NSBY,NSBY-36,2026-05-27
Q3 2026,-,-,54.00,15:43,-1.68,77,79,156,54.35,54.38,53.60,54.05,"5,375",NSBQ,NSBQ3-26,2026-05-27
Q4 2026,-,-,73.50,15:41,-1.38,33,32,65,73.50,73.50,73.00,73.28,"4,400",NSBQ,NSBQ4-26,2026-05-27
Q1 2027,-,-,78.80,15:49,-1.15,4,11,15,79.25,79.25,78.75,78.70,987,NSBQ,NSBQ1-27,2026-05-27
Q2 2027,35.25,-,35.75,15:55,-1.00,12,-,12,36.25,36.25,35.75,35.83,296,NSBQ,NSBQ2-27,2026-05-27
Q3 2027,-,-,26.55,15:55,-0.95,4,-,4,26.80,26.80,26.55,26.68,278,NSBQ,NSBQ3-27,2026-05-27
Q4 2027,-,-,50.00,15:55,-1.00,3,-,3,50.50,50.50,50.00,50.00,337,NSBQ,NSBQ4-27,2026-05-27
Q1 2028,-,-,67.95,15:47,-0.55,3,-,3,67.95,67.95,67.95,68.05,140,NSBQ,NSBQ1-28,2026-05-27
Q2 2028,-,-,32.80,14:23,-0.10,4,-,4,32.85,32.85,32.80,32.80,34,NSBQ,NSBQ2-28,2026-05-27
Q3 2028,-,-,-,-,0.00,-,-,-,-,-,-,23.75,35,NSBQ,NSBQ3-28,2026-05-27
Q4 2028,-,-,49.10,13:07,-0.38,2,-,2,49.15,49.15,49.10,49.33,71,NSBQ,NSBQ4-28,2026-05-27
May 2026,-,-,-,-,0.00,-,-,-,-,-,-,72.92,"4,775",NSBM,NSBMMAY-26,2026-05-27
Jun 2026,-,-,56.25,15:59,-1.10,190,148,338,55.75,56.30,55.55,56.22,"5,366",NSBM,NSBMJUN-26,2026-05-27
Jul 2026,46.15,-,47.44,15:52,-1.46,32,75,107,47.10,47.44,47.10,47.43,861,NSBM,NSBMJUL-26,2026-05-27
Aug 2026,-,-,53.05,15:58,-1.95,9,6,15,53.50,53.50,53.00,53.05,190,NSBM,NSBMAUG-26,2026-05-27
Sep 2026,-,-,61.90,15:43,-1.80,3,-,3,61.80,61.90,61.80,61.95,147,NSBM,NSBMSEP-26,2026-05-27
Oct 2026,-,-,61.25,14:44,-1.47,5,-,5,61.25,61.25,61.25,62.28,89,NSBM,NSBMOCT-26,2026-05-27
Nov 2026,-,-,76.00,14:26,-1.45,6,-,6,76.00,76.00,76.00,76.50,11,NSBM,NSBMNOV-26,2026-05-27
2027,-2.25,-1.50,-1.75,13:30,0.00,1,1,2,-1.75,-1.75,-1.75,-1.75,686,HLBY,HLBY-27,2026-05-28
2028,0.50,1.30,-,-,0.00,-,1,1,-,-,-,1.07,306,HLBY,HLBY-28,2026-05-28
2029,-0.38,1.50,-,-,0.00,-,-,-,-,-,-,1.19,80,HLBY,HLBY-29,2026-05-28
2030,-0.72,2.28,-,-,0.00,-,-,-,-,-,-,0.80,50,HLBY,HLBY-30,2026-05-28
Q3 2026,-5.50,-5.00,-,-,0.00,-,1,1,-,-,-,-5.50,841,HLBQ,HLBQ3-26,2026-05-28
Q4 2026,-3.50,-2.05,-,-,0.00,-,7,7,-,-,-,-2.25,922,HLBQ,HLBQ4-26,2026-05-28
Q1 2027,-,1.00,-,-,0.00,-,1,1,-,-,-,0.65,142,HLBQ,HLBQ1-27,2026-05-28
Q2 2027,-4.91,-2.50,-,-,0.00,-,-,-,-,-,-,-3.28,5,HLBQ,HLBQ2-27,2026-05-28
May 2026,-,-,-,-,0.00,-,-,-,-,-,-,-23.31,"1,071",HLBM,HLBMMAY-26,2026-05-28
Jun 2026,-17.25,-15.61,-,-,0.00,-,3,3,-,-,-,-15.92,"1,004",HLBM,HLBMJUN-26,2026-05-28
Jul 2026,-16.00,-14.25,-,-,0.00,-,2,2,-,-,-,-14.60,97,HLBM,HLBMJUL-26,2026-05-28
Aug 2026,-8.50,-7.00,-,-,0.00,-,-,-,-,-,-,-7.58,14,HLBM,HLBMAUG-26,2026-05-28
2027,47.95,48.35,48.25,14:30,0.74,6,25,31,48.15,48.25,48.15,47.51,"3,764",NSBY,NSBY-27,2026-05-28
2028,43.50,43.75,-,-,0.00,-,-,-,-,-,-,43.35,"1,604",NSBY,NSBY-28,2026-05-28
2029,43.25,44.50,-,-,0.00,-,-,-,-,-,-,43.45,643,NSBY,NSBY-29,2026-05-28
2030,43.68,45.90,-,-,0.00,-,6,6,-,-,-,45.00,340,NSBY,NSBY-30,2026-05-28
2031,46.04,48.49,-,-,0.00,-,-,-,-,-,-,46.98,145,NSBY,NSBY-31,2026-05-28
2032,-,-,-,-,0.00,-,-,-,-,-,-,48.38,53,NSBY,NSBY-32,2026-05-28
2033,-,-,-,-,0.00,-,-,-,-,-,-,48.88,1,NSBY,NSBY-33,2026-05-28
2034,-,-,-,-,0.00,-,-,-,-,-,-,49.38,1,NSBY,NSBY-34,2026-05-28
2035,-,-,-,-,0.00,-,-,-,-,-,-,49.88,0,NSBY,NSBY-35,2026-05-28
2036,-,-,-,-,0.00,-,-,-,-,-,-,50.13,0,NSBY,NSBY-36,2026-05-28
Q3 2026,55.81,56.20,56.00,14:32,1.95,89,40,129,55.10,56.20,55.10,54.05,"5,375",NSBQ,NSBQ3-26,2026-05-28
Q4 2026,74.70,74.80,74.75,14:06,1.47,43,16,59,74.25,74.75,74.20,73.28,"4,400",NSBQ,NSBQ4-26,2026-05-28
Q1 2027,79.40,79.75,79.50,14:15,0.80,16,30,46,79.00,79.75,79.00,78.70,987,NSBQ,NSBQ1-27,2026-05-28
Q2 2027,36.35,36.75,36.20,09:46,0.37,12,-,12,36.20,36.20,36.20,35.83,296,NSBQ,NSBQ2-27,2026-05-28
Q3 2027,26.50,27.50,-,-,0.00,-,-,-,-,-,-,26.68,278,NSBQ,NSBQ3-27,2026-05-28
Q4 2027,50.35,51.25,-,-,0.00,-,2,2,-,-,-,50.00,337,NSBQ,NSBQ4-27,2026-05-28
Q1 2028,67.90,68.65,68.50,12:20,0.45,3,-,3,68.50,68.50,68.50,68.05,140,NSBQ,NSBQ1-28,2026-05-28
Q2 2028,32.95,33.50,-,-,0.00,-,-,-,-,-,-,32.80,34,NSBQ,NSBQ2-28,2026-05-28
Q3 2028,23.25,25.25,-,-,0.00,-,-,-,-,-,-,23.75,35,NSBQ,NSBQ3-28,2026-05-28
Q4 2028,49.10,50.00,-,-,0.00,-,-,-,-,-,-,49.33,71,NSBQ,NSBQ4-28,2026-05-28
May 2026,-,-,-,-,0.00,-,-,-,-,-,-,72.92,"4,775",NSBM,NSBMMAY-26,2026-05-28
Jun 2026,58.75,59.30,59.20,14:32,2.98,221,129,350,57.50,59.50,57.50,56.22,"5,366",NSBM,NSBMJUN-26,2026-05-28
Jul 2026,49.55,49.75,49.85,14:23,2.42,45,21,66,48.50,50.00,48.50,47.43,861,NSBM,NSBMJUL-26,2026-05-28
Aug 2026,54.50,55.00,54.80,12:58,1.75,6,-,6,54.10,54.80,54.10,53.05,190,NSBM,NSBMAUG-26,2026-05-28
Sep 2026,62.10,66.10,64.10,14:33,2.15,13,50,63,64.00,64.10,64.00,61.95,147,NSBM,NSBMSEP-26,2026-05-28
Oct 2026,63.30,66.14,-,-,0.00,-,-,-,-,-,-,62.28,89,NSBM,NSBMOCT-26,2026-05-28
Nov 2026,76.00,78.00,-,-,0.00,-,-,-,-,-,-,76.50,11,NSBM,NSBMNOV-26,2026-05-28
2027,-,-,-1.75,13:30,0.00,1,1,2,-1.75,-1.75,-1.75,-1.75,686,HLBY,HLBY-27,2026-05-28
2028,-,-,-,-,0.00,-,3,3,-,-,-,1.00,306,HLBY,HLBY-28,2026-05-28
2029,-,-,-,-,0.00,-,-,-,-,-,-,1.08,80,HLBY,HLBY-29,2026-05-28
2030,-,-,-,-,0.00,-,-,-,-,-,-,0.76,50,HLBY,HLBY-30,2026-05-28
Q3 2026,-,-,-,-,0.00,-,1,1,-,-,-,-5.25,841,HLBQ,HLBQ3-26,2026-05-28
Q4 2026,-,-,-,-,0.00,-,10,10,-,-,-,-2.25,922,HLBQ,HLBQ4-26,2026-05-28
Q1 2027,-,-,-,-,0.00,-,3,3,-,-,-,0.65,142,HLBQ,HLBQ1-27,2026-05-28
Q2 2027,-,-,-,-,0.00,-,-,-,-,-,-,-3.77,5,HLBQ,HLBQ2-27,2026-05-28
May 2026,-,-,-,-,0.00,-,-,-,-,-,-,-23.57,"1,071",HLBM,HLBMMAY-26,2026-05-28
Jun 2026,-,-,-,-,0.00,-,11,11,-,-,-,-16.25,"1,004",HLBM,HLBMJUN-26,2026-05-28
Jul 2026,-,-,-,-,0.00,-,2,2,-,-,-,-15.00,97,HLBM,HLBMJUL-26,2026-05-28
Aug 2026,-,-,-,-,0.00,-,-,-,-,-,-,-7.75,14,HLBM,HLBMAUG-26,2026-05-28
2027,-,-,48.25,15:59,0.74,16,27,43,48.15,48.25,48.15,48.25,"3,764",NSBY,NSBY-27,2026-05-28
2028,-,-,-,-,0.00,-,2,2,-,-,-,43.65,"1,604",NSBY,NSBY-28,2026-05-28
2029,-,-,-,-,0.00,-,-,-,-,-,-,43.98,643,NSBY,NSBY-29,2026-05-28
2030,-,-,-,-,0.00,-,6,6,-,-,-,45.00,340,NSBY,NSBY-30,2026-05-28
2031,-,-,-,-,0.00,-,-,-,-,-,-,46.98,145,NSBY,NSBY-31,2026-05-28
2032,-,-,-,-,0.00,-,-,-,-,-,-,48.38,53,NSBY,NSBY-32,2026-05-28
2033,-,-,-,-,0.00,-,-,-,-,-,-,48.88,1,NSBY,NSBY-33,2026-05-28
2034,-,-,-,-,0.00,-,-,-,-,-,-,49.38,1,NSBY,NSBY-34,2026-05-28
2035,-,-,-,-,0.00,-,-,-,-,-,-,49.88,0,NSBY,NSBY-35,2026-05-28
2036,-,-,-,-,0.00,-,-,-,-,-,-,50.13,0,NSBY,NSBY-36,2026-05-28
Q3 2026,-,-,56.25,16:10,2.20,122,69,191,55.10,56.25,55.10,56.25,"5,375",NSBQ,NSBQ3-26,2026-05-28
Q4 2026,-,-,74.95,15:56,1.67,52,21,73,74.25,74.95,74.20,74.95,"4,400",NSBQ,NSBQ4-26,2026-05-28
Q1 2027,79.30,-,79.80,15:52,1.10,29,30,59,79.00,79.80,79.00,79.80,987,NSBQ,NSBQ1-27,2026-05-28
Q2 2027,-,-,36.60,15:59,0.77,13,-,13,36.20,36.60,36.20,36.60,296,NSBQ,NSBQ2-27,2026-05-28
Q3 2027,26.35,-,-,-,0.00,-,-,-,-,-,-,27.10,278,NSBQ,NSBQ3-27,2026-05-28
Q4 2027,-,-,-,-,0.00,-,2,2,-,-,-,50.50,337,NSBQ,NSBQ4-27,2026-05-28
Q1 2028,-,-,68.50,12:20,0.45,3,-,3,68.50,68.50,68.50,68.50,140,NSBQ,NSBQ1-28,2026-05-28
Q2 2028,-,-,-,-,0.00,-,-,-,-,-,-,32.98,34,NSBQ,NSBQ2-28,2026-05-28
Q3 2028,-,-,-,-,0.00,-,-,-,-,-,-,23.75,35,NSBQ,NSBQ3-28,2026-05-28
Q4 2028,-,-,-,-,0.00,-,-,-,-,-,-,49.55,71,NSBQ,NSBQ4-28,2026-05-28
May 2026,-,-,-,-,0.00,-,-,-,-,-,-,73.90,"4,775",NSBM,NSBMMAY-26,2026-05-28
Jun 2026,-,59.70,59.25,16:04,3.03,315,141,456,57.50,59.50,57.50,59.27,"5,366",NSBM,NSBMJUN-26,2026-05-28
Jul 2026,-,-,49.70,15:53,2.27,94,21,115,48.50,50.00,48.50,49.70,861,NSBM,NSBMJUL-26,2026-05-28
Aug 2026,-,57.46,54.80,16:06,1.75,6,15,21,54.10,54.80,54.10,54.80,190,NSBM,NSBMAUG-26,2026-05-28
Sep 2026,-,-,64.10,14:33,2.15,13,50,63,64.00,64.10,64.00,64.10,147,NSBM,NSBMSEP-26,2026-05-28
Oct 2026,-,-,-,-,0.00,-,-,-,-,-,-,64.00,89,NSBM,NSBMOCT-26,2026-05-28
Nov 2026,-,-,-,-,0.00,-,-,-,-,-,-,77.72,11,NSBM,NSBMNOV-26,2026-05-28
2027,-,-,-1.75,13:30,0.00,1,1,2,-1.75,-1.75,-1.75,-1.75,686,HLBY,HLBY-27,2026-05-28
2028,-,-,-,-,0.00,-,3,3,-,-,-,1.00,306,HLBY,HLBY-28,2026-05-28
2029,-,-,-,-,0.00,-,-,-,-,-,-,1.08,80,HLBY,HLBY-29,2026-05-28
2030,-,-,-,-,0.00,-,-,-,-,-,-,0.76,50,HLBY,HLBY-30,2026-05-28
Q3 2026,-,-,-,-,0.00,-,1,1,-,-,-,-5.25,841,HLBQ,HLBQ3-26,2026-05-28
Q4 2026,-,-,-,-,0.00,-,10,10,-,-,-,-2.25,922,HLBQ,HLBQ4-26,2026-05-28
Q1 2027,-,-,-,-,0.00,-,3,3,-,-,-,0.65,142,HLBQ,HLBQ1-27,2026-05-28
Q2 2027,-,-,-,-,0.00,-,-,-,-,-,-,-3.77,5,HLBQ,HLBQ2-27,2026-05-28
May 2026,-,-,-,-,0.00,-,-,-,-,-,-,-23.57,"1,071",HLBM,HLBMMAY-26,2026-05-28
Jun 2026,-,-,-,-,0.00,-,11,11,-,-,-,-16.25,"1,004",HLBM,HLBMJUN-26,2026-05-28
Jul 2026,-,-,-,-,0.00,-,2,2,-,-,-,-15.00,97,HLBM,HLBMJUL-26,2026-05-28
Aug 2026,-,-,-,-,0.00,-,-,-,-,-,-,-7.75,14,HLBM,HLBMAUG-26,2026-05-28
2027,-,-,48.25,15:59,0.74,16,27,43,48.15,48.25,48.15,48.25,"3,764",NSBY,NSBY-27,2026-05-28
2028,-,-,-,-,0.00,-,2,2,-,-,-,43.65,"1,604",NSBY,NSBY-28,2026-05-28
2029,-,-,-,-,0.00,-,-,-,-,-,-,43.98,643,NSBY,NSBY-29,2026-05-28
2030,-,-,-,-,0.00,-,6,6,-,-,-,45.00,340,NSBY,NSBY-30,2026-05-28
2031,-,-,-,-,0.00,-,-,-,-,-,-,46.98,145,NSBY,NSBY-31,2026-05-28
2032,-,-,-,-,0.00,-,-,-,-,-,-,48.38,53,NSBY,NSBY-32,2026-05-28
2033,-,-,-,-,0.00,-,-,-,-,-,-,48.88,1,NSBY,NSBY-33,2026-05-28
2034,-,-,-,-,0.00,-,-,-,-,-,-,49.38,1,NSBY,NSBY-34,2026-05-28
2035,-,-,-,-,0.00,-,-,-,-,-,-,49.88,0,NSBY,NSBY-35,2026-05-28
2036,-,-,-,-,0.00,-,-,-,-,-,-,50.13,0,NSBY,NSBY-36,2026-05-28
Q3 2026,-,-,56.25,16:10,2.20,122,69,191,55.10,56.25,55.10,56.25,"5,375",NSBQ,NSBQ3-26,2026-05-28
Q4 2026,-,-,74.95,15:56,1.67,52,21,73,74.25,74.95,74.20,74.95,"4,400",NSBQ,NSBQ4-26,2026-05-28
Q1 2027,79.30,-,79.80,15:52,1.10,29,30,59,79.00,79.80,79.00,79.80,987,NSBQ,NSBQ1-27,2026-05-28
Q2 2027,-,-,36.60,15:59,0.77,13,-,13,36.20,36.60,36.20,36.60,296,NSBQ,NSBQ2-27,2026-05-28
Q3 2027,26.35,-,-,-,0.00,-,-,-,-,-,-,27.10,278,NSBQ,NSBQ3-27,2026-05-28
Q4 2027,-,-,-,-,0.00,-,2,2,-,-,-,50.50,337,NSBQ,NSBQ4-27,2026-05-28
Q1 2028,-,-,68.50,12:20,0.45,3,-,3,68.50,68.50,68.50,68.50,140,NSBQ,NSBQ1-28,2026-05-28
Q2 2028,-,-,-,-,0.00,-,-,-,-,-,-,32.98,34,NSBQ,NSBQ2-28,2026-05-28
Q3 2028,-,-,-,-,0.00,-,-,-,-,-,-,23.75,35,NSBQ,NSBQ3-28,2026-05-28
Q4 2028,-,-,-,-,0.00,-,-,-,-,-,-,49.55,71,NSBQ,NSBQ4-28,2026-05-28
May 2026,-,-,-,-,0.00,-,-,-,-,-,-,73.90,"4,775",NSBM,NSBMMAY-26,2026-05-28
Jun 2026,-,59.70,59.25,16:04,3.03,315,141,456,57.50,59.50,57.50,59.27,"5,366",NSBM,NSBMJUN-26,2026-05-28
Jul 2026,-,-,49.70,15:53,2.27,94,21,115,48.50,50.00,48.50,49.70,861,NSBM,NSBMJUL-26,2026-05-28
Aug 2026,-,57.46,54.80,16:06,1.75,6,15,21,54.10,54.80,54.10,54.80,190,NSBM,NSBMAUG-26,2026-05-28
Sep 2026,-,-,64.10,14:33,2.15,13,50,63,64.00,64.10,64.00,64.10,147,NSBM,NSBMSEP-26,2026-05-28
Oct 2026,-,-,-,-,0.00,-,-,-,-,-,-,64.00,89,NSBM,NSBMOCT-26,2026-05-28
Nov 2026,-,-,-,-,0.00,-,-,-,-,-,-,77.72,11,NSBM,NSBMNOV-26,2026-05-28
2027,-,-,-1.75,13:30,0.00,1,1,2,-1.75,-1.75,-1.75,-1.75,688,HLBY,HLBY-27,2026-05-28
2028,-,-,-,-,0.00,-,3,3,-,-,-,1.00,309,HLBY,HLBY-28,2026-05-28
2029,-,-,-,-,0.00,-,-,-,-,-,-,1.08,80,HLBY,HLBY-29,2026-05-28
2030,-,-,-,-,0.00,-,-,-,-,-,-,0.76,50,HLBY,HLBY-30,2026-05-28
Q3 2026,-,-,-,-,0.00,-,1,1,-,-,-,-5.25,842,HLBQ,HLBQ3-26,2026-05-28
Q4 2026,-,-,-,-,0.00,-,10,10,-,-,-,-2.25,929,HLBQ,HLBQ4-26,2026-05-28
Q1 2027,-,-,-,-,0.00,-,3,3,-,-,-,0.65,145,HLBQ,HLBQ1-27,2026-05-28
Q2 2027,-,-,-,-,0.00,-,-,-,-,-,-,-3.77,5,HLBQ,HLBQ2-27,2026-05-28
May 2026,-,-,-,-,0.00,-,-,-,-,-,-,-23.57,"1,071",HLBM,HLBMMAY-26,2026-05-28
Jun 2026,-,-,-,-,0.00,-,11,11,-,-,-,-16.25,995,HLBM,HLBMJUN-26,2026-05-28
Jul 2026,-,-,-,-,0.00,-,2,2,-,-,-,-15.00,101,HLBM,HLBMJUL-26,2026-05-28
Aug 2026,-,-,-,-,0.00,-,-,-,-,-,-,-7.75,14,HLBM,HLBMAUG-26,2026-05-28
2027,-,-,48.25,15:59,0.74,16,27,43,48.15,48.25,48.15,48.25,"3,766",NSBY,NSBY-27,2026-05-28
2028,-,-,-,-,0.00,-,2,2,-,-,-,43.65,"1,604",NSBY,NSBY-28,2026-05-28
2029,-,-,-,-,0.00,-,-,-,-,-,-,43.98,643,NSBY,NSBY-29,2026-05-28
2030,-,-,-,-,0.00,-,6,6,-,-,-,45.00,343,NSBY,NSBY-30,2026-05-28
2031,-,-,-,-,0.00,-,-,-,-,-,-,46.98,145,NSBY,NSBY-31,2026-05-28
2032,-,-,-,-,0.00,-,-,-,-,-,-,48.38,53,NSBY,NSBY-32,2026-05-28
2033,-,-,-,-,0.00,-,-,-,-,-,-,48.88,1,NSBY,NSBY-33,2026-05-28
2034,-,-,-,-,0.00,-,-,-,-,-,-,49.38,1,NSBY,NSBY-34,2026-05-28
2035,-,-,-,-,0.00,-,-,-,-,-,-,49.88,0,NSBY,NSBY-35,2026-05-28
2036,-,-,-,-,0.00,-,-,-,-,-,-,50.13,0,NSBY,NSBY-36,2026-05-28
Q3 2026,-,-,56.25,16:10,2.20,122,69,191,55.10,56.25,55.10,56.25,"5,393",NSBQ,NSBQ3-26,2026-05-28
Q4 2026,-,-,74.95,15:56,1.67,52,21,73,74.25,74.95,74.20,74.95,"4,429",NSBQ,NSBQ4-26,2026-05-28
Q1 2027,79.30,-,79.80,15:52,1.10,29,30,59,79.00,79.80,79.00,79.80,995,NSBQ,NSBQ1-27,2026-05-28
Q2 2027,-,-,36.60,15:59,0.77,13,-,13,36.20,36.60,36.20,36.60,309,NSBQ,NSBQ2-27,2026-05-28
Q3 2027,26.35,-,-,-,0.00,-,-,-,-,-,-,27.10,278,NSBQ,NSBQ3-27,2026-05-28
Q4 2027,-,-,-,-,0.00,-,2,2,-,-,-,50.50,337,NSBQ,NSBQ4-27,2026-05-28
Q1 2028,-,-,68.50,12:20,0.45,3,-,3,68.50,68.50,68.50,68.50,143,NSBQ,NSBQ1-28,2026-05-28
Q2 2028,-,-,-,-,0.00,-,-,-,-,-,-,32.98,34,NSBQ,NSBQ2-28,2026-05-28
Q3 2028,-,-,-,-,0.00,-,-,-,-,-,-,23.75,35,NSBQ,NSBQ3-28,2026-05-28
Q4 2028,-,-,-,-,0.00,-,-,-,-,-,-,49.55,71,NSBQ,NSBQ4-28,2026-05-28
May 2026,-,-,-,-,0.00,-,-,-,-,-,-,73.90,"4,775",NSBM,NSBMMAY-26,2026-05-28
Jun 2026,-,59.70,59.25,16:04,3.03,315,141,456,57.50,59.50,57.50,59.27,"5,376",NSBM,NSBMJUN-26,2026-05-28
Jul 2026,-,-,49.70,15:53,2.27,94,21,115,48.50,50.00,48.50,49.70,886,NSBM,NSBMJUL-26,2026-05-28
Aug 2026,-,57.46,54.80,16:06,1.75,6,15,21,54.10,54.80,54.10,54.80,205,NSBM,NSBMAUG-26,2026-05-28
Sep 2026,-,-,64.10,14:33,2.15,13,50,63,64.00,64.10,64.00,64.10,196,NSBM,NSBMSEP-26,2026-05-28
Oct 2026,-,-,-,-,0.00,-,-,-,-,-,-,64.00,89,NSBM,NSBMOCT-26,2026-05-28
Nov 2026,-,-,-,-,0.00,-,-,-,-,-,-,77.72,11,NSBM,NSBMNOV-26,2026-05-28
2027,-2.20,-1.60,-,-,0.00,-,3,3,-,-,-,-1.75,688,HLBY,HLBY-27,2026-05-29
2028,0.70,1.25,-,-,0.00,-,-,-,-,-,-,1.00,309,HLBY,HLBY-28,2026-05-29
2029,0.75,1.35,-,-,0.00,-,-,-,-,-,-,1.08,80,HLBY,HLBY-29,2026-05-29
2030,-0.74,2.26,-,-,0.00,-,-,-,-,-,-,0.76,50,HLBY,HLBY-30,2026-05-29
Q3 2026,-7.38,-5.00,-,-,0.00,-,4,4,-,-,-,-5.25,842,HLBQ,HLBQ3-26,2026-05-29
Q4 2026,-3.92,-2.00,-,-,0.00,-,2,2,-,-,-,-2.25,929,HLBQ,HLBQ4-26,2026-05-29
Q1 2027,-1.32,1.68,-,-,0.00,-,3,3,-,-,-,0.65,145,HLBQ,HLBQ1-27,2026-05-29
Q2 2027,-5.41,-2.41,-,-,0.00,-,-,-,-,-,-,-3.77,5,HLBQ,HLBQ2-27,2026-05-29
May 2026,-,-,-,-,0.00,-,-,-,-,-,-,-23.57,"1,071",HLBM,HLBMMAY-26,2026-05-29
Jun 2026,-17.50,-16.04,-,-,0.00,-,31,31,-,-,-,-16.25,995,HLBM,HLBMJUN-26,2026-05-29
Jul 2026,-17.22,-14.22,-,-,0.00,-,-,-,-,-,-,-15.00,101,HLBM,HLBMJUL-26,2026-05-29
Aug 2026,-8.50,-6.87,-,-,0.00,-,-,-,-,-,-,-7.75,14,HLBM,HLBMAUG-26,2026-05-29
2027,48.55,48.80,48.75,13:23,0.50,5,7,12,48.82,48.82,48.75,48.25,"3,766",NSBY,NSBY-27,2026-05-29
2028,43.65,43.75,43.65,12:47,0.00,6,7,13,43.75,43.75,43.65,43.65,"1,604",NSBY,NSBY-28,2026-05-29
2029,43.50,44.15,-,-,0.00,-,-,-,-,-,-,43.98,643,NSBY,NSBY-29,2026-05-29
2030,43.53,46.53,-,-,0.00,-,-,-,-,-,-,45.00,343,NSBY,NSBY-30,2026-05-29
2031,45.88,48.88,-,-,0.00,-,-,-,-,-,-,46.98,145,NSBY,NSBY-31,2026-05-29
2032,-,-,-,-,0.00,-,-,-,-,-,-,48.38,53,NSBY,NSBY-32,2026-05-29
2033,-,-,-,-,0.00,-,-,-,-,-,-,48.88,1,NSBY,NSBY-33,2026-05-29
2034,-,-,-,-,0.00,-,-,-,-,-,-,49.38,1,NSBY,NSBY-34,2026-05-29
2035,-,-,-,-,0.00,-,-,-,-,-,-,49.88,0,NSBY,NSBY-35,2026-05-29
2036,-,-,-,-,0.00,-,-,-,-,-,-,50.13,0,NSBY,NSBY-36,2026-05-29
Q3 2026,58.25,58.40,58.40,13:33,2.15,106,33,139,57.00,58.40,57.00,56.25,"5,393",NSBQ,NSBQ3-26,2026-05-29
Q4 2026,76.50,76.70,76.65,13:35,1.70,74,14,88,75.85,76.65,75.85,74.95,"4,429",NSBQ,NSBQ4-26,2026-05-29
Q1 2027,81.00,81.20,81.15,13:22,1.35,32,2,34,81.00,81.15,80.80,79.80,995,NSBQ,NSBQ1-27,2026-05-29
Q2 2027,37.00,37.15,37.00,12:58,0.40,1,-,1,37.00,37.00,37.00,36.60,309,NSBQ,NSBQ2-27,2026-05-29
Q3 2027,26.75,27.40,27.40,12:58,0.30,4,-,4,27.40,27.40,27.40,27.10,278,NSBQ,NSBQ3-27,2026-05-29
Q4 2027,50.25,51.70,-,-,0.00,-,-,-,-,-,-,50.50,337,NSBQ,NSBQ4-27,2026-05-29
Q1 2028,68.25,69.50,-,-,0.00,-,-,-,-,-,-,68.50,143,NSBQ,NSBQ1-28,2026-05-29
Q2 2028,32.85,34.00,-,-,0.00,-,-,-,-,-,-,32.98,34,NSBQ,NSBQ2-28,2026-05-29
Q3 2028,23.00,25.25,-,-,0.00,-,-,-,-,-,-,23.75,35,NSBQ,NSBQ3-28,2026-05-29
Q4 2028,49.25,51.10,-,-,0.00,-,-,-,-,-,-,49.55,71,NSBQ,NSBQ4-28,2026-05-29
May 2026,-,-,-,-,0.00,-,-,-,-,-,-,73.90,"4,775",NSBM,NSBMMAY-26,2026-05-29
Jun 2026,62.25,62.50,62.50,13:36,3.23,324,75,399,60.17,62.50,60.17,59.27,"5,376",NSBM,NSBMJUN-26,2026-05-29
Jul 2026,51.50,52.00,51.50,12:41,1.80,166,15,181,50.45,51.50,50.45,49.70,886,NSBM,NSBMJUL-26,2026-05-29
Aug 2026,56.85,57.50,-,-,0.00,-,50,50,-,-,-,54.80,205,NSBM,NSBMAUG-26,2026-05-29
Sep 2026,66.00,67.95,66.00,13:00,1.90,3,-,3,66.00,66.00,66.00,64.10,196,NSBM,NSBMSEP-26,2026-05-29
Oct 2026,63.24,67.14,-,-,0.00,-,-,-,-,-,-,64.00,89,NSBM,NSBMOCT-26,2026-05-29
Nov 2026,77.35,81.25,-,-,0.00,-,3,3,-,-,-,77.72,11,NSBM,NSBMNOV-26,2026-05-29
2027,-,-,-1.80,15:59,-0.05,2,3,5,-1.84,-1.80,-1.84,-1.80,688,HLBY,HLBY-27,2026-05-29
2028,-,-,-,-,0.00,-,-,-,-,-,-,0.98,309,HLBY,HLBY-28,2026-05-29
2029,-,-,-,-,0.00,-,-,-,-,-,-,1.05,80,HLBY,HLBY-29,2026-05-29
2030,-,-,-,-,0.00,-,-,-,-,-,-,0.75,50,HLBY,HLBY-30,2026-05-29
Q3 2026,-,-,-,-,0.00,-,4,4,-,-,-,-5.50,842,HLBQ,HLBQ3-26,2026-05-29
Q4 2026,-,-,-,-,0.00,-,7,7,-,-,-,-2.50,929,HLBQ,HLBQ4-26,2026-05-29
Q1 2027,-,-,-,-,0.00,-,8,8,-,-,-,0.15,145,HLBQ,HLBQ1-27,2026-05-29
Q2 2027,-,-,-,-,0.00,-,-,-,-,-,-,-3.98,5,HLBQ,HLBQ2-27,2026-05-29
May 2026,-,-,-,-,0.00,-,-,-,-,-,-,-23.44,"1,071",HLBM,HLBMMAY-26,2026-05-29
Jun 2026,-,-,-15.75,15:58,0.50,9,37,46,-16.04,-15.75,-16.04,-15.75,995,HLBM,HLBMJUN-26,2026-05-29
Jul 2026,-,-,-,-,0.00,-,-,-,-,-,-,-15.25,101,HLBM,HLBMJUL-26,2026-05-29
Aug 2026,-,-,-,-,0.00,-,-,-,-,-,-,-7.87,14,HLBM,HLBMAUG-26,2026-05-29
2027,-,-,48.85,15:43,0.60,11,14,25,48.82,48.85,48.75,48.78,"3,766",NSBY,NSBY-27,2026-05-29
2028,-,-,43.70,14:58,0.05,8,12,20,43.75,43.75,43.65,43.70,"1,604",NSBY,NSBY-28,2026-05-29
2029,-,-,-,-,0.00,-,-,-,-,-,-,43.98,643,NSBY,NSBY-29,2026-05-29
2030,-,47.40,-,-,0.00,-,1,1,-,-,-,45.00,343,NSBY,NSBY-30,2026-05-29
2031,-,-,-,-,0.00,-,-,-,-,-,-,46.98,145,NSBY,NSBY-31,2026-05-29
2032,-,-,-,-,0.00,-,-,-,-,-,-,48.38,53,NSBY,NSBY-32,2026-05-29
2033,-,-,-,-,0.00,-,-,-,-,-,-,48.88,1,NSBY,NSBY-33,2026-05-29
2034,-,-,-,-,0.00,-,-,-,-,-,-,49.38,1,NSBY,NSBY-34,2026-05-29
2035,-,-,-,-,0.00,-,-,-,-,-,-,49.88,0,NSBY,NSBY-35,2026-05-29
2036,-,-,-,-,0.00,-,-,-,-,-,-,50.13,0,NSBY,NSBY-36,2026-05-29
Q3 2026,-,-,58.35,16:07,2.10,152,71,223,57.00,58.50,57.00,58.48,"5,393",NSBQ,NSBQ3-26,2026-05-29
Q4 2026,-,76.70,76.70,15:59,1.75,114,37,151,75.85,76.80,75.85,76.70,"4,429",NSBQ,NSBQ4-26,2026-05-29
Q1 2027,81.05,-,81.20,15:59,1.40,43,12,55,81.00,81.20,80.80,81.20,995,NSBQ,NSBQ1-27,2026-05-29
Q2 2027,-,-,37.20,14:46,0.60,6,-,6,37.00,37.20,37.00,37.20,309,NSBQ,NSBQ2-27,2026-05-29
Q3 2027,-,-,27.20,15:10,0.10,21,-,21,27.40,27.40,27.20,27.30,278,NSBQ,NSBQ3-27,2026-05-29
Q4 2027,50.26,-,50.55,15:12,0.05,2,-,2,50.55,50.55,50.55,50.51,337,NSBQ,NSBQ4-27,2026-05-29
Q1 2028,-,68.74,68.55,15:27,0.05,2,-,2,68.55,68.55,68.55,68.50,143,NSBQ,NSBQ1-28,2026-05-29
Q2 2028,-,-,-,-,0.00,-,-,-,-,-,-,33.10,34,NSBQ,NSBQ2-28,2026-05-29
Q3 2028,-,-,-,-,0.00,-,-,-,-,-,-,24.13,35,NSBQ,NSBQ3-28,2026-05-29
Q4 2028,-,-,-,-,0.00,-,-,-,-,-,-,49.70,71,NSBQ,NSBQ4-28,2026-05-29
May 2026,-,-,-,-,0.00,-,-,-,-,-,-,76.00,"4,775",NSBM,NSBMMAY-26,2026-05-29
Jun 2026,62.00,62.90,62.50,15:58,3.23,415,109,524,60.17,62.50,60.17,62.50,"5,376",NSBM,NSBMJUN-26,2026-05-29
Jul 2026,50.55,52.25,52.20,15:59,2.50,218,15,233,50.45,52.20,50.45,52.20,886,NSBM,NSBMJUL-26,2026-05-29
Aug 2026,-,-,57.30,15:57,2.50,3,50,53,57.25,57.30,57.25,57.30,205,NSBM,NSBMAUG-26,2026-05-29
Sep 2026,-,-,66.00,13:00,1.90,3,-,3,66.00,66.00,66.00,66.00,196,NSBM,NSBMSEP-26,2026-05-29
Oct 2026,63.50,-,-,-,0.00,-,-,-,-,-,-,65.41,89,NSBM,NSBMOCT-26,2026-05-29
Nov 2026,-,-,-,-,0.00,-,3,3,-,-,-,79.33,11,NSBM,NSBMNOV-26,2026-05-29
2027,-,-,-1.80,15:59,-0.05,2,3,5,-1.84,-1.80,-1.84,-1.80,688,HLBY,HLBY-27,2026-05-29
2028,-,-,-,-,0.00,-,-,-,-,-,-,0.98,309,HLBY,HLBY-28,2026-05-29
2029,-,-,-,-,0.00,-,-,-,-,-,-,1.05,80,HLBY,HLBY-29,2026-05-29
2030,-,-,-,-,0.00,-,-,-,-,-,-,0.75,50,HLBY,HLBY-30,2026-05-29
Q3 2026,-,-,-,-,0.00,-,4,4,-,-,-,-5.50,842,HLBQ,HLBQ3-26,2026-05-29
Q4 2026,-,-,-,-,0.00,-,7,7,-,-,-,-2.50,929,HLBQ,HLBQ4-26,2026-05-29
Q1 2027,-,-,-,-,0.00,-,8,8,-,-,-,0.15,145,HLBQ,HLBQ1-27,2026-05-29
Q2 2027,-,-,-,-,0.00,-,-,-,-,-,-,-3.98,5,HLBQ,HLBQ2-27,2026-05-29
May 2026,-,-,-,-,0.00,-,-,-,-,-,-,-23.44,"1,071",HLBM,HLBMMAY-26,2026-05-29
Jun 2026,-,-,-15.75,15:58,0.50,9,37,46,-16.04,-15.75,-16.04,-15.75,995,HLBM,HLBMJUN-26,2026-05-29
Jul 2026,-,-,-,-,0.00,-,-,-,-,-,-,-15.25,101,HLBM,HLBMJUL-26,2026-05-29
Aug 2026,-,-,-,-,0.00,-,-,-,-,-,-,-7.87,14,HLBM,HLBMAUG-26,2026-05-29
2027,-,-,48.85,15:43,0.60,11,14,25,48.82,48.85,48.75,48.78,"3,766",NSBY,NSBY-27,2026-05-29
2028,-,-,43.70,14:58,0.05,8,12,20,43.75,43.75,43.65,43.70,"1,604",NSBY,NSBY-28,2026-05-29
2029,-,-,-,-,0.00,-,-,-,-,-,-,43.98,643,NSBY,NSBY-29,2026-05-29
2030,-,47.40,-,-,0.00,-,1,1,-,-,-,45.00,343,NSBY,NSBY-30,2026-05-29
2031,-,-,-,-,0.00,-,-,-,-,-,-,46.98,145,NSBY,NSBY-31,2026-05-29
2032,-,-,-,-,0.00,-,-,-,-,-,-,48.38,53,NSBY,NSBY-32,2026-05-29
2033,-,-,-,-,0.00,-,-,-,-,-,-,48.88,1,NSBY,NSBY-33,2026-05-29
2034,-,-,-,-,0.00,-,-,-,-,-,-,49.38,1,NSBY,NSBY-34,2026-05-29
2035,-,-,-,-,0.00,-,-,-,-,-,-,49.88,0,NSBY,NSBY-35,2026-05-29
2036,-,-,-,-,0.00,-,-,-,-,-,-,50.13,0,NSBY,NSBY-36,2026-05-29
Q3 2026,-,-,58.35,16:07,2.10,152,71,223,57.00,58.50,57.00,58.48,"5,393",NSBQ,NSBQ3-26,2026-05-29
Q4 2026,-,76.70,76.70,15:59,1.75,114,37,151,75.85,76.80,75.85,76.70,"4,429",NSBQ,NSBQ4-26,2026-05-29
Q1 2027,81.05,-,81.20,15:59,1.40,43,12,55,81.00,81.20,80.80,81.20,995,NSBQ,NSBQ1-27,2026-05-29
Q2 2027,-,-,37.20,14:46,0.60,6,-,6,37.00,37.20,37.00,37.20,309,NSBQ,NSBQ2-27,2026-05-29
Q3 2027,-,-,27.20,15:10,0.10,21,-,21,27.40,27.40,27.20,27.30,278,NSBQ,NSBQ3-27,2026-05-29
Q4 2027,50.26,-,50.55,15:12,0.05,2,-,2,50.55,50.55,50.55,50.51,337,NSBQ,NSBQ4-27,2026-05-29
Q1 2028,-,68.74,68.55,15:27,0.05,2,-,2,68.55,68.55,68.55,68.50,143,NSBQ,NSBQ1-28,2026-05-29
Q2 2028,-,-,-,-,0.00,-,-,-,-,-,-,33.10,34,NSBQ,NSBQ2-28,2026-05-29
Q3 2028,-,-,-,-,0.00,-,-,-,-,-,-,24.13,35,NSBQ,NSBQ3-28,2026-05-29
Q4 2028,-,-,-,-,0.00,-,-,-,-,-,-,49.70,71,NSBQ,NSBQ4-28,2026-05-29
May 2026,-,-,-,-,0.00,-,-,-,-,-,-,76.00,"4,775",NSBM,NSBMMAY-26,2026-05-29
Jun 2026,62.00,62.90,62.50,15:58,3.23,415,109,524,60.17,62.50,60.17,62.50,"5,376",NSBM,NSBMJUN-26,2026-05-29
Jul 2026,50.55,52.25,52.20,15:59,2.50,218,15,233,50.45,52.20,50.45,52.20,886,NSBM,NSBMJUL-26,2026-05-29
Aug 2026,-,-,57.30,15:57,2.50,3,50,53,57.25,57.30,57.25,57.30,205,NSBM,NSBMAUG-26,2026-05-29
Sep 2026,-,-,66.00,13:00,1.90,3,-,3,66.00,66.00,66.00,66.00,196,NSBM,NSBMSEP-26,2026-05-29
Oct 2026,63.50,-,-,-,0.00,-,-,-,-,-,-,65.41,89,NSBM,NSBMOCT-26,2026-05-29
Nov 2026,-,-,-,-,0.00,-,3,3,-,-,-,79.33,11,NSBM,NSBMNOV-26,2026-05-29
2027,-,-,-1.80,15:59,-0.05,2,3,5,-1.84,-1.80,-1.84,-1.80,692,HLBY,HLBY-27,2026-05-29
2028,-,-,-,-,0.00,-,-,-,-,-,-,0.98,309,HLBY,HLBY-28,2026-05-29
2029,-,-,-,-,0.00,-,-,-,-,-,-,1.05,80,HLBY,HLBY-29,2026-05-29
2030,-,-,-,-,0.00,-,-,-,-,-,-,0.75,50,HLBY,HLBY-30,2026-05-29
Q3 2026,-,-,-,-,0.00,-,4,4,-,-,-,-5.50,846,HLBQ,HLBQ3-26,2026-05-29
Q4 2026,-,-,-,-,0.00,-,7,7,-,-,-,-2.50,928,HLBQ,HLBQ4-26,2026-05-29
Q1 2027,-,-,-,-,0.00,-,8,8,-,-,-,0.15,146,HLBQ,HLBQ1-27,2026-05-29
Q2 2027,-,-,-,-,0.00,-,-,-,-,-,-,-3.98,5,HLBQ,HLBQ2-27,2026-05-29
May 2026,-,-,-,-,0.00,-,-,-,-,-,-,-23.44,"1,070",HLBM,HLBMMAY-26,2026-05-29
Jun 2026,-,-,-15.75,15:58,0.50,9,37,46,-16.04,-15.75,-16.04,-15.75,"1,018",HLBM,HLBMJUN-26,2026-05-29
Jul 2026,-,-,-,-,0.00,-,-,-,-,-,-,-15.25,101,HLBM,HLBMJUL-26,2026-05-29
Aug 2026,-,-,-,-,0.00,-,-,-,-,-,-,-7.87,14,HLBM,HLBMAUG-26,2026-05-29
2027,-,-,48.85,15:43,0.60,11,14,25,48.82,48.85,48.75,48.78,"3,785",NSBY,NSBY-27,2026-05-29
2028,-,-,43.70,14:58,0.05,8,12,20,43.75,43.75,43.65,43.70,"1,606",NSBY,NSBY-28,2026-05-29
2029,-,-,-,-,0.00,-,-,-,-,-,-,43.98,643,NSBY,NSBY-29,2026-05-29
2030,-,47.40,-,-,0.00,-,1,1,-,-,-,45.00,344,NSBY,NSBY-30,2026-05-29
2031,-,-,-,-,0.00,-,-,-,-,-,-,46.98,145,NSBY,NSBY-31,2026-05-29
2032,-,-,-,-,0.00,-,-,-,-,-,-,48.38,53,NSBY,NSBY-32,2026-05-29
2033,-,-,-,-,0.00,-,-,-,-,-,-,48.88,1,NSBY,NSBY-33,2026-05-29
2034,-,-,-,-,0.00,-,-,-,-,-,-,49.38,1,NSBY,NSBY-34,2026-05-29
2035,-,-,-,-,0.00,-,-,-,-,-,-,49.88,0,NSBY,NSBY-35,2026-05-29
2036,-,-,-,-,0.00,-,-,-,-,-,-,50.13,0,NSBY,NSBY-36,2026-05-29
Q3 2026,-,-,58.35,16:07,2.10,152,71,223,57.00,58.50,57.00,58.48,"5,366",NSBQ,NSBQ3-26,2026-05-29
Q4 2026,-,76.70,76.70,15:59,1.75,114,37,151,75.85,76.80,75.85,76.70,"4,473",NSBQ,NSBQ4-26,2026-05-29
Q1 2027,81.05,-,81.20,15:59,1.40,43,12,55,81.00,81.20,80.80,81.20,"1,014",NSBQ,NSBQ1-27,2026-05-29
Q2 2027,-,-,37.20,14:46,0.60,6,-,6,37.00,37.20,37.00,37.20,315,NSBQ,NSBQ2-27,2026-05-29
Q3 2027,-,-,27.20,15:10,0.10,21,-,21,27.40,27.40,27.20,27.30,296,NSBQ,NSBQ3-27,2026-05-29
Q4 2027,50.26,-,50.55,15:12,0.05,2,-,2,50.55,50.55,50.55,50.51,339,NSBQ,NSBQ4-27,2026-05-29
Q1 2028,-,68.74,68.55,15:27,0.05,2,-,2,68.55,68.55,68.55,68.50,145,NSBQ,NSBQ1-28,2026-05-29
Q2 2028,-,-,-,-,0.00,-,-,-,-,-,-,33.10,34,NSBQ,NSBQ2-28,2026-05-29
Q3 2028,-,-,-,-,0.00,-,-,-,-,-,-,24.13,35,NSBQ,NSBQ3-28,2026-05-29
Q4 2028,-,-,-,-,0.00,-,-,-,-,-,-,49.70,71,NSBQ,NSBQ4-28,2026-05-29
May 2026,-,-,-,-,0.00,-,-,-,-,-,-,76.00,"4,775",NSBM,NSBMMAY-26,2026-05-29
Jun 2026,62.00,62.90,62.50,15:58,3.23,415,109,524,60.17,62.50,60.17,62.50,"5,286",NSBM,NSBMJUN-26,2026-05-29
Jul 2026,50.55,52.25,52.20,15:59,2.50,218,15,233,50.45,52.20,50.45,52.20,946,NSBM,NSBMJUL-26,2026-05-29
Aug 2026,-,-,57.30,15:57,2.50,3,50,53,57.25,57.30,57.25,57.30,204,NSBM,NSBMAUG-26,2026-05-29
Sep 2026,-,-,66.00,13:00,1.90,3,-,3,66.00,66.00,66.00,66.00,194,NSBM,NSBMSEP-26,2026-05-29
Oct 2026,63.50,-,-,-,0.00,-,-,-,-,-,-,65.41,89,NSBM,NSBMOCT-26,2026-05-29
Nov 2026,-,-,-,-,0.00,-,3,3,-,-,-,79.33,14,NSBM,NSBMNOV-26,2026-05-29
2027,-,-,-1.80,15:59,-0.05,2,3,5,-1.84,-1.80,-1.84,-1.80,692,HLBY,HLBY-27,2026-05-30
2028,-,-,-,-,0.00,-,-,-,-,-,-,0.98,309,HLBY,HLBY-28,2026-05-30
2029,-,-,-,-,0.00,-,-,-,-,-,-,1.05,80,HLBY,HLBY-29,2026-05-30
2030,-,-,-,-,0.00,-,-,-,-,-,-,0.75,50,HLBY,HLBY-30,2026-05-30
Q3 2026,-,-,-,-,0.00,-,4,4,-,-,-,-5.50,846,HLBQ,HLBQ3-26,2026-05-30
Q4 2026,-,-,-,-,0.00,-,7,7,-,-,-,-2.50,928,HLBQ,HLBQ4-26,2026-05-30
Q1 2027,-,-,-,-,0.00,-,8,8,-,-,-,0.15,146,HLBQ,HLBQ1-27,2026-05-30
Q2 2027,-,-,-,-,0.00,-,-,-,-,-,-,-3.98,5,HLBQ,HLBQ2-27,2026-05-30
May 2026,-,-,-,-,0.00,-,-,-,-,-,-,-23.44,"1,070",HLBM,HLBMMAY-26,2026-05-30
Jun 2026,-,-,-15.75,15:58,0.50,9,37,46,-16.04,-15.75,-16.04,-15.75,"1,018",HLBM,HLBMJUN-26,2026-05-30
Jul 2026,-,-,-,-,0.00,-,-,-,-,-,-,-15.25,101,HLBM,HLBMJUL-26,2026-05-30
Aug 2026,-,-,-,-,0.00,-,-,-,-,-,-,-7.87,14,HLBM,HLBMAUG-26,2026-05-30
2027,-,-,48.85,15:43,0.60,11,14,25,48.82,48.85,48.75,48.78,"3,785",NSBY,NSBY-27,2026-05-30
2028,-,-,43.70,14:58,0.05,8,12,20,43.75,43.75,43.65,43.70,"1,606",NSBY,NSBY-28,2026-05-30
2029,-,-,-,-,0.00,-,-,-,-,-,-,43.98,643,NSBY,NSBY-29,2026-05-30
2030,-,47.40,-,-,0.00,-,1,1,-,-,-,45.00,344,NSBY,NSBY-30,2026-05-30
2031,-,-,-,-,0.00,-,-,-,-,-,-,46.98,145,NSBY,NSBY-31,2026-05-30
2032,-,-,-,-,0.00,-,-,-,-,-,-,48.38,53,NSBY,NSBY-32,2026-05-30
2033,-,-,-,-,0.00,-,-,-,-,-,-,48.88,1,NSBY,NSBY-33,2026-05-30
2034,-,-,-,-,0.00,-,-,-,-,-,-,49.38,1,NSBY,NSBY-34,2026-05-30
2035,-,-,-,-,0.00,-,-,-,-,-,-,49.88,0,NSBY,NSBY-35,2026-05-30
2036,-,-,-,-,0.00,-,-,-,-,-,-,50.13,0,NSBY,NSBY-36,2026-05-30
Q3 2026,-,-,58.35,16:07,2.10,152,71,223,57.00,58.50,57.00,58.48,"5,366",NSBQ,NSBQ3-26,2026-05-30
Q4 2026,-,76.70,76.70,15:59,1.75,114,37,151,75.85,76.80,75.85,76.70,"4,473",NSBQ,NSBQ4-26,2026-05-30
Q1 2027,81.05,-,81.20,15:59,1.40,43,12,55,81.00,81.20,80.80,81.20,"1,014",NSBQ,NSBQ1-27,2026-05-30
Q2 2027,-,-,37.20,14:46,0.60,6,-,6,37.00,37.20,37.00,37.20,315,NSBQ,NSBQ2-27,2026-05-30
Q3 2027,-,-,27.20,15:10,0.10,21,-,21,27.40,27.40,27.20,27.30,296,NSBQ,NSBQ3-27,2026-05-30
Q4 2027,50.26,-,50.55,15:12,0.05,2,-,2,50.55,50.55,50.55,50.51,339,NSBQ,NSBQ4-27,2026-05-30
Q1 2028,-,68.74,68.55,15:27,0.05,2,-,2,68.55,68.55,68.55,68.50,145,NSBQ,NSBQ1-28,2026-05-30
Q2 2028,-,-,-,-,0.00,-,-,-,-,-,-,33.10,34,NSBQ,NSBQ2-28,2026-05-30
Q3 2028,-,-,-,-,0.00,-,-,-,-,-,-,24.13,35,NSBQ,NSBQ3-28,2026-05-30
Q4 2028,-,-,-,-,0.00,-,-,-,-,-,-,49.70,71,NSBQ,NSBQ4-28,2026-05-30
May 2026,-,-,-,-,0.00,-,-,-,-,-,-,76.00,"4,775",NSBM,NSBMMAY-26,2026-05-30
Jun 2026,62.00,62.90,62.50,15:58,3.23,415,109,524,60.17,62.50,60.17,62.50,"5,286",NSBM,NSBMJUN-26,2026-05-30
Jul 2026,50.55,52.25,52.20,15:59,2.50,218,15,233,50.45,52.20,50.45,52.20,946,NSBM,NSBMJUL-26,2026-05-30
Aug 2026,-,-,57.30,15:57,2.50,3,50,53,57.25,57.30,57.25,57.30,204,NSBM,NSBMAUG-26,2026-05-30
Sep 2026,-,-,66.00,13:00,1.90,3,-,3,66.00,66.00,66.00,66.00,194,NSBM,NSBMSEP-26,2026-05-30
Oct 2026,63.50,-,-,-,0.00,-,-,-,-,-,-,65.41,89,NSBM,NSBMOCT-26,2026-05-30
Nov 2026,-,-,-,-,0.00,-,3,3,-,-,-,79.33,14,NSBM,NSBMNOV-26,2026-05-30
2027,-,-,-1.80,15:59,-0.05,2,3,5,-1.84,-1.80,-1.84,-1.80,692,HLBY,HLBY-27,2026-05-30
2028,-,-,-,-,0.00,-,-,-,-,-,-,0.98,309,HLBY,HLBY-28,2026-05-30
2029,-,-,-,-,0.00,-,-,-,-,-,-,1.05,80,HLBY,HLBY-29,2026-05-30
2030,-,-,-,-,0.00,-,-,-,-,-,-,0.75,50,HLBY,HLBY-30,2026-05-30
Q3 2026,-,-,-,-,0.00,-,4,4,-,-,-,-5.50,846,HLBQ,HLBQ3-26,2026-05-30
Q4 2026,-,-,-,-,0.00,-,7,7,-,-,-,-2.50,928,HLBQ,HLBQ4-26,2026-05-30
Q1 2027,-,-,-,-,0.00,-,8,8,-,-,-,0.15,146,HLBQ,HLBQ1-27,2026-05-30
Q2 2027,-,-,-,-,0.00,-,-,-,-,-,-,-3.98,5,HLBQ,HLBQ2-27,2026-05-30
May 2026,-,-,-,-,0.00,-,-,-,-,-,-,-23.44,"1,070",HLBM,HLBMMAY-26,2026-05-30
Jun 2026,-,-,-15.75,15:58,0.50,9,37,46,-16.04,-15.75,-16.04,-15.75,"1,018",HLBM,HLBMJUN-26,2026-05-30
Jul 2026,-,-,-,-,0.00,-,-,-,-,-,-,-15.25,101,HLBM,HLBMJUL-26,2026-05-30
Aug 2026,-,-,-,-,0.00,-,-,-,-,-,-,-7.87,14,HLBM,HLBMAUG-26,2026-05-30
2027,-,-,48.85,15:43,0.60,11,14,25,48.82,48.85,48.75,48.78,"3,785",NSBY,NSBY-27,2026-05-30
2028,-,-,43.70,14:58,0.05,8,12,20,43.75,43.75,43.65,43.70,"1,606",NSBY,NSBY-28,2026-05-30
2029,-,-,-,-,0.00,-,-,-,-,-,-,43.98,643,NSBY,NSBY-29,2026-05-30
2030,-,47.40,-,-,0.00,-,1,1,-,-,-,45.00,344,NSBY,NSBY-30,2026-05-30
2031,-,-,-,-,0.00,-,-,-,-,-,-,46.98,145,NSBY,NSBY-31,2026-05-30
2032,-,-,-,-,0.00,-,-,-,-,-,-,48.38,53,NSBY,NSBY-32,2026-05-30
2033,-,-,-,-,0.00,-,-,-,-,-,-,48.88,1,NSBY,NSBY-33,2026-05-30
2034,-,-,-,-,0.00,-,-,-,-,-,-,49.38,1,NSBY,NSBY-34,2026-05-30
2035,-,-,-,-,0.00,-,-,-,-,-,-,49.88,0,NSBY,NSBY-35,2026-05-30
2036,-,-,-,-,0.00,-,-,-,-,-,-,50.13,0,NSBY,NSBY-36,2026-05-30
Q3 2026,-,-,58.35,16:07,2.10,152,71,223,57.00,58.50,57.00,58.48,"5,366",NSBQ,NSBQ3-26,2026-05-30
Q4 2026,-,76.70,76.70,15:59,1.75,114,37,151,75.85,76.80,75.85,76.70,"4,473",NSBQ,NSBQ4-26,2026-05-30
Q1 2027,81.05,-,81.20,15:59,1.40,43,12,55,81.00,81.20,80.80,81.20,"1,014",NSBQ,NSBQ1-27,2026-05-30
Q2 2027,-,-,37.20,14:46,0.60,6,-,6,37.00,37.20,37.00,37.20,315,NSBQ,NSBQ2-27,2026-05-30
Q3 2027,-,-,27.20,15:10,0.10,21,-,21,27.40,27.40,27.20,27.30,296,NSBQ,NSBQ3-27,2026-05-30
Q4 2027,50.26,-,50.55,15:12,0.05,2,-,2,50.55,50.55,50.55,50.51,339,NSBQ,NSBQ4-27,2026-05-30
Q1 2028,-,68.74,68.55,15:27,0.05,2,-,2,68.55,68.55,68.55,68.50,145,NSBQ,NSBQ1-28,2026-05-30
Q2 2028,-,-,-,-,0.00,-,-,-,-,-,-,33.10,34,NSBQ,NSBQ2-28,2026-05-30
Q3 2028,-,-,-,-,0.00,-,-,-,-,-,-,24.13,35,NSBQ,NSBQ3-28,2026-05-30
Q4 2028,-,-,-,-,0.00,-,-,-,-,-,-,49.70,71,NSBQ,NSBQ4-28,2026-05-30
May 2026,-,-,-,-,0.00,-,-,-,-,-,-,76.00,"4,775",NSBM,NSBMMAY-26,2026-05-30
Jun 2026,62.00,62.90,62.50,15:58,3.23,415,109,524,60.17,62.50,60.17,62.50,"5,286",NSBM,NSBMJUN-26,2026-05-30
Jul 2026,50.55,52.25,52.20,15:59,2.50,218,15,233,50.45,52.20,50.45,52.20,946,NSBM,NSBMJUL-26,2026-05-30
Aug 2026,-,-,57.30,15:57,2.50,3,50,53,57.25,57.30,57.25,57.30,204,NSBM,NSBMAUG-26,2026-05-30
Sep 2026,-,-,66.00,13:00,1.90,3,-,3,66.00,66.00,66.00,66.00,194,NSBM,NSBMSEP-26,2026-05-30
Oct 2026,63.50,-,-,-,0.00,-,-,-,-,-,-,65.41,89,NSBM,NSBMOCT-26,2026-05-30
Nov 2026,-,-,-,-,0.00,-,3,3,-,-,-,79.33,14,NSBM,NSBMNOV-26,2026-05-30
2027,-,-,-1.80,15:59,-0.05,2,3,5,-1.84,-1.80,-1.84,-1.80,692,HLBY,HLBY-27,2026-05-30
2028,-,-,-,-,0.00,-,-,-,-,-,-,0.98,309,HLBY,HLBY-28,2026-05-30
2029,-,-,-,-,0.00,-,-,-,-,-,-,1.05,80,HLBY,HLBY-29,2026-05-30
2030,-,-,-,-,0.00,-,-,-,-,-,-,0.75,50,HLBY,HLBY-30,2026-05-30
Q3 2026,-,-,-,-,0.00,-,4,4,-,-,-,-5.50,846,HLBQ,HLBQ3-26,2026-05-30
Q4 2026,-,-,-,-,0.00,-,7,7,-,-,-,-2.50,928,HLBQ,HLBQ4-26,2026-05-30
Q1 2027,-,-,-,-,0.00,-,8,8,-,-,-,0.15,146,HLBQ,HLBQ1-27,2026-05-30
Q2 2027,-,-,-,-,0.00,-,-,-,-,-,-,-3.98,5,HLBQ,HLBQ2-27,2026-05-30
May 2026,-,-,-,-,0.00,-,-,-,-,-,-,-23.44,"1,070",HLBM,HLBMMAY-26,2026-05-30
Jun 2026,-,-,-15.75,15:58,0.50,9,37,46,-16.04,-15.75,-16.04,-15.75,"1,018",HLBM,HLBMJUN-26,2026-05-30
Jul 2026,-,-,-,-,0.00,-,-,-,-,-,-,-15.25,101,HLBM,HLBMJUL-26,2026-05-30
Aug 2026,-,-,-,-,0.00,-,-,-,-,-,-,-7.87,14,HLBM,HLBMAUG-26,2026-05-30
2027,-,-,48.85,15:43,0.60,11,14,25,48.82,48.85,48.75,48.78,"3,785",NSBY,NSBY-27,2026-05-30
2028,-,-,43.70,14:58,0.05,8,12,20,43.75,43.75,43.65,43.70,"1,606",NSBY,NSBY-28,2026-05-30
2029,-,-,-,-,0.00,-,-,-,-,-,-,43.98,643,NSBY,NSBY-29,2026-05-30
2030,-,47.40,-,-,0.00,-,1,1,-,-,-,45.00,344,NSBY,NSBY-30,2026-05-30
2031,-,-,-,-,0.00,-,-,-,-,-,-,46.98,145,NSBY,NSBY-31,2026-05-30
2032,-,-,-,-,0.00,-,-,-,-,-,-,48.38,53,NSBY,NSBY-32,2026-05-30
2033,-,-,-,-,0.00,-,-,-,-,-,-,48.88,1,NSBY,NSBY-33,2026-05-30
2034,-,-,-,-,0.00,-,-,-,-,-,-,49.38,1,NSBY,NSBY-34,2026-05-30
2035,-,-,-,-,0.00,-,-,-,-,-,-,49.88,0,NSBY,NSBY-35,2026-05-30
2036,-,-,-,-,0.00,-,-,-,-,-,-,50.13,0,NSBY,NSBY-36,2026-05-30
Q3 2026,-,-,58.35,16:07,2.10,152,71,223,57.00,58.50,57.00,58.48,"5,366",NSBQ,NSBQ3-26,2026-05-30
Q4 2026,-,76.70,76.70,15:59,1.75,114,37,151,75.85,76.80,75.85,76.70,"4,473",NSBQ,NSBQ4-26,2026-05-30
Q1 2027,81.05,-,81.20,15:59,1.40,43,12,55,81.00,81.20,80.80,81.20,"1,014",NSBQ,NSBQ1-27,2026-05-30
Q2 2027,-,-,37.20,14:46,0.60,6,-,6,37.00,37.20,37.00,37.20,315,NSBQ,NSBQ2-27,2026-05-30
Q3 2027,-,-,27.20,15:10,0.10,21,-,21,27.40,27.40,27.20,27.30,296,NSBQ,NSBQ3-27,2026-05-30
Q4 2027,50.26,-,50.55,15:12,0.05,2,-,2,50.55,50.55,50.55,50.51,339,NSBQ,NSBQ4-27,2026-05-30
Q1 2028,-,68.74,68.55,15:27,0.05,2,-,2,68.55,68.55,68.55,68.50,145,NSBQ,NSBQ1-28,2026-05-30
Q2 2028,-,-,-,-,0.00,-,-,-,-,-,-,33.10,34,NSBQ,NSBQ2-28,2026-05-30
Q3 2028,-,-,-,-,0.00,-,-,-,-,-,-,24.13,35,NSBQ,NSBQ3-28,2026-05-30
Q4 2028,-,-,-,-,0.00,-,-,-,-,-,-,49.70,71,NSBQ,NSBQ4-28,2026-05-30
May 2026,-,-,-,-,0.00,-,-,-,-,-,-,76.00,"4,775",NSBM,NSBMMAY-26,2026-05-30
Jun 2026,62.00,62.90,62.50,15:58,3.23,415,109,524,60.17,62.50,60.17,62.50,"5,286",NSBM,NSBMJUN-26,2026-05-30
Jul 2026,50.55,52.25,52.20,15:59,2.50,218,15,233,50.45,52.20,50.45,52.20,946,NSBM,NSBMJUL-26,2026-05-30
Aug 2026,-,-,57.30,15:57,2.50,3,50,53,57.25,57.30,57.25,57.30,204,NSBM,NSBMAUG-26,2026-05-30
Sep 2026,-,-,66.00,13:00,1.90,3,-,3,66.00,66.00,66.00,66.00,194,NSBM,NSBMSEP-26,2026-05-30
Oct 2026,63.50,-,-,-,0.00,-,-,-,-,-,-,65.41,89,NSBM,NSBMOCT-26,2026-05-30
Nov 2026,-,-,-,-,0.00,-,3,3,-,-,-,79.33,14,NSBM,NSBMNOV-26,2026-05-30
2027,-,-,-1.80,15:59,-0.05,2,3,5,-1.84,-1.80,-1.84,-1.80,692,HLBY,HLBY-27,2026-05-30
2028,-,-,-,-,0.00,-,-,-,-,-,-,0.98,309,HLBY,HLBY-28,2026-05-30
2029,-,-,-,-,0.00,-,-,-,-,-,-,1.05,80,HLBY,HLBY-29,2026-05-30
2030,-,-,-,-,0.00,-,-,-,-,-,-,0.75,50,HLBY,HLBY-30,2026-05-30
Q3 2026,-,-,-,-,0.00,-,4,4,-,-,-,-5.50,846,HLBQ,HLBQ3-26,2026-05-30
Q4 2026,-,-,-,-,0.00,-,7,7,-,-,-,-2.50,928,HLBQ,HLBQ4-26,2026-05-30
Q1 2027,-,-,-,-,0.00,-,8,8,-,-,-,0.15,146,HLBQ,HLBQ1-27,2026-05-30
Q2 2027,-,-,-,-,0.00,-,-,-,-,-,-,-3.98,5,HLBQ,HLBQ2-27,2026-05-30
May 2026,-,-,-,-,0.00,-,-,-,-,-,-,-23.44,"1,070",HLBM,HLBMMAY-26,2026-05-30
Jun 2026,-,-,-15.75,15:58,0.50,9,37,46,-16.04,-15.75,-16.04,-15.75,"1,018",HLBM,HLBMJUN-26,2026-05-30
Jul 2026,-,-,-,-,0.00,-,-,-,-,-,-,-15.25,101,HLBM,HLBMJUL-26,2026-05-30
Aug 2026,-,-,-,-,0.00,-,-,-,-,-,-,-7.87,14,HLBM,HLBMAUG-26,2026-05-30
2027,-,-,48.85,15:43,0.60,11,14,25,48.82,48.85,48.75,48.78,"3,785",NSBY,NSBY-27,2026-05-30
2028,-,-,43.70,14:58,0.05,8,12,20,43.75,43.75,43.65,43.70,"1,606",NSBY,NSBY-28,2026-05-30
2029,-,-,-,-,0.00,-,-,-,-,-,-,43.98,643,NSBY,NSBY-29,2026-05-30
2030,-,47.40,-,-,0.00,-,1,1,-,-,-,45.00,344,NSBY,NSBY-30,2026-05-30
2031,-,-,-,-,0.00,-,-,-,-,-,-,46.98,145,NSBY,NSBY-31,2026-05-30
2032,-,-,-,-,0.00,-,-,-,-,-,-,48.38,53,NSBY,NSBY-32,2026-05-30
2033,-,-,-,-,0.00,-,-,-,-,-,-,48.88,1,NSBY,NSBY-33,2026-05-30
2034,-,-,-,-,0.00,-,-,-,-,-,-,49.38,1,NSBY,NSBY-34,2026-05-30
2035,-,-,-,-,0.00,-,-,-,-,-,-,49.88,0,NSBY,NSBY-35,2026-05-30
2036,-,-,-,-,0.00,-,-,-,-,-,-,50.13,0,NSBY,NSBY-36,2026-05-30
Q3 2026,-,-,58.35,16:07,2.10,152,71,223,57.00,58.50,57.00,58.48,"5,366",NSBQ,NSBQ3-26,2026-05-30
Q4 2026,-,76.70,76.70,15:59,1.75,114,37,151,75.85,76.80,75.85,76.70,"4,473",NSBQ,NSBQ4-26,2026-05-30
Q1 2027,81.05,-,81.20,15:59,1.40,43,12,55,81.00,81.20,80.80,81.20,"1,014",NSBQ,NSBQ1-27,2026-05-30
Q2 2027,-,-,37.20,14:46,0.60,6,-,6,37.00,37.20,37.00,37.20,315,NSBQ,NSBQ2-27,2026-05-30
Q3 2027,-,-,27.20,15:10,0.10,21,-,21,27.40,27.40,27.20,27.30,296,NSBQ,NSBQ3-27,2026-05-30
Q4 2027,50.26,-,50.55,15:12,0.05,2,-,2,50.55,50.55,50.55,50.51,339,NSBQ,NSBQ4-27,2026-05-30
Q1 2028,-,68.74,68.55,15:27,0.05,2,-,2,68.55,68.55,68.55,68.50,145,NSBQ,NSBQ1-28,2026-05-30
Q2 2028,-,-,-,-,0.00,-,-,-,-,-,-,33.10,34,NSBQ,NSBQ2-28,2026-05-30
Q3 2028,-,-,-,-,0.00,-,-,-,-,-,-,24.13,35,NSBQ,NSBQ3-28,2026-05-30
Q4 2028,-,-,-,-,0.00,-,-,-,-,-,-,49.70,71,NSBQ,NSBQ4-28,2026-05-30
May 2026,-,-,-,-,0.00,-,-,-,-,-,-,76.00,"4,775",NSBM,NSBMMAY-26,2026-05-30
Jun 2026,62.00,62.90,62.50,15:58,3.23,415,109,524,60.17,62.50,60.17,62.50,"5,286",NSBM,NSBMJUN-26,2026-05-30
Jul 2026,50.55,52.25,52.20,15:59,2.50,218,15,233,50.45,52.20,50.45,52.20,946,NSBM,NSBMJUL-26,2026-05-30
Aug 2026,-,-,57.30,15:57,2.50,3,50,53,57.25,57.30,57.25,57.30,204,NSBM,NSBMAUG-26,2026-05-30
Sep 2026,-,-,66.00,13:00,1.90,3,-,3,66.00,66.00,66.00,66.00,194,NSBM,NSBMSEP-26,2026-05-30
Oct 2026,63.50,-,-,-,0.00,-,-,-,-,-,-,65.41,89,NSBM,NSBMOCT-26,2026-05-30
Nov 2026,-,-,-,-,0.00,-,3,3,-,-,-,79.33,14,NSBM,NSBMNOV-26,2026-05-30
2027,-,-,-1.80,15:59,-0.05,2,3,5,-1.84,-1.80,-1.84,-1.80,692,HLBY,HLBY-27,2026-05-31
2028,-,-,-,-,0.00,-,-,-,-,-,-,0.98,309,HLBY,HLBY-28,2026-05-31
2029,-,-,-,-,0.00,-,-,-,-,-,-,1.05,80,HLBY,HLBY-29,2026-05-31
2030,-,-,-,-,0.00,-,-,-,-,-,-,0.75,50,HLBY,HLBY-30,2026-05-31
Q3 2026,-,-,-,-,0.00,-,4,4,-,-,-,-5.50,846,HLBQ,HLBQ3-26,2026-05-31
Q4 2026,-,-,-,-,0.00,-,7,7,-,-,-,-2.50,928,HLBQ,HLBQ4-26,2026-05-31
Q1 2027,-,-,-,-,0.00,-,8,8,-,-,-,0.15,146,HLBQ,HLBQ1-27,2026-05-31
Q2 2027,-,-,-,-,0.00,-,-,-,-,-,-,-3.98,5,HLBQ,HLBQ2-27,2026-05-31
May 2026,-,-,-,-,0.00,-,-,-,-,-,-,-23.44,"1,070",HLBM,HLBMMAY-26,2026-05-31
Jun 2026,-,-,-15.75,15:58,0.50,9,37,46,-16.04,-15.75,-16.04,-15.75,"1,018",HLBM,HLBMJUN-26,2026-05-31
Jul 2026,-,-,-,-,0.00,-,-,-,-,-,-,-15.25,101,HLBM,HLBMJUL-26,2026-05-31
Aug 2026,-,-,-,-,0.00,-,-,-,-,-,-,-7.87,14,HLBM,HLBMAUG-26,2026-05-31
2027,-,-,48.85,15:43,0.60,11,14,25,48.82,48.85,48.75,48.78,"3,785",NSBY,NSBY-27,2026-05-31
2028,-,-,43.70,14:58,0.05,8,12,20,43.75,43.75,43.65,43.70,"1,606",NSBY,NSBY-28,2026-05-31
2029,-,-,-,-,0.00,-,-,-,-,-,-,43.98,643,NSBY,NSBY-29,2026-05-31
2030,-,47.40,-,-,0.00,-,1,1,-,-,-,45.00,344,NSBY,NSBY-30,2026-05-31
2031,-,-,-,-,0.00,-,-,-,-,-,-,46.98,145,NSBY,NSBY-31,2026-05-31
2032,-,-,-,-,0.00,-,-,-,-,-,-,48.38,53,NSBY,NSBY-32,2026-05-31
2033,-,-,-,-,0.00,-,-,-,-,-,-,48.88,1,NSBY,NSBY-33,2026-05-31
2034,-,-,-,-,0.00,-,-,-,-,-,-,49.38,1,NSBY,NSBY-34,2026-05-31
2035,-,-,-,-,0.00,-,-,-,-,-,-,49.88,0,NSBY,NSBY-35,2026-05-31
2036,-,-,-,-,0.00,-,-,-,-,-,-,50.13,0,NSBY,NSBY-36,2026-05-31
Q3 2026,-,-,58.35,16:07,2.10,152,71,223,57.00,58.50,57.00,58.48,"5,366",NSBQ,NSBQ3-26,2026-05-31
Q4 2026,-,76.70,76.70,15:59,1.75,114,37,151,75.85,76.80,75.85,76.70,"4,473",NSBQ,NSBQ4-26,2026-05-31
Q1 2027,81.05,-,81.20,15:59,1.40,43,12,55,81.00,81.20,80.80,81.20,"1,014",NSBQ,NSBQ1-27,2026-05-31
Q2 2027,-,-,37.20,14:46,0.60,6,-,6,37.00,37.20,37.00,37.20,315,NSBQ,NSBQ2-27,2026-05-31
Q3 2027,-,-,27.20,15:10,0.10,21,-,21,27.40,27.40,27.20,27.30,296,NSBQ,NSBQ3-27,2026-05-31
Q4 2027,50.26,-,50.55,15:12,0.05,2,-,2,50.55,50.55,50.55,50.51,339,NSBQ,NSBQ4-27,2026-05-31
Q1 2028,-,68.74,68.55,15:27,0.05,2,-,2,68.55,68.55,68.55,68.50,145,NSBQ,NSBQ1-28,2026-05-31
Q2 2028,-,-,-,-,0.00,-,-,-,-,-,-,33.10,34,NSBQ,NSBQ2-28,2026-05-31
Q3 2028,-,-,-,-,0.00,-,-,-,-,-,-,24.13,35,NSBQ,NSBQ3-28,2026-05-31
Q4 2028,-,-,-,-,0.00,-,-,-,-,-,-,49.70,71,NSBQ,NSBQ4-28,2026-05-31
May 2026,-,-,-,-,0.00,-,-,-,-,-,-,76.00,"4,775",NSBM,NSBMMAY-26,2026-05-31
Jun 2026,62.00,62.90,62.50,15:58,3.23,415,109,524,60.17,62.50,60.17,62.50,"5,286",NSBM,NSBMJUN-26,2026-05-31
Jul 2026,50.55,52.25,52.20,15:59,2.50,218,15,233,50.45,52.20,50.45,52.20,946,NSBM,NSBMJUL-26,2026-05-31
Aug 2026,-,-,57.30,15:57,2.50,3,50,53,57.25,57.30,57.25,57.30,204,NSBM,NSBMAUG-26,2026-05-31
Sep 2026,-,-,66.00,13:00,1.90,3,-,3,66.00,66.00,66.00,66.00,194,NSBM,NSBMSEP-26,2026-05-31
Oct 2026,63.50,-,-,-,0.00,-,-,-,-,-,-,65.41,89,NSBM,NSBMOCT-26,2026-05-31
Nov 2026,-,-,-,-,0.00,-,3,3,-,-,-,79.33,14,NSBM,NSBMNOV-26,2026-05-31
2027,-,-,-1.80,15:59,-0.05,2,3,5,-1.84,-1.80,-1.84,-1.80,692,HLBY,HLBY-27,2026-05-31
2028,-,-,-,-,0.00,-,-,-,-,-,-,0.98,309,HLBY,HLBY-28,2026-05-31
2029,-,-,-,-,0.00,-,-,-,-,-,-,1.05,80,HLBY,HLBY-29,2026-05-31
2030,-,-,-,-,0.00,-,-,-,-,-,-,0.75,50,HLBY,HLBY-30,2026-05-31
Q3 2026,-,-,-,-,0.00,-,4,4,-,-,-,-5.50,846,HLBQ,HLBQ3-26,2026-05-31
Q4 2026,-,-,-,-,0.00,-,7,7,-,-,-,-2.50,928,HLBQ,HLBQ4-26,2026-05-31
Q1 2027,-,-,-,-,0.00,-,8,8,-,-,-,0.15,146,HLBQ,HLBQ1-27,2026-05-31
Q2 2027,-,-,-,-,0.00,-,-,-,-,-,-,-3.98,5,HLBQ,HLBQ2-27,2026-05-31
May 2026,-,-,-,-,0.00,-,-,-,-,-,-,-23.44,"1,070",HLBM,HLBMMAY-26,2026-05-31
Jun 2026,-,-,-15.75,15:58,0.50,9,37,46,-16.04,-15.75,-16.04,-15.75,"1,018",HLBM,HLBMJUN-26,2026-05-31
Jul 2026,-,-,-,-,0.00,-,-,-,-,-,-,-15.25,101,HLBM,HLBMJUL-26,2026-05-31
Aug 2026,-,-,-,-,0.00,-,-,-,-,-,-,-7.87,14,HLBM,HLBMAUG-26,2026-05-31
2027,-,-,48.85,15:43,0.60,11,14,25,48.82,48.85,48.75,48.78,"3,785",NSBY,NSBY-27,2026-05-31
2028,-,-,43.70,14:58,0.05,8,12,20,43.75,43.75,43.65,43.70,"1,606",NSBY,NSBY-28,2026-05-31
2029,-,-,-,-,0.00,-,-,-,-,-,-,43.98,643,NSBY,NSBY-29,2026-05-31
2030,-,47.40,-,-,0.00,-,1,1,-,-,-,45.00,344,NSBY,NSBY-30,2026-05-31
2031,-,-,-,-,0.00,-,-,-,-,-,-,46.98,145,NSBY,NSBY-31,2026-05-31
2032,-,-,-,-,0.00,-,-,-,-,-,-,48.38,53,NSBY,NSBY-32,2026-05-31
2033,-,-,-,-,0.00,-,-,-,-,-,-,48.88,1,NSBY,NSBY-33,2026-05-31
2034,-,-,-,-,0.00,-,-,-,-,-,-,49.38,1,NSBY,NSBY-34,2026-05-31
2035,-,-,-,-,0.00,-,-,-,-,-,-,49.88,0,NSBY,NSBY-35,2026-05-31
2036,-,-,-,-,0.00,-,-,-,-,-,-,50.13,0,NSBY,NSBY-36,2026-05-31
Q3 2026,-,-,58.35,16:07,2.10,152,71,223,57.00,58.50,57.00,58.48,"5,366",NSBQ,NSBQ3-26,2026-05-31
Q4 2026,-,76.70,76.70,15:59,1.75,114,37,151,75.85,76.80,75.85,76.70,"4,473",NSBQ,NSBQ4-26,2026-05-31
Q1 2027,81.05,-,81.20,15:59,1.40,43,12,55,81.00,81.20,80.80,81.20,"1,014",NSBQ,NSBQ1-27,2026-05-31
Q2 2027,-,-,37.20,14:46,0.60,6,-,6,37.00,37.20,37.00,37.20,315,NSBQ,NSBQ2-27,2026-05-31
Q3 2027,-,-,27.20,15:10,0.10,21,-,21,27.40,27.40,27.20,27.30,296,NSBQ,NSBQ3-27,2026-05-31
Q4 2027,50.26,-,50.55,15:12,0.05,2,-,2,50.55,50.55,50.55,50.51,339,NSBQ,NSBQ4-27,2026-05-31
Q1 2028,-,68.74,68.55,15:27,0.05,2,-,2,68.55,68.55,68.55,68.50,145,NSBQ,NSBQ1-28,2026-05-31
Q2 2028,-,-,-,-,0.00,-,-,-,-,-,-,33.10,34,NSBQ,NSBQ2-28,2026-05-31
Q3 2028,-,-,-,-,0.00,-,-,-,-,-,-,24.13,35,NSBQ,NSBQ3-28,2026-05-31
Q4 2028,-,-,-,-,0.00,-,-,-,-,-,-,49.70,71,NSBQ,NSBQ4-28,2026-05-31
May 2026,-,-,-,-,0.00,-,-,-,-,-,-,76.00,"4,775",NSBM,NSBMMAY-26,2026-05-31
Jun 2026,62.00,62.90,62.50,15:58,3.23,415,109,524,60.17,62.50,60.17,62.50,"5,286",NSBM,NSBMJUN-26,2026-05-31
Jul 2026,50.55,52.25,52.20,15:59,2.50,218,15,233,50.45,52.20,50.45,52.20,946,NSBM,NSBMJUL-26,2026-05-31
Aug 2026,-,-,57.30,15:57,2.50,3,50,53,57.25,57.30,57.25,57.30,204,NSBM,NSBMAUG-26,2026-05-31
Sep 2026,-,-,66.00,13:00,1.90,3,-,3,66.00,66.00,66.00,66.00,194,NSBM,NSBMSEP-26,2026-05-31
Oct 2026,63.50,-,-,-,0.00,-,-,-,-,-,-,65.41,89,NSBM,NSBMOCT-26,2026-05-31
Nov 2026,-,-,-,-,0.00,-,3,3,-,-,-,79.33,14,NSBM,NSBMNOV-26,2026-05-31
2027,-,-,-1.80,15:59,-0.05,2,3,5,-1.84,-1.80,-1.84,-1.80,692,HLBY,HLBY-27,2026-05-31
2028,-,-,-,-,0.00,-,-,-,-,-,-,0.98,309,HLBY,HLBY-28,2026-05-31
2029,-,-,-,-,0.00,-,-,-,-,-,-,1.05,80,HLBY,HLBY-29,2026-05-31
2030,-,-,-,-,0.00,-,-,-,-,-,-,0.75,50,HLBY,HLBY-30,2026-05-31
Q3 2026,-,-,-,-,0.00,-,4,4,-,-,-,-5.50,846,HLBQ,HLBQ3-26,2026-05-31
Q4 2026,-,-,-,-,0.00,-,7,7,-,-,-,-2.50,928,HLBQ,HLBQ4-26,2026-05-31
Q1 2027,-,-,-,-,0.00,-,8,8,-,-,-,0.15,146,HLBQ,HLBQ1-27,2026-05-31
Q2 2027,-,-,-,-,0.00,-,-,-,-,-,-,-3.98,5,HLBQ,HLBQ2-27,2026-05-31
May 2026,-,-,-,-,0.00,-,-,-,-,-,-,-23.44,"1,070",HLBM,HLBMMAY-26,2026-05-31
Jun 2026,-,-,-15.75,15:58,0.50,9,37,46,-16.04,-15.75,-16.04,-15.75,"1,018",HLBM,HLBMJUN-26,2026-05-31
Jul 2026,-,-,-,-,0.00,-,-,-,-,-,-,-15.25,101,HLBM,HLBMJUL-26,2026-05-31
Aug 2026,-,-,-,-,0.00,-,-,-,-,-,-,-7.87,14,HLBM,HLBMAUG-26,2026-05-31
2027,-,-,48.85,15:43,0.60,11,14,25,48.82,48.85,48.75,48.78,"3,785",NSBY,NSBY-27,2026-05-31
2028,-,-,43.70,14:58,0.05,8,12,20,43.75,43.75,43.65,43.70,"1,606",NSBY,NSBY-28,2026-05-31
2029,-,-,-,-,0.00,-,-,-,-,-,-,43.98,643,NSBY,NSBY-29,2026-05-31
2030,-,47.40,-,-,0.00,-,1,1,-,-,-,45.00,344,NSBY,NSBY-30,2026-05-31
2031,-,-,-,-,0.00,-,-,-,-,-,-,46.98,145,NSBY,NSBY-31,2026-05-31
2032,-,-,-,-,0.00,-,-,-,-,-,-,48.38,53,NSBY,NSBY-32,2026-05-31
2033,-,-,-,-,0.00,-,-,-,-,-,-,48.88,1,NSBY,NSBY-33,2026-05-31
2034,-,-,-,-,0.00,-,-,-,-,-,-,49.38,1,NSBY,NSBY-34,2026-05-31
2035,-,-,-,-,0.00,-,-,-,-,-,-,49.88,0,NSBY,NSBY-35,2026-05-31
2036,-,-,-,-,0.00,-,-,-,-,-,-,50.13,0,NSBY,NSBY-36,2026-05-31
Q3 2026,-,-,58.35,16:07,2.10,152,71,223,57.00,58.50,57.00,58.48,"5,366",NSBQ,NSBQ3-26,2026-05-31
Q4 2026,-,76.70,76.70,15:59,1.75,114,37,151,75.85,76.80,75.85,76.70,"4,473",NSBQ,NSBQ4-26,2026-05-31
Q1 2027,81.05,-,81.20,15:59,1.40,43,12,55,81.00,81.20,80.80,81.20,"1,014",NSBQ,NSBQ1-27,2026-05-31
Q2 2027,-,-,37.20,14:46,0.60,6,-,6,37.00,37.20,37.00,37.20,315,NSBQ,NSBQ2-27,2026-05-31
Q3 2027,-,-,27.20,15:10,0.10,21,-,21,27.40,27.40,27.20,27.30,296,NSBQ,NSBQ3-27,2026-05-31
Q4 2027,50.26,-,50.55,15:12,0.05,2,-,2,50.55,50.55,50.55,50.51,339,NSBQ,NSBQ4-27,2026-05-31
Q1 2028,-,68.74,68.55,15:27,0.05,2,-,2,68.55,68.55,68.55,68.50,145,NSBQ,NSBQ1-28,2026-05-31
Q2 2028,-,-,-,-,0.00,-,-,-,-,-,-,33.10,34,NSBQ,NSBQ2-28,2026-05-31
Q3 2028,-,-,-,-,0.00,-,-,-,-,-,-,24.13,35,NSBQ,NSBQ3-28,2026-05-31
Q4 2028,-,-,-,-,0.00,-,-,-,-,-,-,49.70,71,NSBQ,NSBQ4-28,2026-05-31
May 2026,-,-,-,-,0.00,-,-,-,-,-,-,76.00,"4,775",NSBM,NSBMMAY-26,2026-05-31
Jun 2026,62.00,62.90,62.50,15:58,3.23,415,109,524,60.17,62.50,60.17,62.50,"5,286",NSBM,NSBMJUN-26,2026-05-31
Jul 2026,50.55,52.25,52.20,15:59,2.50,218,15,233,50.45,52.20,50.45,52.20,946,NSBM,NSBMJUL-26,2026-05-31
Aug 2026,-,-,57.30,15:57,2.50,3,50,53,57.25,57.30,57.25,57.30,204,NSBM,NSBMAUG-26,2026-05-31
Sep 2026,-,-,66.00,13:00,1.90,3,-,3,66.00,66.00,66.00,66.00,194,NSBM,NSBMSEP-26,2026-05-31
Oct 2026,63.50,-,-,-,0.00,-,-,-,-,-,-,65.41,89,NSBM,NSBMOCT-26,2026-05-31
Nov 2026,-,-,-,-,0.00,-,3,3,-,-,-,79.33,14,NSBM,NSBMNOV-26,2026-05-31
2027,-,-,-1.80,15:59,-0.05,2,3,5,-1.84,-1.80,-1.84,-1.80,692,HLBY,HLBY-27,2026-05-31
2028,-,-,-,-,0.00,-,-,-,-,-,-,0.98,309,HLBY,HLBY-28,2026-05-31
2029,-,-,-,-,0.00,-,-,-,-,-,-,1.05,80,HLBY,HLBY-29,2026-05-31
2030,-,-,-,-,0.00,-,-,-,-,-,-,0.75,50,HLBY,HLBY-30,2026-05-31
Q3 2026,-,-,-,-,0.00,-,4,4,-,-,-,-5.50,846,HLBQ,HLBQ3-26,2026-05-31
Q4 2026,-,-,-,-,0.00,-,7,7,-,-,-,-2.50,928,HLBQ,HLBQ4-26,2026-05-31
Q1 2027,-,-,-,-,0.00,-,8,8,-,-,-,0.15,146,HLBQ,HLBQ1-27,2026-05-31
Q2 2027,-,-,-,-,0.00,-,-,-,-,-,-,-3.98,5,HLBQ,HLBQ2-27,2026-05-31
May 2026,-,-,-,-,0.00,-,-,-,-,-,-,-23.44,"1,070",HLBM,HLBMMAY-26,2026-05-31
Jun 2026,-,-,-15.75,15:58,0.50,9,37,46,-16.04,-15.75,-16.04,-15.75,"1,018",HLBM,HLBMJUN-26,2026-05-31
Jul 2026,-,-,-,-,0.00,-,-,-,-,-,-,-15.25,101,HLBM,HLBMJUL-26,2026-05-31
Aug 2026,-,-,-,-,0.00,-,-,-,-,-,-,-7.87,14,HLBM,HLBMAUG-26,2026-05-31
2027,-,-,48.85,15:43,0.60,11,14,25,48.82,48.85,48.75,48.78,"3,785",NSBY,NSBY-27,2026-05-31
2028,-,-,43.70,14:58,0.05,8,12,20,43.75,43.75,43.65,43.70,"1,606",NSBY,NSBY-28,2026-05-31
2029,-,-,-,-,0.00,-,-,-,-,-,-,43.98,643,NSBY,NSBY-29,2026-05-31
2030,-,47.40,-,-,0.00,-,1,1,-,-,-,45.00,344,NSBY,NSBY-30,2026-05-31
2031,-,-,-,-,0.00,-,-,-,-,-,-,46.98,145,NSBY,NSBY-31,2026-05-31
2032,-,-,-,-,0.00,-,-,-,-,-,-,48.38,53,NSBY,NSBY-32,2026-05-31
2033,-,-,-,-,0.00,-,-,-,-,-,-,48.88,1,NSBY,NSBY-33,2026-05-31
2034,-,-,-,-,0.00,-,-,-,-,-,-,49.38,1,NSBY,NSBY-34,2026-05-31
2035,-,-,-,-,0.00,-,-,-,-,-,-,49.88,0,NSBY,NSBY-35,2026-05-31
2036,-,-,-,-,0.00,-,-,-,-,-,-,50.13,0,NSBY,NSBY-36,2026-05-31
Q3 2026,-,-,58.35,16:07,2.10,152,71,223,57.00,58.50,57.00,58.48,"5,366",NSBQ,NSBQ3-26,2026-05-31
Q4 2026,-,76.70,76.70,15:59,1.75,114,37,151,75.85,76.80,75.85,76.70,"4,473",NSBQ,NSBQ4-26,2026-05-31
Q1 2027,81.05,-,81.20,15:59,1.40,43,12,55,81.00,81.20,80.80,81.20,"1,014",NSBQ,NSBQ1-27,2026-05-31
Q2 2027,-,-,37.20,14:46,0.60,6,-,6,37.00,37.20,37.00,37.20,315,NSBQ,NSBQ2-27,2026-05-31
Q3 2027,-,-,27.20,15:10,0.10,21,-,21,27.40,27.40,27.20,27.30,296,NSBQ,NSBQ3-27,2026-05-31
Q4 2027,50.26,-,50.55,15:12,0.05,2,-,2,50.55,50.55,50.55,50.51,339,NSBQ,NSBQ4-27,2026-05-31
Q1 2028,-,68.74,68.55,15:27,0.05,2,-,2,68.55,68.55,68.55,68.50,145,NSBQ,NSBQ1-28,2026-05-31
Q2 2028,-,-,-,-,0.00,-,-,-,-,-,-,33.10,34,NSBQ,NSBQ2-28,2026-05-31
Q3 2028,-,-,-,-,0.00,-,-,-,-,-,-,24.13,35,NSBQ,NSBQ3-28,2026-05-31
Q4 2028,-,-,-,-,0.00,-,-,-,-,-,-,49.70,71,NSBQ,NSBQ4-28,2026-05-31
May 2026,-,-,-,-,0.00,-,-,-,-,-,-,76.00,"4,775",NSBM,NSBMMAY-26,2026-05-31
Jun 2026,62.00,62.90,62.50,15:58,3.23,415,109,524,60.17,62.50,60.17,62.50,"5,286",NSBM,NSBMJUN-26,2026-05-31
Jul 2026,50.55,52.25,52.20,15:59,2.50,218,15,233,50.45,52.20,50.45,52.20,946,NSBM,NSBMJUL-26,2026-05-31
Aug 2026,-,-,57.30,15:57,2.50,3,50,53,57.25,57.30,57.25,57.30,204,NSBM,NSBMAUG-26,2026-05-31
Sep 2026,-,-,66.00,13:00,1.90,3,-,3,66.00,66.00,66.00,66.00,194,NSBM,NSBMSEP-26,2026-05-31
Oct 2026,63.50,-,-,-,0.00,-,-,-,-,-,-,65.41,89,NSBM,NSBMOCT-26,2026-05-31
Nov 2026,-,-,-,-,0.00,-,3,3,-,-,-,79.33,14,NSBM,NSBMNOV-26,2026-05-31
2027,-,-,-,-,0.00,-,4,4,-,-,-,-2.00,692,HLBY,HLBY-27,2026-06-01
2028,-,-,-,-,0.00,-,-,-,-,-,-,0.83,309,HLBY,HLBY-28,2026-06-01
2029,-,-,-,-,0.00,-,-,-,-,-,-,1.10,80,HLBY,HLBY-29,2026-06-01
2030,-,-,-,-,0.00,-,-,-,-,-,-,0.68,50,HLBY,HLBY-30,2026-06-01
Q3 2026,-,-,-,-,0.00,-,-,-,-,-,-,-6.74,846,HLBQ,HLBQ3-26,2026-06-01
Q4 2026,-,-,-2.60,15:51,-0.10,2,4,6,-2.55,-2.55,-2.60,-2.60,928,HLBQ,HLBQ4-26,2026-06-01
Q1 2027,-,-,0.50,15:02,0.35,2,-,2,0.50,0.50,0.50,0.50,146,HLBQ,HLBQ1-27,2026-06-01
Q2 2027,-,-,-,-,0.00,-,-,-,-,-,-,-4.43,5,HLBQ,HLBQ2-27,2026-06-01
May 2026,-,-,-,-,0.00,-,-,-,-,-,-,-23.44,"1,070",HLBM,HLBMMAY-26,2026-06-01
Jun 2026,-,-,-,-,0.00,-,-,-,-,-,-,-16.22,"1,018",HLBM,HLBMJUN-26,2026-06-01
Jul 2026,-,-14.00,-14.87,15:59,0.38,2,-,2,-14.87,-14.87,-14.87,-14.87,101,HLBM,HLBMJUL-26,2026-06-01
Aug 2026,-,-,-7.49,15:59,0.38,2,-,2,-7.49,-7.49,-7.49,-7.49,14,HLBM,HLBMAUG-26,2026-06-01
Sep 2026,-,-,-,-,0.00,-,-,-,-,-,-,3.25,-,HLBM,HLBMSEP-26,2026-06-01
2027,-,-,50.35,15:59,1.57,33,26,59,50.00,50.35,49.60,50.35,"3,785",NSBY,NSBY-27,2026-06-01
2028,-,-,44.00,15:42,0.30,6,8,14,43.95,44.00,43.95,43.95,"1,606",NSBY,NSBY-28,2026-06-01
2029,-,-,44.00,15:57,0.02,2,5,7,44.00,44.00,44.00,44.00,643,NSBY,NSBY-29,2026-06-01
2030,-,-,-,-,0.00,-,-,-,-,-,-,45.00,344,NSBY,NSBY-30,2026-06-01
2031,-,-,-,-,0.00,-,-,-,-,-,-,46.98,145,NSBY,NSBY-31,2026-06-01
2032,-,-,-,-,0.00,-,-,-,-,-,-,48.38,53,NSBY,NSBY-32,2026-06-01
2033,-,-,-,-,0.00,-,-,-,-,-,-,48.88,1,NSBY,NSBY-33,2026-06-01
2034,-,-,-,-,0.00,-,-,-,-,-,-,49.38,1,NSBY,NSBY-34,2026-06-01
2035,-,-,-,-,0.00,-,-,-,-,-,-,49.88,0,NSBY,NSBY-35,2026-06-01
2036,-,-,-,-,0.00,-,-,-,-,-,-,50.13,0,NSBY,NSBY-36,2026-06-01
Q3 2026,-,-,61.30,15:59,2.82,186,80,266,59.95,61.75,59.95,61.25,"5,366",NSBQ,NSBQ3-26,2026-06-01
Q4 2026,-,-,79.40,15:59,2.70,47,79,126,79.00,79.50,78.40,79.40,"4,473",NSBQ,NSBQ4-26,2026-06-01
Q1 2027,83.35,-,83.50,15:51,2.30,22,26,48,83.00,83.50,82.50,83.58,"1,014",NSBQ,NSBQ1-27,2026-06-01
Q2 2027,-,-,38.50,15:26,1.30,3,-,3,37.95,38.50,37.95,38.45,315,NSBQ,NSBQ2-27,2026-06-01
Q3 2027,-,-,-,-,0.00,-,-,-,-,-,-,28.40,296,NSBQ,NSBQ3-27,2026-06-01
Q4 2027,-,-,-,-,0.00,-,-,-,-,-,-,51.28,339,NSBQ,NSBQ4-27,2026-06-01
Q1 2028,-,70.00,-,-,0.00,-,-,-,-,-,-,68.78,145,NSBQ,NSBQ1-28,2026-06-01
Q2 2028,-,-,-,-,0.00,-,-,-,-,-,-,33.60,34,NSBQ,NSBQ2-28,2026-06-01
Q3 2028,-,-,-,-,0.00,-,-,-,-,-,-,24.50,35,NSBQ,NSBQ3-28,2026-06-01
Q4 2028,-,-,-,-,0.00,-,-,-,-,-,-,49.80,71,NSBQ,NSBQ4-28,2026-06-01
May 2026,-,-,-,-,0.00,-,-,-,-,-,-,76.00,"4,775",NSBM,NSBMMAY-26,2026-06-01
Jun 2026,-,-,67.00,15:59,4.50,36,-,36,67.00,67.00,67.00,67.00,"5,286",NSBM,NSBMJUN-26,2026-06-01
Jul 2026,-,-,55.00,15:56,2.80,156,5,161,55.50,55.50,53.75,54.99,946,NSBM,NSBMJUL-26,2026-06-01
Aug 2026,58.00,-,60.50,15:59,3.20,23,15,38,60.50,60.50,59.20,60.37,204,NSBM,NSBMAUG-26,2026-06-01
Sep 2026,-,69.10,68.00,15:13,2.00,3,15,18,68.90,68.90,67.65,68.50,194,NSBM,NSBMSEP-26,2026-06-01
Oct 2026,65.70,-,-,-,0.00,-,-,-,-,-,-,67.50,89,NSBM,NSBMOCT-26,2026-06-01
Nov 2026,-,-,-,-,0.00,-,-,-,-,-,-,82.28,14,NSBM,NSBMNOV-26,2026-06-01
Dec 2026,-,-,87.33,14:53,0.00,1,5,6,87.33,87.33,87.33,88.60,-,NSBM,NSBMDEC-26,2026-06-01
2027,-,-,-,-,0.00,-,4,4,-,-,-,-2.00,696,HLBY,HLBY-27,2026-06-01
2028,-,-,-,-,0.00,-,-,-,-,-,-,0.83,309,HLBY,HLBY-28,2026-06-01
2029,-,-,-,-,0.00,-,-,-,-,-,-,1.10,80,HLBY,HLBY-29,2026-06-01
2030,-,-,-,-,0.00,-,-,-,-,-,-,0.68,50,HLBY,HLBY-30,2026-06-01
Q3 2026,-,-,-,-,0.00,-,-,-,-,-,-,-6.74,846,HLBQ,HLBQ3-26,2026-06-01
Q4 2026,-,-,-2.60,15:51,-0.10,2,4,6,-2.55,-2.55,-2.60,-2.60,934,HLBQ,HLBQ4-26,2026-06-01
Q1 2027,-,-,0.50,15:02,0.35,2,-,2,0.50,0.50,0.50,0.50,148,HLBQ,HLBQ1-27,2026-06-01
Q2 2027,-,-,-,-,0.00,-,-,-,-,-,-,-4.43,5,HLBQ,HLBQ2-27,2026-06-01
Jun 2026,-,-,-,-,0.00,-,-,-,-,-,-,-16.22,"1,018",HLBM,HLBMJUN-26,2026-06-01
Jul 2026,-,-14.00,-14.87,15:59,0.38,2,-,2,-14.87,-14.87,-14.87,-14.87,103,HLBM,HLBMJUL-26,2026-06-01
Aug 2026,-,-,-7.49,15:59,0.38,2,-,2,-7.49,-7.49,-7.49,-7.49,16,HLBM,HLBMAUG-26,2026-06-01
Sep 2026,-,-,-,-,0.00,-,-,-,-,-,-,3.25,0,HLBM,HLBMSEP-26,2026-06-01
2027,-,-,50.35,15:59,1.57,33,26,59,50.00,50.35,49.60,50.35,"3,805",NSBY,NSBY-27,2026-06-01
2028,-,-,44.00,15:42,0.30,6,8,14,43.95,44.00,43.95,43.95,"1,606",NSBY,NSBY-28,2026-06-01
2029,-,-,44.00,15:57,0.02,2,5,7,44.00,44.00,44.00,44.00,648,NSBY,NSBY-29,2026-06-01
2030,-,-,-,-,0.00,-,-,-,-,-,-,45.00,344,NSBY,NSBY-30,2026-06-01
2031,-,-,-,-,0.00,-,-,-,-,-,-,46.98,145,NSBY,NSBY-31,2026-06-01
2032,-,-,-,-,0.00,-,-,-,-,-,-,48.38,53,NSBY,NSBY-32,2026-06-01
2033,-,-,-,-,0.00,-,-,-,-,-,-,48.88,1,NSBY,NSBY-33,2026-06-01
2034,-,-,-,-,0.00,-,-,-,-,-,-,49.38,1,NSBY,NSBY-34,2026-06-01
2035,-,-,-,-,0.00,-,-,-,-,-,-,49.88,0,NSBY,NSBY-35,2026-06-01
2036,-,-,-,-,0.00,-,-,-,-,-,-,50.13,0,NSBY,NSBY-36,2026-06-01
Q3 2026,-,-,61.30,15:59,2.82,186,80,266,59.95,61.75,59.95,61.25,"5,361",NSBQ,NSBQ3-26,2026-06-01
Q4 2026,-,-,79.40,15:59,2.70,47,79,126,79.00,79.50,78.40,79.40,"4,544",NSBQ,NSBQ4-26,2026-06-01
Q1 2027,83.35,-,83.50,15:51,2.30,22,26,48,83.00,83.50,82.50,83.58,"1,026",NSBQ,NSBQ1-27,2026-06-01
Q2 2027,-,-,38.50,15:26,1.30,3,-,3,37.95,38.50,37.95,38.45,315,NSBQ,NSBQ2-27,2026-06-01
Q3 2027,-,-,-,-,0.00,-,-,-,-,-,-,28.40,296,NSBQ,NSBQ3-27,2026-06-01
Q4 2027,-,-,-,-,0.00,-,-,-,-,-,-,51.28,339,NSBQ,NSBQ4-27,2026-06-01
Q1 2028,-,70.00,-,-,0.00,-,-,-,-,-,-,68.78,145,NSBQ,NSBQ1-28,2026-06-01
Q2 2028,-,-,-,-,0.00,-,-,-,-,-,-,33.60,34,NSBQ,NSBQ2-28,2026-06-01
Q3 2028,-,-,-,-,0.00,-,-,-,-,-,-,24.50,35,NSBQ,NSBQ3-28,2026-06-01
Q4 2028,-,-,-,-,0.00,-,-,-,-,-,-,49.80,71,NSBQ,NSBQ4-28,2026-06-01
Jun 2026,-,-,67.00,15:59,4.50,36,-,36,67.00,67.00,67.00,67.00,"5,280",NSBM,NSBMJUN-26,2026-06-01
Jul 2026,-,-,55.00,15:56,2.80,156,5,161,55.50,55.50,53.75,54.99,"1,010",NSBM,NSBMJUL-26,2026-06-01
Aug 2026,58.00,-,60.50,15:59,3.20,23,15,38,60.50,60.50,59.20,60.37,198,NSBM,NSBMAUG-26,2026-06-01
Sep 2026,-,69.10,68.00,15:13,2.00,3,15,18,68.90,68.90,67.65,68.50,211,NSBM,NSBMSEP-26,2026-06-01
Oct 2026,65.70,-,-,-,0.00,-,-,-,-,-,-,67.50,89,NSBM,NSBMOCT-26,2026-06-01
Nov 2026,-,-,-,-,0.00,-,-,-,-,-,-,82.28,14,NSBM,NSBMNOV-26,2026-06-01
Dec 2026,-,-,87.33,14:53,0.00,1,5,6,87.33,87.33,87.33,88.60,6,NSBM,NSBMDEC-26,2026-06-01
2027,-,-,-,-,0.00,-,4,4,-,-,-,-2.00,696,HLBY,HLBY-27,2026-06-01
2028,-,-,-,-,0.00,-,-,-,-,-,-,0.83,309,HLBY,HLBY-28,2026-06-01
2029,-,-,-,-,0.00,-,-,-,-,-,-,1.10,80,HLBY,HLBY-29,2026-06-01
2030,-,-,-,-,0.00,-,-,-,-,-,-,0.68,50,HLBY,HLBY-30,2026-06-01
Q3 2026,-,-,-,-,0.00,-,-,-,-,-,-,-6.74,846,HLBQ,HLBQ3-26,2026-06-01
Q4 2026,-,-,-2.60,15:51,-0.10,2,4,6,-2.55,-2.55,-2.60,-2.60,934,HLBQ,HLBQ4-26,2026-06-01
Q1 2027,-,-,0.50,15:02,0.35,2,-,2,0.50,0.50,0.50,0.50,148,HLBQ,HLBQ1-27,2026-06-01
Q2 2027,-,-,-,-,0.00,-,-,-,-,-,-,-4.43,5,HLBQ,HLBQ2-27,2026-06-01
Jun 2026,-,-,-,-,0.00,-,-,-,-,-,-,-16.22,"1,018",HLBM,HLBMJUN-26,2026-06-01
Jul 2026,-,-14.00,-14.87,15:59,0.38,2,-,2,-14.87,-14.87,-14.87,-14.87,103,HLBM,HLBMJUL-26,2026-06-01
Aug 2026,-,-,-7.49,15:59,0.38,2,-,2,-7.49,-7.49,-7.49,-7.49,16,HLBM,HLBMAUG-26,2026-06-01
Sep 2026,-,-,-,-,0.00,-,-,-,-,-,-,3.25,0,HLBM,HLBMSEP-26,2026-06-01
2027,-,-,50.35,15:59,1.57,33,26,59,50.00,50.35,49.60,50.35,"3,805",NSBY,NSBY-27,2026-06-01
2028,-,-,44.00,15:42,0.30,6,8,14,43.95,44.00,43.95,43.95,"1,606",NSBY,NSBY-28,2026-06-01
2029,-,-,44.00,15:57,0.02,2,5,7,44.00,44.00,44.00,44.00,648,NSBY,NSBY-29,2026-06-01
2030,-,-,-,-,0.00,-,-,-,-,-,-,45.00,344,NSBY,NSBY-30,2026-06-01
2031,-,-,-,-,0.00,-,-,-,-,-,-,46.98,145,NSBY,NSBY-31,2026-06-01
2032,-,-,-,-,0.00,-,-,-,-,-,-,48.38,53,NSBY,NSBY-32,2026-06-01
2033,-,-,-,-,0.00,-,-,-,-,-,-,48.88,1,NSBY,NSBY-33,2026-06-01
2034,-,-,-,-,0.00,-,-,-,-,-,-,49.38,1,NSBY,NSBY-34,2026-06-01
2035,-,-,-,-,0.00,-,-,-,-,-,-,49.88,0,NSBY,NSBY-35,2026-06-01
2036,-,-,-,-,0.00,-,-,-,-,-,-,50.13,0,NSBY,NSBY-36,2026-06-01
Q3 2026,-,-,61.30,15:59,2.82,186,80,266,59.95,61.75,59.95,61.25,"5,361",NSBQ,NSBQ3-26,2026-06-01
Q4 2026,-,-,79.40,15:59,2.70,47,79,126,79.00,79.50,78.40,79.40,"4,544",NSBQ,NSBQ4-26,2026-06-01
Q1 2027,83.35,-,83.50,15:51,2.30,22,26,48,83.00,83.50,82.50,83.58,"1,026",NSBQ,NSBQ1-27,2026-06-01
Q2 2027,-,-,38.50,15:26,1.30,3,-,3,37.95,38.50,37.95,38.45,315,NSBQ,NSBQ2-27,2026-06-01
Q3 2027,-,-,-,-,0.00,-,-,-,-,-,-,28.40,296,NSBQ,NSBQ3-27,2026-06-01
Q4 2027,-,-,-,-,0.00,-,-,-,-,-,-,51.28,339,NSBQ,NSBQ4-27,2026-06-01
Q1 2028,-,70.00,-,-,0.00,-,-,-,-,-,-,68.78,145,NSBQ,NSBQ1-28,2026-06-01
Q2 2028,-,-,-,-,0.00,-,-,-,-,-,-,33.60,34,NSBQ,NSBQ2-28,2026-06-01
Q3 2028,-,-,-,-,0.00,-,-,-,-,-,-,24.50,35,NSBQ,NSBQ3-28,2026-06-01
Q4 2028,-,-,-,-,0.00,-,-,-,-,-,-,49.80,71,NSBQ,NSBQ4-28,2026-06-01
Jun 2026,-,-,67.00,15:59,4.50,36,-,36,67.00,67.00,67.00,67.00,"5,280",NSBM,NSBMJUN-26,2026-06-01
Jul 2026,-,-,55.00,15:56,2.80,156,5,161,55.50,55.50,53.75,54.99,"1,010",NSBM,NSBMJUL-26,2026-06-01
Aug 2026,58.00,-,60.50,15:59,3.20,23,15,38,60.50,60.50,59.20,60.37,198,NSBM,NSBMAUG-26,2026-06-01
Sep 2026,-,69.10,68.00,15:13,2.00,3,15,18,68.90,68.90,67.65,68.50,211,NSBM,NSBMSEP-26,2026-06-01
Oct 2026,65.70,-,-,-,0.00,-,-,-,-,-,-,67.50,89,NSBM,NSBMOCT-26,2026-06-01
Nov 2026,-,-,-,-,0.00,-,-,-,-,-,-,82.28,14,NSBM,NSBMNOV-26,2026-06-01
Dec 2026,-,-,87.33,14:53,0.00,1,5,6,87.33,87.33,87.33,88.60,6,NSBM,NSBMDEC-26,2026-06-01
2027,-,-,-,-,0.00,-,4,4,-,-,-,-2.00,696,HLBY,HLBY-27,2026-06-01
2028,-,-,-,-,0.00,-,-,-,-,-,-,0.83,309,HLBY,HLBY-28,2026-06-01
2029,-,-,-,-,0.00,-,-,-,-,-,-,1.10,80,HLBY,HLBY-29,2026-06-01
2030,-,-,-,-,0.00,-,-,-,-,-,-,0.68,50,HLBY,HLBY-30,2026-06-01
Q3 2026,-,-,-,-,0.00,-,-,-,-,-,-,-6.74,846,HLBQ,HLBQ3-26,2026-06-01
Q4 2026,-,-,-2.60,15:51,-0.10,2,4,6,-2.55,-2.55,-2.60,-2.60,934,HLBQ,HLBQ4-26,2026-06-01
Q1 2027,-,-,0.50,15:02,0.35,2,-,2,0.50,0.50,0.50,0.50,148,HLBQ,HLBQ1-27,2026-06-01
Q2 2027,-,-,-,-,0.00,-,-,-,-,-,-,-4.43,5,HLBQ,HLBQ2-27,2026-06-01
Jun 2026,-,-,-,-,0.00,-,-,-,-,-,-,-16.22,"1,018",HLBM,HLBMJUN-26,2026-06-01
Jul 2026,-,-14.00,-14.87,15:59,0.38,2,-,2,-14.87,-14.87,-14.87,-14.87,103,HLBM,HLBMJUL-26,2026-06-01
Aug 2026,-,-,-7.49,15:59,0.38,2,-,2,-7.49,-7.49,-7.49,-7.49,16,HLBM,HLBMAUG-26,2026-06-01
Sep 2026,-,-,-,-,0.00,-,-,-,-,-,-,3.25,0,HLBM,HLBMSEP-26,2026-06-01
2027,-,-,50.35,15:59,1.57,33,26,59,50.00,50.35,49.60,50.35,"3,805",NSBY,NSBY-27,2026-06-01
2028,-,-,44.00,15:42,0.30,6,8,14,43.95,44.00,43.95,43.95,"1,606",NSBY,NSBY-28,2026-06-01
2029,-,-,44.00,15:57,0.02,2,5,7,44.00,44.00,44.00,44.00,648,NSBY,NSBY-29,2026-06-01
2030,-,-,-,-,0.00,-,-,-,-,-,-,45.00,344,NSBY,NSBY-30,2026-06-01
2031,-,-,-,-,0.00,-,-,-,-,-,-,46.98,145,NSBY,NSBY-31,2026-06-01
2032,-,-,-,-,0.00,-,-,-,-,-,-,48.38,53,NSBY,NSBY-32,2026-06-01
2033,-,-,-,-,0.00,-,-,-,-,-,-,48.88,1,NSBY,NSBY-33,2026-06-01
2034,-,-,-,-,0.00,-,-,-,-,-,-,49.38,1,NSBY,NSBY-34,2026-06-01
2035,-,-,-,-,0.00,-,-,-,-,-,-,49.88,0,NSBY,NSBY-35,2026-06-01
2036,-,-,-,-,0.00,-,-,-,-,-,-,50.13,0,NSBY,NSBY-36,2026-06-01
Q3 2026,-,-,61.30,15:59,2.82,186,80,266,59.95,61.75,59.95,61.25,"5,361",NSBQ,NSBQ3-26,2026-06-01
Q4 2026,-,-,79.40,15:59,2.70,47,79,126,79.00,79.50,78.40,79.40,"4,544",NSBQ,NSBQ4-26,2026-06-01
Q1 2027,83.35,-,83.50,15:51,2.30,22,26,48,83.00,83.50,82.50,83.58,"1,026",NSBQ,NSBQ1-27,2026-06-01
Q2 2027,-,-,38.50,15:26,1.30,3,-,3,37.95,38.50,37.95,38.45,315,NSBQ,NSBQ2-27,2026-06-01
Q3 2027,-,-,-,-,0.00,-,-,-,-,-,-,28.40,296,NSBQ,NSBQ3-27,2026-06-01
Q4 2027,-,-,-,-,0.00,-,-,-,-,-,-,51.28,339,NSBQ,NSBQ4-27,2026-06-01
Q1 2028,-,70.00,-,-,0.00,-,-,-,-,-,-,68.78,145,NSBQ,NSBQ1-28,2026-06-01
Q2 2028,-,-,-,-,0.00,-,-,-,-,-,-,33.60,34,NSBQ,NSBQ2-28,2026-06-01
Q3 2028,-,-,-,-,0.00,-,-,-,-,-,-,24.50,35,NSBQ,NSBQ3-28,2026-06-01
Q4 2028,-,-,-,-,0.00,-,-,-,-,-,-,49.80,71,NSBQ,NSBQ4-28,2026-06-01
Jun 2026,-,-,67.00,15:59,4.50,36,-,36,67.00,67.00,67.00,67.00,"5,280",NSBM,NSBMJUN-26,2026-06-01
Jul 2026,-,-,55.00,15:56,2.80,156,5,161,55.50,55.50,53.75,54.99,"1,010",NSBM,NSBMJUL-26,2026-06-01
Aug 2026,58.00,-,60.50,15:59,3.20,23,15,38,60.50,60.50,59.20,60.37,198,NSBM,NSBMAUG-26,2026-06-01
Sep 2026,-,69.10,68.00,15:13,2.00,3,15,18,68.90,68.90,67.65,68.50,211,NSBM,NSBMSEP-26,2026-06-01
Oct 2026,65.70,-,-,-,0.00,-,-,-,-,-,-,67.50,89,NSBM,NSBMOCT-26,2026-06-01
Nov 2026,-,-,-,-,0.00,-,-,-,-,-,-,82.28,14,NSBM,NSBMNOV-26,2026-06-01
Dec 2026,-,-,87.33,14:53,0.00,1,5,6,87.33,87.33,87.33,88.60,6,NSBM,NSBMDEC-26,2026-06-01
2027,-2.10,-1.70,-,-,0.00,-,-,-,-,-,-,-2.00,696,HLBY,HLBY-27,2026-06-02
2028,0.70,1.25,-,-,0.00,-,-,-,-,-,-,0.83,309,HLBY,HLBY-28,2026-06-02
2029,-0.37,1.35,-,-,0.00,-,-,-,-,-,-,1.10,80,HLBY,HLBY-29,2026-06-02
2030,-0.79,2.21,-,-,0.00,-,-,-,-,-,-,0.68,50,HLBY,HLBY-30,2026-06-02
Q3 2026,-7.63,-5.66,-,-,0.00,-,10,10,-,-,-,-6.74,846,HLBQ,HLBQ3-26,2026-06-02
Q4 2026,-3.25,-2.00,-,-,0.00,-,-,-,-,-,-,-2.60,934,HLBQ,HLBQ4-26,2026-06-02
Q1 2027,-0.80,0.95,-,-,0.00,-,4,4,-,-,-,0.50,148,HLBQ,HLBQ1-27,2026-06-02
Q2 2027,-5.00,-3.00,-,-,0.00,-,-,-,-,-,-,-4.43,5,HLBQ,HLBQ2-27,2026-06-02
Jun 2026,-15.50,-,-,-,0.00,-,-,-,-,-,-,-16.22,"1,018",HLBM,HLBMJUN-26,2026-06-02
Jul 2026,-15.40,-14.00,-15.00,14:35,-0.13,1,2,3,-15.00,-15.00,-15.00,-14.87,103,HLBM,HLBMJUL-26,2026-06-02
Aug 2026,-8.24,-6.75,-,-,0.00,-,-,-,-,-,-,-7.49,16,HLBM,HLBMAUG-26,2026-06-02
Sep 2026,2.35,5.35,-,-,0.00,-,-,-,-,-,-,3.25,0,HLBM,HLBMSEP-26,2026-06-02
2027,49.75,50.00,49.85,14:13,-0.50,6,15,21,49.85,49.85,49.85,50.35,"3,805",NSBY,NSBY-27,2026-06-02
2028,43.70,44.60,-,-,0.00,-,12,12,-,-,-,43.95,"1,606",NSBY,NSBY-28,2026-06-02
2029,43.00,44.75,-,-,0.00,-,11,11,-,-,-,44.00,648,NSBY,NSBY-29,2026-06-02
2030,44.00,46.25,-,-,0.00,-,-,-,-,-,-,45.00,344,NSBY,NSBY-30,2026-06-02
2031,45.19,48.19,-,-,0.00,-,-,-,-,-,-,46.98,145,NSBY,NSBY-31,2026-06-02
2032,-,-,-,-,0.00,-,-,-,-,-,-,48.38,53,NSBY,NSBY-32,2026-06-02
2033,-,-,-,-,0.00,-,-,-,-,-,-,48.88,1,NSBY,NSBY-33,2026-06-02
2034,-,-,-,-,0.00,-,-,-,-,-,-,49.38,1,NSBY,NSBY-34,2026-06-02
2035,-,-,-,-,0.00,-,-,-,-,-,-,49.88,0,NSBY,NSBY-35,2026-06-02
2036,-,-,-,-,0.00,-,-,-,-,-,-,50.13,0,NSBY,NSBY-36,2026-06-02
Q3 2026,59.35,59.50,59.50,13:53,-1.75,63,58,121,59.25,59.50,59.00,61.25,"5,361",NSBQ,NSBQ3-26,2026-06-02
Q4 2026,78.05,78.75,78.50,13:41,-0.90,24,25,49,77.85,78.50,77.85,79.40,"4,544",NSBQ,NSBQ4-26,2026-06-02
Q1 2027,82.75,83.25,83.00,14:34,-0.58,3,25,28,83.00,83.00,83.00,83.58,"1,026",NSBQ,NSBQ1-27,2026-06-02
Q2 2027,38.00,38.50,-,-,0.00,-,-,-,-,-,-,38.45,315,NSBQ,NSBQ2-27,2026-06-02
Q3 2027,27.60,29.05,-,-,0.00,-,-,-,-,-,-,28.40,296,NSBQ,NSBQ3-27,2026-06-02
Q4 2027,51.00,52.00,-,-,0.00,-,-,-,-,-,-,51.28,339,NSBQ,NSBQ4-27,2026-06-02
Q1 2028,68.20,69.50,-,-,0.00,-,-,-,-,-,-,68.78,145,NSBQ,NSBQ1-28,2026-06-02
Q2 2028,33.45,34.80,33.45,14:27,-0.15,1,-,1,33.45,33.45,33.45,33.60,34,NSBQ,NSBQ2-28,2026-06-02
Q3 2028,23.25,24.35,-,-,0.00,-,-,-,-,-,-,24.50,35,NSBQ,NSBQ3-28,2026-06-02
Q4 2028,49.10,51.10,-,-,0.00,-,-,-,-,-,-,49.80,71,NSBQ,NSBQ4-28,2026-06-02
Jun 2026,64.00,67.00,-,-,0.00,-,-,-,-,-,-,67.00,"5,280",NSBM,NSBMJUN-26,2026-06-02
Jul 2026,53.25,53.60,53.25,14:26,-1.74,52,10,62,52.75,53.25,52.70,54.99,"1,010",NSBM,NSBMJUL-26,2026-06-02
Aug 2026,58.25,58.80,58.50,13:44,-1.87,7,20,27,58.50,58.60,58.50,60.37,198,NSBM,NSBMAUG-26,2026-06-02
Sep 2026,67.00,67.60,67.00,13:44,-1.50,3,-,3,67.00,67.00,67.00,68.50,211,NSBM,NSBMSEP-26,2026-06-02
Oct 2026,66.00,68.95,67.00,12:39,-0.50,1,-,1,67.00,67.00,67.00,67.50,89,NSBM,NSBMOCT-26,2026-06-02
Nov 2026,79.09,82.99,-,-,0.00,-,-,-,-,-,-,82.28,14,NSBM,NSBMNOV-26,2026-06-02
Dec 2026,85.31,89.21,-,-,0.00,-,-,-,-,-,-,88.60,6,NSBM,NSBMDEC-26,2026-06-02
2027,-,-,-,-,0.00,-,1,1,-,-,-,-1.80,696,HLBY,HLBY-27,2026-06-02
2028,-,-,-,-,0.00,-,-,-,-,-,-,1.03,309,HLBY,HLBY-28,2026-06-02
2029,-,-,-,-,0.00,-,-,-,-,-,-,0.49,80,HLBY,HLBY-29,2026-06-02
2030,-,-,-,-,0.00,-,-,-,-,-,-,0.71,50,HLBY,HLBY-30,2026-06-02
Q3 2026,-,-,-,-,0.00,-,10,10,-,-,-,-6.00,846,HLBQ,HLBQ3-26,2026-06-02
Q4 2026,-,-,-,-,0.00,-,2,2,-,-,-,-2.60,934,HLBQ,HLBQ4-26,2026-06-02
Q1 2027,-,-,-,-,0.00,-,6,6,-,-,-,0.65,148,HLBQ,HLBQ1-27,2026-06-02
Q2 2027,-,-,-,-,0.00,-,-,-,-,-,-,-4.00,5,HLBQ,HLBQ2-27,2026-06-02
Jun 2026,-,-,-,-,0.00,-,-,-,-,-,-,-14.56,"1,018",HLBM,HLBMJUN-26,2026-06-02
Jul 2026,-,-,-15.00,14:35,-0.13,1,2,3,-15.00,-15.00,-15.00,-14.95,103,HLBM,HLBMJUL-26,2026-06-02
Aug 2026,-,-,-,-,0.00,-,-,-,-,-,-,-7.49,16,HLBM,HLBMAUG-26,2026-06-02
Sep 2026,-,-,-,-,0.00,-,-,-,-,-,-,3.79,0,HLBM,HLBMSEP-26,2026-06-02
2027,-,-,49.95,16:02,-0.40,9,31,40,49.85,49.95,49.85,49.90,"3,805",NSBY,NSBY-27,2026-06-02
2028,-,-,-,-,0.00,-,12,12,-,-,-,43.90,"1,606",NSBY,NSBY-28,2026-06-02
2029,-,-,-,-,0.00,-,15,15,-,-,-,43.90,648,NSBY,NSBY-29,2026-06-02
2030,-,-,-,-,0.00,-,-,-,-,-,-,45.00,344,NSBY,NSBY-30,2026-06-02
2031,-,-,-,-,0.00,-,-,-,-,-,-,46.98,145,NSBY,NSBY-31,2026-06-02
2032,-,-,-,-,0.00,-,-,-,-,-,-,48.38,53,NSBY,NSBY-32,2026-06-02
2033,-,-,-,-,0.00,-,-,-,-,-,-,48.88,1,NSBY,NSBY-33,2026-06-02
2034,-,-,-,-,0.00,-,-,-,-,-,-,49.38,1,NSBY,NSBY-34,2026-06-02
2035,-,-,-,-,0.00,-,-,-,-,-,-,49.88,0,NSBY,NSBY-35,2026-06-02
2036,-,-,-,-,0.00,-,-,-,-,-,-,50.13,0,NSBY,NSBY-36,2026-06-02
Q3 2026,-,-,59.50,16:05,-1.75,90,73,163,59.25,59.60,59.00,59.53,"5,361",NSBQ,NSBQ3-26,2026-06-02
Q4 2026,78.50,-,78.75,15:58,-0.65,32,27,59,77.85,78.75,77.85,78.74,"4,544",NSBQ,NSBQ4-26,2026-06-02
Q1 2027,79.50,-,83.25,15:58,-0.33,5,39,44,83.00,83.25,83.00,83.25,"1,026",NSBQ,NSBQ1-27,2026-06-02
Q2 2027,-,-,-,-,0.00,-,3,3,-,-,-,38.25,315,NSBQ,NSBQ2-27,2026-06-02
Q3 2027,-,-,-,-,0.00,-,-,-,-,-,-,28.33,296,NSBQ,NSBQ3-27,2026-06-02
Q4 2027,50.65,-,-,-,0.00,-,-,-,-,-,-,51.33,339,NSBQ,NSBQ4-27,2026-06-02
Q1 2028,-,-,-,-,0.00,-,-,-,-,-,-,68.95,145,NSBQ,NSBQ1-28,2026-06-02
Q2 2028,-,-,33.45,14:27,-0.15,1,-,1,33.45,33.45,33.45,33.45,34,NSBQ,NSBQ2-28,2026-06-02
Q3 2028,-,-,-,-,0.00,-,-,-,-,-,-,23.80,35,NSBQ,NSBQ3-28,2026-06-02
Q4 2028,-,-,-,-,0.00,-,-,-,-,-,-,50.05,71,NSBQ,NSBQ4-28,2026-06-02
Jun 2026,-,-,67.00,15:31,0.00,37,-,37,67.00,67.00,67.00,66.00,"5,280",NSBM,NSBMJUN-26,2026-06-02
Jul 2026,-,53.80,53.50,15:54,-1.49,74,10,84,52.75,53.50,52.70,53.60,"1,010",NSBM,NSBMJUL-26,2026-06-02
Aug 2026,58.30,-,58.50,15:08,-1.87,17,20,37,58.50,58.60,58.37,58.45,198,NSBM,NSBMAUG-26,2026-06-02
Sep 2026,-,67.35,67.15,15:50,-1.35,12,2,14,67.00,67.15,67.00,67.10,211,NSBM,NSBMSEP-26,2026-06-02
Oct 2026,-,-,67.00,12:39,-0.50,1,-,1,67.00,67.00,67.00,67.00,89,NSBM,NSBMOCT-26,2026-06-02
Nov 2026,-,-,-,-,0.00,-,-,-,-,-,-,81.53,14,NSBM,NSBMNOV-26,2026-06-02
Dec 2026,-,-,87.21,15:44,-1.39,3,-,3,87.21,87.21,87.21,87.21,6,NSBM,NSBMDEC-26,2026-06-02
2027,-,-,-,-,0.00,-,1,1,-,-,-,-1.80,697,HLBY,HLBY-27,2026-06-02
2028,-,-,-,-,0.00,-,-,-,-,-,-,1.03,309,HLBY,HLBY-28,2026-06-02
2029,-,-,-,-,0.00,-,-,-,-,-,-,0.49,80,HLBY,HLBY-29,2026-06-02
2030,-,-,-,-,0.00,-,-,-,-,-,-,0.71,50,HLBY,HLBY-30,2026-06-02
Q3 2026,-,-,-,-,0.00,-,10,10,-,-,-,-6.00,853,HLBQ,HLBQ3-26,2026-06-02
Q4 2026,-,-,-,-,0.00,-,2,2,-,-,-,-2.60,934,HLBQ,HLBQ4-26,2026-06-02
Q1 2027,-,-,-,-,0.00,-,6,6,-,-,-,0.65,146,HLBQ,HLBQ1-27,2026-06-02
Q2 2027,-,-,-,-,0.00,-,-,-,-,-,-,-4.00,5,HLBQ,HLBQ2-27,2026-06-02
Jun 2026,-,-,-,-,0.00,-,-,-,-,-,-,-14.56,"1,018",HLBM,HLBMJUN-26,2026-06-02
Jul 2026,-,-,-15.00,14:35,-0.13,1,2,3,-15.00,-15.00,-15.00,-14.95,106,HLBM,HLBMJUL-26,2026-06-02
Aug 2026,-,-,-,-,0.00,-,-,-,-,-,-,-7.49,16,HLBM,HLBMAUG-26,2026-06-02
Sep 2026,-,-,-,-,0.00,-,-,-,-,-,-,3.79,0,HLBM,HLBMSEP-26,2026-06-02
2027,-,-,49.95,16:02,-0.40,9,31,40,49.85,49.95,49.85,49.90,"3,808",NSBY,NSBY-27,2026-06-02
2028,-,-,-,-,0.00,-,12,12,-,-,-,43.90,"1,604",NSBY,NSBY-28,2026-06-02
2029,-,-,-,-,0.00,-,15,15,-,-,-,43.90,641,NSBY,NSBY-29,2026-06-02
2030,-,-,-,-,0.00,-,-,-,-,-,-,45.00,344,NSBY,NSBY-30,2026-06-02
2031,-,-,-,-,0.00,-,-,-,-,-,-,46.98,145,NSBY,NSBY-31,2026-06-02
2032,-,-,-,-,0.00,-,-,-,-,-,-,48.38,53,NSBY,NSBY-32,2026-06-02
2033,-,-,-,-,0.00,-,-,-,-,-,-,48.88,1,NSBY,NSBY-33,2026-06-02
2034,-,-,-,-,0.00,-,-,-,-,-,-,49.38,1,NSBY,NSBY-34,2026-06-02
2035,-,-,-,-,0.00,-,-,-,-,-,-,49.88,0,NSBY,NSBY-35,2026-06-02
2036,-,-,-,-,0.00,-,-,-,-,-,-,50.13,0,NSBY,NSBY-36,2026-06-02
Q3 2026,-,-,59.50,16:05,-1.75,90,73,163,59.25,59.60,59.00,59.53,"5,303",NSBQ,NSBQ3-26,2026-06-02
Q4 2026,78.50,-,78.75,15:58,-0.65,32,27,59,77.85,78.75,77.85,78.74,"4,572",NSBQ,NSBQ4-26,2026-06-02
Q1 2027,79.50,-,83.25,15:58,-0.33,5,39,44,83.00,83.25,83.00,83.25,"1,050",NSBQ,NSBQ1-27,2026-06-02
Q2 2027,-,-,-,-,0.00,-,3,3,-,-,-,38.25,315,NSBQ,NSBQ2-27,2026-06-02
Q3 2027,-,-,-,-,0.00,-,-,-,-,-,-,28.33,296,NSBQ,NSBQ3-27,2026-06-02
Q4 2027,50.65,-,-,-,0.00,-,-,-,-,-,-,51.33,339,NSBQ,NSBQ4-27,2026-06-02
Q1 2028,-,-,-,-,0.00,-,-,-,-,-,-,68.95,145,NSBQ,NSBQ1-28,2026-06-02
Q2 2028,-,-,33.45,14:27,-0.15,1,-,1,33.45,33.45,33.45,33.45,35,NSBQ,NSBQ2-28,2026-06-02
Q3 2028,-,-,-,-,0.00,-,-,-,-,-,-,23.80,35,NSBQ,NSBQ3-28,2026-06-02
Q4 2028,-,-,-,-,0.00,-,-,-,-,-,-,50.05,71,NSBQ,NSBQ4-28,2026-06-02
Jun 2026,-,-,67.00,15:31,0.00,37,-,37,67.00,67.00,67.00,66.00,"5,258",NSBM,NSBMJUN-26,2026-06-02
Jul 2026,-,53.80,53.50,15:54,-1.49,74,10,84,52.75,53.50,52.70,53.60,"1,033",NSBM,NSBMJUL-26,2026-06-02
Aug 2026,58.30,-,58.50,15:08,-1.87,17,20,37,58.50,58.60,58.37,58.45,222,NSBM,NSBMAUG-26,2026-06-02
Sep 2026,-,67.35,67.15,15:50,-1.35,12,2,14,67.00,67.15,67.00,67.10,212,NSBM,NSBMSEP-26,2026-06-02
Oct 2026,-,-,67.00,12:39,-0.50,1,-,1,67.00,67.00,67.00,67.00,90,NSBM,NSBMOCT-26,2026-06-02
Nov 2026,-,-,-,-,0.00,-,-,-,-,-,-,81.53,14,NSBM,NSBMNOV-26,2026-06-02
Dec 2026,-,-,87.21,15:44,-1.39,3,-,3,87.21,87.21,87.21,87.21,6,NSBM,NSBMDEC-26,2026-06-02
2027,-,-,-,-,0.00,-,4,4,-,-,-,-2.00,692,HLBY,HLBY-27,2026-06-02
2028,-,-,-,-,0.00,-,-,-,-,-,-,0.83,309,HLBY,HLBY-28,2026-06-02
2029,-,-,-,-,0.00,-,-,-,-,-,-,1.10,80,HLBY,HLBY-29,2026-06-02
2030,-,-,-,-,0.00,-,-,-,-,-,-,0.68,50,HLBY,HLBY-30,2026-06-02
Q3 2026,-,-,-,-,0.00,-,-,-,-,-,-,-6.74,846,HLBQ,HLBQ3-26,2026-06-02
Q4 2026,-,-,-2.60,15:51,-0.10,2,4,6,-2.55,-2.55,-2.60,-2.60,928,HLBQ,HLBQ4-26,2026-06-02
Q1 2027,-,-,0.50,15:02,0.35,2,-,2,0.50,0.50,0.50,0.50,146,HLBQ,HLBQ1-27,2026-06-02
Q2 2027,-,-,-,-,0.00,-,-,-,-,-,-,-4.43,5,HLBQ,HLBQ2-27,2026-06-02
2027,-,-,50.35,15:59,1.57,33,26,59,50.00,50.35,49.60,50.35,"3,785",NSBY,NSBY-27,2026-06-02
2028,-,-,44.00,15:42,0.30,6,8,14,43.95,44.00,43.95,43.95,"1,606",NSBY,NSBY-28,2026-06-02
2029,-,-,44.00,15:57,0.02,2,5,7,44.00,44.00,44.00,44.00,643,NSBY,NSBY-29,2026-06-02
2030,-,-,-,-,0.00,-,-,-,-,-,-,45.00,344,NSBY,NSBY-30,2026-06-02
2031,-,-,-,-,0.00,-,-,-,-,-,-,46.98,145,NSBY,NSBY-31,2026-06-02
2032,-,-,-,-,0.00,-,-,-,-,-,-,48.38,53,NSBY,NSBY-32,2026-06-02
2033,-,-,-,-,0.00,-,-,-,-,-,-,48.88,1,NSBY,NSBY-33,2026-06-02
2034,-,-,-,-,0.00,-,-,-,-,-,-,49.38,1,NSBY,NSBY-34,2026-06-02
2035,-,-,-,-,0.00,-,-,-,-,-,-,49.88,0,NSBY,NSBY-35,2026-06-02
2036,-,-,-,-,0.00,-,-,-,-,-,-,50.13,0,NSBY,NSBY-36,2026-06-02
Q3 2026,-,-,61.30,15:59,2.82,186,80,266,59.95,61.75,59.95,61.25,"5,366",NSBQ,NSBQ3-26,2026-06-02
Q4 2026,-,-,79.40,15:59,2.70,47,79,126,79.00,79.50,78.40,79.40,"4,473",NSBQ,NSBQ4-26,2026-06-02
Q1 2027,83.35,-,83.50,15:51,2.30,22,26,48,83.00,83.50,82.50,83.58,"1,014",NSBQ,NSBQ1-27,2026-06-02
Q2 2027,-,-,38.50,15:26,1.30,3,-,3,37.95,38.50,37.95,38.45,315,NSBQ,NSBQ2-27,2026-06-02
Q3 2027,-,-,-,-,0.00,-,-,-,-,-,-,28.40,296,NSBQ,NSBQ3-27,2026-06-02
Q4 2027,-,-,-,-,0.00,-,-,-,-,-,-,51.28,339,NSBQ,NSBQ4-27,2026-06-02
Q1 2028,-,70.00,-,-,0.00,-,-,-,-,-,-,68.78,145,NSBQ,NSBQ1-28,2026-06-02
Q2 2028,-,-,-,-,0.00,-,-,-,-,-,-,33.60,34,NSBQ,NSBQ2-28,2026-06-02
Q3 2028,-,-,-,-,0.00,-,-,-,-,-,-,24.50,35,NSBQ,NSBQ3-28,2026-06-02
Q4 2028,-,-,-,-,0.00,-,-,-,-,-,-,49.80,71,NSBQ,NSBQ4-28,2026-06-02
May 2026,-,-,-,-,0.00,-,-,-,-,-,-,76.00,"4,775",NSBM,NSBMMAY-26,2026-06-02
Jun 2026,-,-,67.00,15:59,4.50,36,-,36,67.00,67.00,67.00,67.00,"5,286",NSBM,NSBMJUN-26,2026-06-02
Jul 2026,-,-,55.00,15:56,2.80,156,5,161,55.50,55.50,53.75,54.99,946,NSBM,NSBMJUL-26,2026-06-02
Aug 2026,58.00,-,60.50,15:59,3.20,23,15,38,60.50,60.50,59.20,60.37,204,NSBM,NSBMAUG-26,2026-06-02
Sep 2026,-,69.10,68.00,15:13,2.00,3,15,18,68.90,68.90,67.65,68.50,194,NSBM,NSBMSEP-26,2026-06-02
Oct 2026,65.70,-,-,-,0.00,-,-,-,-,-,-,67.50,89,NSBM,NSBMOCT-26,2026-06-02
Nov 2026,-,-,-,-,0.00,-,-,-,-,-,-,82.28,14,NSBM,NSBMNOV-26,2026-06-02
Dec 2026,-,-,87.33,14:53,0.00,1,5,6,87.33,87.33,87.33,88.60,-,NSBM,NSBMDEC-26,2026-06-02
2027,-,-,-,-,0.00,-,9,9,-,-,-,-1.80,697,HLBY,HLBY-27,2026-06-03
2028,-,-,-,-,0.00,-,2,2,-,-,-,1.05,309,HLBY,HLBY-28,2026-06-03
2029,-,-,-,-,0.00,-,-,-,-,-,-,0.75,80,HLBY,HLBY-29,2026-06-03
2030,-,-,-,-,0.00,-,-,-,-,-,-,0.68,50,HLBY,HLBY-30,2026-06-03
Q3 2026,-,-,-,-,0.00,-,16,16,-,-,-,-6.00,853,HLBQ,HLBQ3-26,2026-06-03
Q4 2026,-,-,-,-,0.00,-,9,9,-,-,-,-2.50,934,HLBQ,HLBQ4-26,2026-06-03
Q1 2027,-,-,0.25,13:11,-0.40,3,-,3,0.25,0.25,0.25,0.25,146,HLBQ,HLBQ1-27,2026-06-03
Q2 2027,-,-,-,-,0.00,-,-,-,-,-,-,-4.17,5,HLBQ,HLBQ2-27,2026-06-03
Jun 2026,-,-,-,-,0.00,-,-,-,-,-,-,-13.38,"1,018",HLBM,HLBMJUN-26,2026-06-03
Jul 2026,-,-,-,-,0.00,-,2,2,-,-,-,-14.85,106,HLBM,HLBMJUL-26,2026-06-03
Aug 2026,-,-,-,-,0.00,-,1,1,-,-,-,-7.00,16,HLBM,HLBMAUG-26,2026-06-03
Sep 2026,-,-,5.12,11:59,1.33,1,-,1,5.12,5.12,5.12,5.12,0,HLBM,HLBMSEP-26,2026-06-03
2027,-,-,50.90,16:00,1.00,10,42,52,50.35,50.90,50.35,50.95,"3,808",NSBY,NSBY-27,2026-06-03
2028,-,-,44.25,15:33,0.35,4,8,12,44.25,44.25,44.25,44.25,"1,604",NSBY,NSBY-28,2026-06-03
2029,-,-,44.15,15:44,0.25,2,8,10,44.15,44.15,44.15,44.15,641,NSBY,NSBY-29,2026-06-03
2030,-,-,45.50,15:59,0.50,1,1,2,45.50,45.50,45.50,45.50,344,NSBY,NSBY-30,2026-06-03
2031,-,-,-,-,0.00,-,-,-,-,-,-,46.43,145,NSBY,NSBY-31,2026-06-03
2032,-,-,-,-,0.00,-,-,-,-,-,-,48.38,53,NSBY,NSBY-32,2026-06-03
2033,-,-,-,-,0.00,-,-,-,-,-,-,48.88,1,NSBY,NSBY-33,2026-06-03
2034,-,-,-,-,0.00,-,-,-,-,-,-,49.38,1,NSBY,NSBY-34,2026-06-03
2035,-,-,-,-,0.00,-,-,-,-,-,-,49.88,0,NSBY,NSBY-35,2026-06-03
2036,-,-,-,-,0.00,-,-,-,-,-,-,50.13,0,NSBY,NSBY-36,2026-06-03
Q3 2026,-,-,60.85,15:59,1.32,172,78,250,60.20,61.00,60.20,60.85,"5,303",NSBQ,NSBQ3-26,2026-06-03
Q4 2026,-,-,80.80,15:59,2.06,78,112,190,80.00,81.00,80.00,80.80,"4,572",NSBQ,NSBQ4-26,2026-06-03
Q1 2027,84.60,-,85.00,15:58,1.75,19,3,22,84.00,85.00,84.00,84.96,"1,050",NSBQ,NSBQ1-27,2026-06-03
Q2 2027,-,-,-,-,0.00,-,-,-,-,-,-,39.25,315,NSBQ,NSBQ2-27,2026-06-03
Q3 2027,-,-,-,-,0.00,-,49,49,-,-,-,29.00,296,NSBQ,NSBQ3-27,2026-06-03
Q4 2027,51.10,-,-,-,0.00,-,20,20,-,-,-,51.45,339,NSBQ,NSBQ4-27,2026-06-03
Q1 2028,-,-,-,-,0.00,-,-,-,-,-,-,69.15,145,NSBQ,NSBQ1-28,2026-06-03
Q2 2028,-,-,-,-,0.00,-,-,-,-,-,-,34.22,35,NSBQ,NSBQ2-28,2026-06-03
Q3 2028,-,-,-,-,0.00,-,-,-,-,-,-,24.00,35,NSBQ,NSBQ3-28,2026-06-03
Q4 2028,-,-,-,-,0.00,-,-,-,-,-,-,50.25,71,NSBQ,NSBQ4-28,2026-06-03
Jun 2026,64.25,-,69.00,15:59,3.00,45,-,45,67.50,69.00,67.50,68.88,"5,258",NSBM,NSBMJUN-26,2026-06-03
Jul 2026,-,-,55.90,15:59,2.30,131,35,166,54.50,56.00,54.50,55.92,"1,033",NSBM,NSBMJUL-26,2026-06-03
Aug 2026,58.60,60.00,59.55,15:08,1.10,25,20,45,59.90,59.90,59.15,59.55,222,NSBM,NSBMAUG-26,2026-06-03
Sep 2026,-,68.50,67.75,15:59,0.65,41,-,41,67.75,68.00,67.50,67.75,212,NSBM,NSBMSEP-26,2026-06-03
Oct 2026,-,69.50,69.00,15:44,2.00,13,-,13,69.00,69.00,69.00,69.00,90,NSBM,NSBMOCT-26,2026-06-03
Nov 2026,-,-,-,-,0.00,-,-,-,-,-,-,83.50,14,NSBM,NSBMNOV-26,2026-06-03
Dec 2026,-,-,-,-,0.00,-,16,16,-,-,-,88.80,6,NSBM,NSBMDEC-26,2026-06-03
2027,-,-,-,-,0.00,-,-,-,-,-,-,-1.80,706,HLBY,HLBY-27,2026-06-04
2028,-,-,-,-,0.00,-,-,-,-,-,-,1.05,311,HLBY,HLBY-28,2026-06-04
2029,-,-,-,-,0.00,-,-,-,-,-,-,0.75,80,HLBY,HLBY-29,2026-06-04
2030,-,-,-,-,0.00,-,-,-,-,-,-,0.68,50,HLBY,HLBY-30,2026-06-04
Q3 2026,-,-,-,-,0.00,-,-,-,-,-,-,-6.00,856,HLBQ,HLBQ3-26,2026-06-04
Q4 2026,-,-,-,-,0.00,-,-,-,-,-,-,-2.50,943,HLBQ,HLBQ4-26,2026-06-04
Q1 2027,-,-,0.25,13:11,-0.40,3,-,3,0.25,0.25,0.25,0.25,149,HLBQ,HLBQ1-27,2026-06-04
Q2 2027,-,-,-,-,0.00,-,-,-,-,-,-,-4.17,5,HLBQ,HLBQ2-27,2026-06-04
Jun 2026,-,-,-,-,0.00,-,-,-,-,-,-,-13.38,"1,018",HLBM,HLBMJUN-26,2026-06-04
Jul 2026,-,-,-,-,0.00,-,-,-,-,-,-,-14.85,108,HLBM,HLBMJUL-26,2026-06-04
Aug 2026,-,-,-,-,0.00,-,-,-,-,-,-,-7.00,17,HLBM,HLBMAUG-26,2026-06-04
Sep 2026,-,-,5.12,11:59,1.33,1,-,1,5.12,5.12,5.12,5.12,1,HLBM,HLBMSEP-26,2026-06-04
2027,-,-,50.90,16:00,1.00,10,42,52,50.35,50.90,50.35,50.95,"3,828",NSBY,NSBY-27,2026-06-04
2028,-,-,44.25,15:33,0.35,4,8,12,44.25,44.25,44.25,44.25,"1,607",NSBY,NSBY-28,2026-06-04
2029,-,-,44.15,15:44,0.25,2,8,10,44.15,44.15,44.15,44.15,647,NSBY,NSBY-29,2026-06-04
2030,-,-,45.50,15:59,0.50,1,1,2,45.50,45.50,45.50,45.50,346,NSBY,NSBY-30,2026-06-04
2031,-,-,-,-,0.00,-,-,-,-,-,-,46.43,145,NSBY,NSBY-31,2026-06-04
2032,-,-,-,-,0.00,-,-,-,-,-,-,48.38,53,NSBY,NSBY-32,2026-06-04
2033,-,-,-,-,0.00,-,-,-,-,-,-,48.88,1,NSBY,NSBY-33,2026-06-04
2034,-,-,-,-,0.00,-,-,-,-,-,-,49.38,1,NSBY,NSBY-34,2026-06-04
2035,-,-,-,-,0.00,-,-,-,-,-,-,49.88,0,NSBY,NSBY-35,2026-06-04
2036,-,-,-,-,0.00,-,-,-,-,-,-,50.13,0,NSBY,NSBY-36,2026-06-04
Q3 2026,-,-,60.85,15:59,1.32,172,78,250,60.20,61.00,60.20,60.85,"5,308",NSBQ,NSBQ3-26,2026-06-04
Q4 2026,-,-,80.80,15:59,2.06,78,112,190,80.00,81.00,80.00,80.80,"4,646",NSBQ,NSBQ4-26,2026-06-04
Q1 2027,83.60,-,85.00,15:58,1.75,19,3,22,84.00,85.00,84.00,84.96,"1,061",NSBQ,NSBQ1-27,2026-06-04
Q2 2027,-,-,-,-,0.00,-,-,-,-,-,-,39.25,315,NSBQ,NSBQ2-27,2026-06-04
Q3 2027,-,-,-,-,0.00,-,-,-,-,-,-,29.00,321,NSBQ,NSBQ3-27,2026-06-04
Q4 2027,51.10,-,-,-,0.00,-,-,-,-,-,-,51.45,359,NSBQ,NSBQ4-27,2026-06-04
Q1 2028,-,-,-,-,0.00,-,-,-,-,-,-,69.15,145,NSBQ,NSBQ1-28,2026-06-04
Q2 2028,-,-,-,-,0.00,-,-,-,-,-,-,34.22,35,NSBQ,NSBQ2-28,2026-06-04
Q3 2028,-,-,-,-,0.00,-,-,-,-,-,-,24.00,35,NSBQ,NSBQ3-28,2026-06-04
Q4 2028,-,-,-,-,0.00,-,-,-,-,-,-,50.25,71,NSBQ,NSBQ4-28,2026-06-04
Jun 2026,64.25,-,69.00,15:59,3.00,45,-,45,67.50,69.00,67.50,68.88,"5,272",NSBM,NSBMJUN-26,2026-06-04
Jul 2026,-,-,55.90,15:59,2.30,131,35,166,54.50,56.00,54.50,55.92,"1,090",NSBM,NSBMJUL-26,2026-06-04
Aug 2026,58.60,60.00,59.55,15:08,1.10,25,20,45,59.90,59.90,59.15,59.55,254,NSBM,NSBMAUG-26,2026-06-04
Sep 2026,-,-,67.75,15:59,0.65,41,-,41,67.75,68.00,67.50,67.75,223,NSBM,NSBMSEP-26,2026-06-04
Oct 2026,-,69.50,69.00,15:44,2.00,13,-,13,69.00,69.00,69.00,69.00,100,NSBM,NSBMOCT-26,2026-06-04
Nov 2026,-,-,-,-,0.00,-,-,-,-,-,-,83.50,14,NSBM,NSBMNOV-26,2026-06-04
Dec 2026,-,-,-,-,0.00,-,-,-,-,-,-,88.80,20,NSBM,NSBMDEC-26,2026-06-04
2027,-,-,-,-,0.00,-,1,1,-,-,-,-1.80,706,HLBY,HLBY-27,2026-06-05
2028,-,-,-,-,0.00,-,3,3,-,-,-,1.05,313,HLBY,HLBY-28,2026-06-05
2029,-,-,-,-,0.00,-,-,-,-,-,-,0.98,80,HLBY,HLBY-29,2026-06-05
2030,-,-,-,-,0.00,-,-,-,-,-,-,0.71,50,HLBY,HLBY-30,2026-06-05
Q3 2026,-,-,-,-,0.00,-,10,10,-,-,-,-6.00,856,HLBQ,HLBQ3-26,2026-06-05
Q4 2026,-,-,-,-,0.00,-,13,13,-,-,-,-2.25,956,HLBQ,HLBQ4-26,2026-06-05
Q1 2027,-,-,-,-,0.00,-,-,-,-,-,-,0.63,149,HLBQ,HLBQ1-27,2026-06-05
Q2 2027,-,-,-,-,0.00,-,-,-,-,-,-,-3.75,5,HLBQ,HLBQ2-27,2026-06-05
Jun 2026,-,-,-,-,0.00,-,-,-,-,-,-,-13.25,"1,018",HLBM,HLBMJUN-26,2026-06-05
Jul 2026,-,-,-,-,0.00,-,-,-,-,-,-,-15.00,108,HLBM,HLBMJUL-26,2026-06-05
Aug 2026,-,-,-,-,0.00,-,1,1,-,-,-,-7.00,19,HLBM,HLBMAUG-26,2026-06-05
Sep 2026,-,-,-,-,0.00,-,4,4,-,-,-,5.15,5,HLBM,HLBMSEP-26,2026-06-05
2027,-,-,50.25,16:05,-0.70,21,28,49,50.30,50.60,50.25,50.25,"3,847",NSBY,NSBY-27,2026-06-05
2028,-,-,44.10,14:44,-0.15,4,11,15,44.20,44.20,44.10,44.03,"1,613",NSBY,NSBY-28,2026-06-05
2029,-,-,44.00,14:42,-0.15,3,4,7,44.00,44.00,44.00,43.90,644,NSBY,NSBY-29,2026-06-05
2030,-,-,-,-,0.00,-,-,-,-,-,-,44.85,346,NSBY,NSBY-30,2026-06-05
2031,-,-,-,-,0.00,-,5,5,-,-,-,46.25,147,NSBY,NSBY-31,2026-06-05
2032,-,-,-,-,0.00,-,-,-,-,-,-,48.38,53,NSBY,NSBY-32,2026-06-05
2033,-,-,-,-,0.00,-,-,-,-,-,-,48.88,1,NSBY,NSBY-33,2026-06-05
2034,-,-,-,-,0.00,-,-,-,-,-,-,49.38,1,NSBY,NSBY-34,2026-06-05
2035,-,-,-,-,0.00,-,-,-,-,-,-,49.88,0,NSBY,NSBY-35,2026-06-05
2036,-,-,-,-,0.00,-,-,-,-,-,-,50.13,0,NSBY,NSBY-36,2026-06-05
Q3 2026,-,-,58.70,15:54,-2.15,151,10,161,59.50,59.55,58.35,58.70,"5,234",NSBQ,NSBQ3-26,2026-06-05
Q4 2026,78.50,80.50,79.25,15:47,-1.55,44,30,74,80.00,80.00,79.25,79.25,"4,678",NSBQ,NSBQ4-26,2026-06-05
Q1 2027,83.55,-,84.05,14:22,-0.91,22,30,52,84.40,84.40,84.05,84.05,"1,111",NSBQ,NSBQ1-27,2026-06-05
Q2 2027,-,-,-,-,0.00,-,10,10,-,-,-,38.75,325,NSBQ,NSBQ2-27,2026-06-05
Q3 2027,-,-,-,-,0.00,-,10,10,-,-,-,28.75,331,NSBQ,NSBQ3-27,2026-06-05
Q4 2027,-,-,-,-,0.00,-,-,-,-,-,-,51.00,359,NSBQ,NSBQ4-27,2026-06-05
Q1 2028,-,70.25,-,-,0.00,-,15,15,-,-,-,68.85,160,NSBQ,NSBQ1-28,2026-06-05
Q2 2028,-,-,-,-,0.00,-,-,-,-,-,-,34.00,35,NSBQ,NSBQ2-28,2026-06-05
Q3 2028,-,-,24.00,14:12,0.00,4,-,4,23.90,24.00,23.90,24.00,36,NSBQ,NSBQ3-28,2026-06-05
Q4 2028,-,-,-,-,0.00,-,-,-,-,-,-,50.00,71,NSBQ,NSBQ4-28,2026-06-05
Jun 2026,-,-,-,-,0.00,-,-,-,-,-,-,66.50,"5,272",NSBM,NSBMJUN-26,2026-06-05
Jul 2026,-,-,53.50,15:59,-2.42,92,-,92,54.50,54.50,53.50,53.50,"1,114",NSBM,NSBMJUL-26,2026-06-05
Aug 2026,55.80,56.85,56.50,15:59,-3.05,27,31,58,57.00,57.00,56.50,56.50,285,NSBM,NSBMAUG-26,2026-06-05
Sep 2026,-,-,65.90,14:08,-1.85,12,-,12,66.35,66.35,65.90,65.90,235,NSBM,NSBMSEP-26,2026-06-05
Oct 2026,-,-,-,-,0.00,-,-,-,-,-,-,67.50,100,NSBM,NSBMOCT-26,2026-06-05
Nov 2026,-,-,-,-,0.00,-,-,-,-,-,-,82.25,14,NSBM,NSBMNOV-26,2026-06-05
Dec 2026,-,-,-,-,0.00,-,-,-,-,-,-,88.25,20,NSBM,NSBMDEC-26,2026-06-05
2027,-,-,-,-,0.00,-,-,-,-,-,-,-1.82,706,HLBY,HLBY-27,2026-06-06
2028,-,-,-,-,0.00,-,-,-,-,-,-,1.00,313,HLBY,HLBY-28,2026-06-06
2029,-,-,-,-,0.00,-,4,4,-,-,-,0.93,83,HLBY,HLBY-29,2026-06-06
2030,-,-,-,-,0.00,-,-,-,-,-,-,0.74,50,HLBY,HLBY-30,2026-06-06
Q3 2026,-,-,-,-,0.00,-,-,-,-,-,-,-5.75,856,HLBQ,HLBQ3-26,2026-06-06
Q4 2026,-,-,-2.10,15:53,0.15,1,1,2,-2.10,-2.10,-2.10,-2.15,956,HLBQ,HLBQ4-26,2026-06-06
Q1 2027,-,-,0.30,15:59,-0.33,3,-,3,0.30,0.30,0.30,0.30,152,HLBQ,HLBQ1-27,2026-06-06
Q2 2027,-,-,-,-,0.00,-,-,-,-,-,-,-3.99,5,HLBQ,HLBQ2-27,2026-06-06
Jun 2026,-,-,-,-,0.00,-,-,-,-,-,-,-12.92,"1,018",HLBM,HLBMJUN-26,2026-06-06
Jul 2026,-,-,-,-,0.00,-,-,-,-,-,-,-14.35,108,HLBM,HLBMJUL-26,2026-06-06
Aug 2026,-,-,-,-,0.00,-,5,5,-,-,-,-7.10,24,HLBM,HLBMAUG-26,2026-06-06
Sep 2026,-,-,-,-,0.00,-,1,1,-,-,-,5.00,6,HLBM,HLBMSEP-26,2026-06-06
2027,-,-,49.90,15:58,-0.35,18,13,31,49.70,49.90,49.65,49.90,"3,853",NSBY,NSBY-27,2026-06-06
2028,-,-,43.90,15:37,-0.13,1,6,7,43.90,43.90,43.90,43.90,"1,618",NSBY,NSBY-28,2026-06-06
2029,-,-,44.05,15:58,0.15,1,5,6,44.05,44.05,44.05,44.05,644,NSBY,NSBY-29,2026-06-06
2030,44.75,-,-,-,0.00,-,-,-,-,-,-,45.00,346,NSBY,NSBY-30,2026-06-06
2031,-,-,-,-,0.00,-,1,1,-,-,-,46.00,148,NSBY,NSBY-31,2026-06-06
2032,-,-,-,-,0.00,-,-,-,-,-,-,48.38,53,NSBY,NSBY-32,2026-06-06
2033,-,-,-,-,0.00,-,-,-,-,-,-,48.88,1,NSBY,NSBY-33,2026-06-06
2034,-,-,-,-,0.00,-,-,-,-,-,-,49.38,1,NSBY,NSBY-34,2026-06-06
2035,-,-,-,-,0.00,-,-,-,-,-,-,49.88,0,NSBY,NSBY-35,2026-06-06
2036,-,-,-,-,0.00,-,-,-,-,-,-,50.13,0,NSBY,NSBY-36,2026-06-06
Q3 2026,-,-,57.35,15:59,-1.35,214,43,257,57.50,57.50,56.30,57.35,"5,187",NSBQ,NSBQ3-26,2026-06-06
Q4 2026,-,78.45,78.00,15:43,-1.25,54,55,109,77.75,78.00,77.55,78.25,"4,681",NSBQ,NSBQ4-26,2026-06-06
Q1 2027,82.55,-,83.40,15:54,-0.65,22,27,49,83.20,83.50,83.10,83.40,"1,141",NSBQ,NSBQ1-27,2026-06-06
Q2 2027,-,-,38.80,15:59,0.05,11,5,16,38.15,38.80,38.00,38.80,337,NSBQ,NSBQ2-27,2026-06-06
Q3 2027,-,-,28.10,15:58,-0.65,1,-,1,28.10,28.10,28.10,28.10,332,NSBQ,NSBQ3-27,2026-06-06
Q4 2027,-,-,-,-,0.00,-,-,-,-,-,-,51.00,359,NSBQ,NSBQ4-27,2026-06-06
Q1 2028,-,-,68.70,15:57,-0.15,6,-,6,68.75,68.75,68.70,68.73,166,NSBQ,NSBQ1-28,2026-06-06
Q2 2028,-,-,34.00,15:48,0.00,1,-,1,34.00,34.00,34.00,34.00,36,NSBQ,NSBQ2-28,2026-06-06
Q3 2028,-,-,-,-,0.00,-,-,-,-,-,-,24.68,36,NSBQ,NSBQ3-28,2026-06-06
Q4 2028,-,-,-,-,0.00,-,-,-,-,-,-,49.00,71,NSBQ,NSBQ4-28,2026-06-06
Jun 2026,64.10,-,64.65,15:59,-1.85,5,-,5,65.75,65.75,64.65,64.65,"5,277",NSBM,NSBMJUN-26,2026-06-06
Jul 2026,-,-,51.65,16:27,-1.85,105,21,126,51.70,52.00,50.25,51.65,"1,138",NSBM,NSBMJUL-26,2026-06-06
Aug 2026,54.50,-,55.75,15:56,-0.75,4,5,9,55.00,55.75,55.00,55.60,291,NSBM,NSBMAUG-26,2026-06-06
Sep 2026,62.31,-,64.50,15:59,-1.40,17,5,22,64.00,64.50,64.00,64.50,257,NSBM,NSBMSEP-26,2026-06-06
Oct 2026,-,66.90,-,-,0.00,-,-,-,-,-,-,66.50,100,NSBM,NSBMOCT-26,2026-06-06
Nov 2026,-,-,81.25,13:31,-1.00,3,10,13,81.25,81.25,81.25,81.25,19,NSBM,NSBMNOV-26,2026-06-06
Dec 2026,85.75,-,86.80,14:00,-1.45,7,10,17,87.25,87.25,86.80,86.80,33,NSBM,NSBMDEC-26,2026-06-06
2027,-,-,-,-,0.00,-,-,-,-,-,-,-1.82,706,HLBY,HLBY-27,2026-06-07
2028,-,-,-,-,0.00,-,-,-,-,-,-,1.00,313,HLBY,HLBY-28,2026-06-07
2029,-,-,-,-,0.00,-,4,4,-,-,-,0.93,83,HLBY,HLBY-29,2026-06-07
2030,-,-,-,-,0.00,-,-,-,-,-,-,0.74,50,HLBY,HLBY-30,2026-06-07
Q3 2026,-,-,-,-,0.00,-,-,-,-,-,-,-5.75,856,HLBQ,HLBQ3-26,2026-06-07
Q4 2026,-,-,-2.10,15:53,0.15,1,1,2,-2.10,-2.10,-2.10,-2.15,956,HLBQ,HLBQ4-26,2026-06-07
Q1 2027,-,-,0.30,15:59,-0.33,3,-,3,0.30,0.30,0.30,0.30,152,HLBQ,HLBQ1-27,2026-06-07
Q2 2027,-,-,-,-,0.00,-,-,-,-,-,-,-3.99,5,HLBQ,HLBQ2-27,2026-06-07
Jun 2026,-,-,-,-,0.00,-,-,-,-,-,-,-12.92,"1,018",HLBM,HLBMJUN-26,2026-06-07
Jul 2026,-,-,-,-,0.00,-,-,-,-,-,-,-14.35,108,HLBM,HLBMJUL-26,2026-06-07
Aug 2026,-,-,-,-,0.00,-,5,5,-,-,-,-7.10,24,HLBM,HLBMAUG-26,2026-06-07
Sep 2026,-,-,-,-,0.00,-,1,1,-,-,-,5.00,6,HLBM,HLBMSEP-26,2026-06-07
2027,-,-,49.90,15:58,-0.35,18,13,31,49.70,49.90,49.65,49.90,"3,853",NSBY,NSBY-27,2026-06-07
2028,-,-,43.90,15:37,-0.13,1,6,7,43.90,43.90,43.90,43.90,"1,618",NSBY,NSBY-28,2026-06-07
2029,-,-,44.05,15:58,0.15,1,5,6,44.05,44.05,44.05,44.05,644,NSBY,NSBY-29,2026-06-07
2030,44.75,-,-,-,0.00,-,-,-,-,-,-,45.00,346,NSBY,NSBY-30,2026-06-07
2031,-,-,-,-,0.00,-,1,1,-,-,-,46.00,148,NSBY,NSBY-31,2026-06-07
2032,-,-,-,-,0.00,-,-,-,-,-,-,48.38,53,NSBY,NSBY-32,2026-06-07
2033,-,-,-,-,0.00,-,-,-,-,-,-,48.88,1,NSBY,NSBY-33,2026-06-07
2034,-,-,-,-,0.00,-,-,-,-,-,-,49.38,1,NSBY,NSBY-34,2026-06-07
2035,-,-,-,-,0.00,-,-,-,-,-,-,49.88,0,NSBY,NSBY-35,2026-06-07
2036,-,-,-,-,0.00,-,-,-,-,-,-,50.13,0,NSBY,NSBY-36,2026-06-07
Q3 2026,-,-,57.35,15:59,-1.35,214,43,257,57.50,57.50,56.30,57.35,"5,187",NSBQ,NSBQ3-26,2026-06-07
Q4 2026,-,78.45,78.00,15:43,-1.25,54,55,109,77.75,78.00,77.55,78.25,"4,681",NSBQ,NSBQ4-26,2026-06-07
Q1 2027,82.55,-,83.40,15:54,-0.65,22,27,49,83.20,83.50,83.10,83.40,"1,141",NSBQ,NSBQ1-27,2026-06-07
Q2 2027,-,-,38.80,15:59,0.05,11,5,16,38.15,38.80,38.00,38.80,337,NSBQ,NSBQ2-27,2026-06-07
Q3 2027,-,-,28.10,15:58,-0.65,1,-,1,28.10,28.10,28.10,28.10,332,NSBQ,NSBQ3-27,2026-06-07
Q4 2027,-,-,-,-,0.00,-,-,-,-,-,-,51.00,359,NSBQ,NSBQ4-27,2026-06-07
Q1 2028,-,-,68.70,15:57,-0.15,6,-,6,68.75,68.75,68.70,68.73,166,NSBQ,NSBQ1-28,2026-06-07
Q2 2028,-,-,34.00,15:48,0.00,1,-,1,34.00,34.00,34.00,34.00,36,NSBQ,NSBQ2-28,2026-06-07
Q3 2028,-,-,-,-,0.00,-,-,-,-,-,-,24.68,36,NSBQ,NSBQ3-28,2026-06-07
Q4 2028,-,-,-,-,0.00,-,-,-,-,-,-,49.00,71,NSBQ,NSBQ4-28,2026-06-07
Jun 2026,64.10,-,64.65,15:59,-1.85,5,-,5,65.75,65.75,64.65,64.65,"5,277",NSBM,NSBMJUN-26,2026-06-07
Jul 2026,-,-,51.65,16:27,-1.85,105,21,126,51.70,52.00,50.25,51.65,"1,138",NSBM,NSBMJUL-26,2026-06-07
Aug 2026,54.50,-,55.75,15:56,-0.75,4,5,9,55.00,55.75,55.00,55.60,291,NSBM,NSBMAUG-26,2026-06-07
Sep 2026,62.31,-,64.50,15:59,-1.40,17,5,22,64.00,64.50,64.00,64.50,257,NSBM,NSBMSEP-26,2026-06-07
Oct 2026,-,66.90,-,-,0.00,-,-,-,-,-,-,66.50,100,NSBM,NSBMOCT-26,2026-06-07
Nov 2026,-,-,81.25,13:31,-1.00,3,10,13,81.25,81.25,81.25,81.25,19,NSBM,NSBMNOV-26,2026-06-07
Dec 2026,85.75,-,86.80,14:00,-1.45,7,10,17,87.25,87.25,86.80,86.80,33,NSBM,NSBMDEC-26,2026-06-07
2027,-,-,-,-,0.00,-,-,-,-,-,-,-1.82,706,HLBY,HLBY-27,2026-06-08
2028,-,-,-,-,0.00,-,-,-,-,-,-,1.00,313,HLBY,HLBY-28,2026-06-08
2029,-,-,-,-,0.00,-,4,4,-,-,-,0.93,83,HLBY,HLBY-29,2026-06-08
2030,-,-,-,-,0.00,-,-,-,-,-,-,0.74,50,HLBY,HLBY-30,2026-06-08
Q3 2026,-,-,-,-,0.00,-,-,-,-,-,-,-5.75,856,HLBQ,HLBQ3-26,2026-06-08
Q4 2026,-,-,-2.10,15:53,0.15,1,1,2,-2.10,-2.10,-2.10,-2.15,956,HLBQ,HLBQ4-26,2026-06-08
Q1 2027,-,-,0.30,15:59,-0.33,3,-,3,0.30,0.30,0.30,0.30,152,HLBQ,HLBQ1-27,2026-06-08
Q2 2027,-,-,-,-,0.00,-,-,-,-,-,-,-3.99,5,HLBQ,HLBQ2-27,2026-06-08
Jun 2026,-,-,-,-,0.00,-,-,-,-,-,-,-12.92,"1,018",HLBM,HLBMJUN-26,2026-06-08
Jul 2026,-,-,-,-,0.00,-,-,-,-,-,-,-14.35,108,HLBM,HLBMJUL-26,2026-06-08
Aug 2026,-,-,-,-,0.00,-,5,5,-,-,-,-7.10,24,HLBM,HLBMAUG-26,2026-06-08
Sep 2026,-,-,-,-,0.00,-,1,1,-,-,-,5.00,6,HLBM,HLBMSEP-26,2026-06-08
2027,-,-,49.90,15:58,-0.35,18,13,31,49.70,49.90,49.65,49.90,"3,853",NSBY,NSBY-27,2026-06-08
2028,-,-,43.90,15:37,-0.13,1,6,7,43.90,43.90,43.90,43.90,"1,618",NSBY,NSBY-28,2026-06-08
2029,-,-,44.05,15:58,0.15,1,5,6,44.05,44.05,44.05,44.05,644,NSBY,NSBY-29,2026-06-08
2030,44.75,-,-,-,0.00,-,-,-,-,-,-,45.00,346,NSBY,NSBY-30,2026-06-08
2031,-,-,-,-,0.00,-,1,1,-,-,-,46.00,148,NSBY,NSBY-31,2026-06-08
2032,-,-,-,-,0.00,-,-,-,-,-,-,48.38,53,NSBY,NSBY-32,2026-06-08
2033,-,-,-,-,0.00,-,-,-,-,-,-,48.88,1,NSBY,NSBY-33,2026-06-08
2034,-,-,-,-,0.00,-,-,-,-,-,-,49.38,1,NSBY,NSBY-34,2026-06-08
2035,-,-,-,-,0.00,-,-,-,-,-,-,49.88,0,NSBY,NSBY-35,2026-06-08
2036,-,-,-,-,0.00,-,-,-,-,-,-,50.13,0,NSBY,NSBY-36,2026-06-08
Q3 2026,-,-,57.35,15:59,-1.35,214,43,257,57.50,57.50,56.30,57.35,"5,187",NSBQ,NSBQ3-26,2026-06-08
Q4 2026,-,78.45,78.00,15:43,-1.25,54,55,109,77.75,78.00,77.55,78.25,"4,681",NSBQ,NSBQ4-26,2026-06-08
Q1 2027,82.55,-,83.40,15:54,-0.65,22,27,49,83.20,83.50,83.10,83.40,"1,141",NSBQ,NSBQ1-27,2026-06-08
Q2 2027,-,-,38.80,15:59,0.05,11,5,16,38.15,38.80,38.00,38.80,337,NSBQ,NSBQ2-27,2026-06-08
Q3 2027,-,-,28.10,15:58,-0.65,1,-,1,28.10,28.10,28.10,28.10,332,NSBQ,NSBQ3-27,2026-06-08
Q4 2027,-,-,-,-,0.00,-,-,-,-,-,-,51.00,359,NSBQ,NSBQ4-27,2026-06-08
Q1 2028,-,-,68.70,15:57,-0.15,6,-,6,68.75,68.75,68.70,68.73,166,NSBQ,NSBQ1-28,2026-06-08
Q2 2028,-,-,34.00,15:48,0.00,1,-,1,34.00,34.00,34.00,34.00,36,NSBQ,NSBQ2-28,2026-06-08
Q3 2028,-,-,-,-,0.00,-,-,-,-,-,-,24.68,36,NSBQ,NSBQ3-28,2026-06-08
Q4 2028,-,-,-,-,0.00,-,-,-,-,-,-,49.00,71,NSBQ,NSBQ4-28,2026-06-08
Jun 2026,64.10,-,64.65,15:59,-1.85,5,-,5,65.75,65.75,64.65,64.65,"5,277",NSBM,NSBMJUN-26,2026-06-08
Jul 2026,-,-,51.65,16:27,-1.85,105,21,126,51.70,52.00,50.25,51.65,"1,138",NSBM,NSBMJUL-26,2026-06-08
Aug 2026,54.50,-,55.75,15:56,-0.75,4,5,9,55.00,55.75,55.00,55.60,291,NSBM,NSBMAUG-26,2026-06-08
Sep 2026,62.31,-,64.50,15:59,-1.40,17,5,22,64.00,64.50,64.00,64.50,257,NSBM,NSBMSEP-26,2026-06-08
Oct 2026,-,66.90,-,-,0.00,-,-,-,-,-,-,66.50,100,NSBM,NSBMOCT-26,2026-06-08
Nov 2026,-,-,81.25,13:31,-1.00,3,10,13,81.25,81.25,81.25,81.25,19,NSBM,NSBMNOV-26,2026-06-08
Dec 2026,85.75,-,86.80,14:00,-1.45,7,10,17,87.25,87.25,86.80,86.80,33,NSBM,NSBMDEC-26,2026-06-08
2027,-,-,-,-,0.00,-,-,-,-,-,-,-1.82,706,HLBY,HLBY-27,2026-06-08
2028,-,-,-,-,0.00,-,-,-,-,-,-,1.00,313,HLBY,HLBY-28,2026-06-08
2029,-,-,-,-,0.00,-,-,-,-,-,-,0.93,83,HLBY,HLBY-29,2026-06-08
2030,-,-,-,-,0.00,-,-,-,-,-,-,0.74,50,HLBY,HLBY-30,2026-06-08
Q3 2026,-,-,-,-,0.00,-,-,-,-,-,-,-5.75,856,HLBQ,HLBQ3-26,2026-06-08
Q4 2026,-,-,-2.10,15:53,0.15,1,1,2,-2.10,-2.10,-2.10,-2.15,956,HLBQ,HLBQ4-26,2026-06-08
Q1 2027,-,-,0.30,15:59,-0.33,3,-,3,0.30,0.30,0.30,0.30,152,HLBQ,HLBQ1-27,2026-06-08
Q2 2027,-,-,-,-,0.00,-,-,-,-,-,-,-3.99,5,HLBQ,HLBQ2-27,2026-06-08
Jun 2026,-,-,-,-,0.00,-,-,-,-,-,-,-12.92,"1,018",HLBM,HLBMJUN-26,2026-06-08
Jul 2026,-,-,-,-,0.00,-,-,-,-,-,-,-14.35,108,HLBM,HLBMJUL-26,2026-06-08
Aug 2026,-,-,-,-,0.00,-,-,-,-,-,-,-7.10,24,HLBM,HLBMAUG-26,2026-06-08
Sep 2026,-,-,-,-,0.00,-,-,-,-,-,-,5.00,6,HLBM,HLBMSEP-26,2026-06-08
2027,-,-,49.90,15:58,-0.35,18,13,31,49.70,49.90,49.65,49.90,"3,853",NSBY,NSBY-27,2026-06-08
2028,-,-,43.90,15:37,-0.13,1,6,7,43.90,43.90,43.90,43.90,"1,618",NSBY,NSBY-28,2026-06-08
2029,-,-,44.05,15:58,0.15,1,5,6,44.05,44.05,44.05,44.05,644,NSBY,NSBY-29,2026-06-08
2030,44.75,-,-,-,0.00,-,-,-,-,-,-,45.00,346,NSBY,NSBY-30,2026-06-08
2031,-,-,-,-,0.00,-,-,-,-,-,-,46.00,148,NSBY,NSBY-31,2026-06-08
2032,-,-,-,-,0.00,-,-,-,-,-,-,48.38,53,NSBY,NSBY-32,2026-06-08
2033,-,-,-,-,0.00,-,-,-,-,-,-,48.88,1,NSBY,NSBY-33,2026-06-08
2034,-,-,-,-,0.00,-,-,-,-,-,-,49.38,1,NSBY,NSBY-34,2026-06-08
2035,-,-,-,-,0.00,-,-,-,-,-,-,49.88,0,NSBY,NSBY-35,2026-06-08
2036,-,-,-,-,0.00,-,-,-,-,-,-,50.13,0,NSBY,NSBY-36,2026-06-08
Q3 2026,-,-,57.35,15:59,-1.35,214,43,257,57.50,57.50,56.30,57.35,"5,187",NSBQ,NSBQ3-26,2026-06-08
Q4 2026,-,78.45,78.00,15:43,-1.25,54,55,109,77.75,78.00,77.55,78.25,"4,681",NSBQ,NSBQ4-26,2026-06-08
Q1 2027,82.55,-,83.40,15:54,-0.65,22,27,49,83.20,83.50,83.10,83.40,"1,141",NSBQ,NSBQ1-27,2026-06-08
Q2 2027,-,-,38.80,15:59,0.05,11,5,16,38.15,38.80,38.00,38.80,337,NSBQ,NSBQ2-27,2026-06-08
Q3 2027,-,-,28.10,15:58,-0.65,1,-,1,28.10,28.10,28.10,28.10,332,NSBQ,NSBQ3-27,2026-06-08
Q4 2027,-,-,-,-,0.00,-,-,-,-,-,-,51.00,359,NSBQ,NSBQ4-27,2026-06-08
Q1 2028,-,-,68.70,15:57,-0.15,6,-,6,68.75,68.75,68.70,68.73,166,NSBQ,NSBQ1-28,2026-06-08
Q2 2028,-,-,34.00,15:48,0.00,1,-,1,34.00,34.00,34.00,34.00,36,NSBQ,NSBQ2-28,2026-06-08
Q3 2028,-,-,-,-,0.00,-,-,-,-,-,-,24.68,36,NSBQ,NSBQ3-28,2026-06-08
Q4 2028,-,-,-,-,0.00,-,-,-,-,-,-,49.00,71,NSBQ,NSBQ4-28,2026-06-08
Jun 2026,64.10,-,64.65,15:59,-1.85,5,-,5,65.75,65.75,64.65,64.65,"5,277",NSBM,NSBMJUN-26,2026-06-08
Jul 2026,-,-,51.65,16:27,-1.85,105,21,126,51.70,52.00,50.25,51.65,"1,138",NSBM,NSBMJUL-26,2026-06-08
Aug 2026,54.50,-,55.75,15:56,-0.75,4,5,9,55.00,55.75,55.00,55.60,291,NSBM,NSBMAUG-26,2026-06-08
Sep 2026,62.31,-,64.50,15:59,-1.40,17,5,22,64.00,64.50,64.00,64.50,257,NSBM,NSBMSEP-26,2026-06-08
Oct 2026,-,66.90,-,-,0.00,-,-,-,-,-,-,66.50,100,NSBM,NSBMOCT-26,2026-06-08
Nov 2026,-,-,81.25,13:31,-1.00,3,10,13,81.25,81.25,81.25,81.25,19,NSBM,NSBMNOV-26,2026-06-08
Dec 2026,85.75,-,86.80,14:00,-1.45,7,10,17,87.25,87.25,86.80,86.80,33,NSBM,NSBMDEC-26,2026-06-08
2027,-,-,-,-,0.00,-,-,-,-,-,-,-1.82,706,HLBY,HLBY-27,2026-06-08
2028,-,-,-,-,0.00,-,-,-,-,-,-,1.00,313,HLBY,HLBY-28,2026-06-08
2029,-,-,-,-,0.00,-,-,-,-,-,-,0.93,83,HLBY,HLBY-29,2026-06-08
2030,-,-,-,-,0.00,-,-,-,-,-,-,0.74,50,HLBY,HLBY-30,2026-06-08
Q3 2026,-,-,-,-,0.00,-,-,-,-,-,-,-5.75,856,HLBQ,HLBQ3-26,2026-06-08
Q4 2026,-,-,-,-,0.00,-,-,-,-,-,-,-2.15,956,HLBQ,HLBQ4-26,2026-06-08
Q1 2027,-,-,-,-,0.00,-,-,-,-,-,-,0.30,152,HLBQ,HLBQ1-27,2026-06-08
Q2 2027,-,-,-,-,0.00,-,-,-,-,-,-,-3.99,5,HLBQ,HLBQ2-27,2026-06-08
Jun 2026,-,-,-,-,0.00,-,-,-,-,-,-,-12.92,"1,018",HLBM,HLBMJUN-26,2026-06-08
Jul 2026,-,-,-,-,0.00,-,-,-,-,-,-,-14.35,108,HLBM,HLBMJUL-26,2026-06-08
Aug 2026,-,-,-,-,0.00,-,-,-,-,-,-,-7.10,24,HLBM,HLBMAUG-26,2026-06-08
Sep 2026,-,-,-,-,0.00,-,-,-,-,-,-,5.00,6,HLBM,HLBMSEP-26,2026-06-08
2027,-,-,-,-,0.00,-,-,-,-,-,-,49.90,"3,853",NSBY,NSBY-27,2026-06-08
2028,-,-,-,-,0.00,-,-,-,-,-,-,43.90,"1,618",NSBY,NSBY-28,2026-06-08
2029,-,-,-,-,0.00,-,-,-,-,-,-,44.05,644,NSBY,NSBY-29,2026-06-08
2030,-,-,-,-,0.00,-,-,-,-,-,-,45.00,346,NSBY,NSBY-30,2026-06-08
2031,-,-,-,-,0.00,-,-,-,-,-,-,46.00,148,NSBY,NSBY-31,2026-06-08
2032,-,-,-,-,0.00,-,-,-,-,-,-,48.38,53,NSBY,NSBY-32,2026-06-08
2033,-,-,-,-,0.00,-,-,-,-,-,-,48.88,1,NSBY,NSBY-33,2026-06-08
2034,-,-,-,-,0.00,-,-,-,-,-,-,49.38,1,NSBY,NSBY-34,2026-06-08
2035,-,-,-,-,0.00,-,-,-,-,-,-,49.88,0,NSBY,NSBY-35,2026-06-08
2036,-,-,-,-,0.00,-,-,-,-,-,-,50.13,0,NSBY,NSBY-36,2026-06-08
Q3 2026,-,-,-,-,0.00,-,-,-,-,-,-,57.35,"5,187",NSBQ,NSBQ3-26,2026-06-08
Q4 2026,-,-,-,-,0.00,-,-,-,-,-,-,78.25,"4,681",NSBQ,NSBQ4-26,2026-06-08
Q1 2027,-,-,-,-,0.00,-,-,-,-,-,-,83.40,"1,141",NSBQ,NSBQ1-27,2026-06-08
Q2 2027,-,-,-,-,0.00,-,-,-,-,-,-,38.80,337,NSBQ,NSBQ2-27,2026-06-08
Q3 2027,-,-,-,-,0.00,-,-,-,-,-,-,28.10,332,NSBQ,NSBQ3-27,2026-06-08
Q4 2027,-,-,-,-,0.00,-,-,-,-,-,-,51.00,359,NSBQ,NSBQ4-27,2026-06-08
Q1 2028,-,-,-,-,0.00,-,-,-,-,-,-,68.73,166,NSBQ,NSBQ1-28,2026-06-08
Q2 2028,-,-,-,-,0.00,-,-,-,-,-,-,34.00,36,NSBQ,NSBQ2-28,2026-06-08
Q3 2028,-,-,-,-,0.00,-,-,-,-,-,-,24.68,36,NSBQ,NSBQ3-28,2026-06-08
Q4 2028,-,-,-,-,0.00,-,-,-,-,-,-,49.00,71,NSBQ,NSBQ4-28,2026-06-08
Jun 2026,-,-,-,-,0.00,-,-,-,-,-,-,64.65,"5,277",NSBM,NSBMJUN-26,2026-06-08
Jul 2026,-,-,-,-,0.00,-,-,-,-,-,-,51.65,"1,138",NSBM,NSBMJUL-26,2026-06-08
Aug 2026,-,-,-,-,0.00,-,-,-,-,-,-,55.60,291,NSBM,NSBMAUG-26,2026-06-08
Sep 2026,-,-,-,-,0.00,-,-,-,-,-,-,64.50,257,NSBM,NSBMSEP-26,2026-06-08
Oct 2026,-,-,-,-,0.00,-,-,-,-,-,-,66.50,100,NSBM,NSBMOCT-26,2026-06-08
Nov 2026,-,-,-,-,0.00,-,-,-,-,-,-,81.25,19,NSBM,NSBMNOV-26,2026-06-08
Dec 2026,-,-,-,-,0.00,-,-,-,-,-,-,86.80,33,NSBM,NSBMDEC-26,2026-06-08
2027,-2.20,-1.50,-,-,0.00,-,-,-,-,-,-,-1.82,706,HLBY,HLBY-27,2026-06-08
2028,0.75,1.86,-,-,0.00,-,-,-,-,-,-,1.00,313,HLBY,HLBY-28,2026-06-08
2029,0.75,2.41,-,-,0.00,-,-,-,-,-,-,0.93,83,HLBY,HLBY-29,2026-06-08
2030,-0.78,2.22,-,-,0.00,-,-,-,-,-,-,0.74,50,HLBY,HLBY-30,2026-06-08
Q3 2026,-7.00,-4.99,-,-,0.00,-,-,-,-,-,-,-5.75,856,HLBQ,HLBQ3-26,2026-06-08
Q4 2026,-3.00,-1.38,-,-,0.00,-,-,-,-,-,-,-2.15,956,HLBQ,HLBQ4-26,2026-06-08
Q1 2027,0.25,1.00,-,-,0.00,-,-,-,-,-,-,0.30,152,HLBQ,HLBQ1-27,2026-06-08
Q2 2027,-5.00,-2.57,-,-,0.00,-,-,-,-,-,-,-3.99,5,HLBQ,HLBQ2-27,2026-06-08
Jun 2026,-,-,-,-,0.00,-,-,-,-,-,-,-12.92,"1,018",HLBM,HLBMJUN-26,2026-06-08
Jul 2026,-16.69,-13.69,-,-,0.00,-,-,-,-,-,-,-14.35,108,HLBM,HLBMJUL-26,2026-06-08
Aug 2026,-9.46,-6.46,-,-,0.00,-,-,-,-,-,-,-7.10,24,HLBM,HLBMAUG-26,2026-06-08
Sep 2026,3.50,5.46,-,-,0.00,-,-,-,-,-,-,5.00,6,HLBM,HLBMSEP-26,2026-06-08
2027,50.25,50.85,50.50,09:21,0.60,2,-,2,50.50,50.50,50.50,49.90,"3,853",NSBY,NSBY-27,2026-06-08
2028,43.12,45.10,-,-,0.00,-,-,-,-,-,-,43.90,"1,618",NSBY,NSBY-28,2026-06-08
2029,43.18,45.00,-,-,0.00,-,-,-,-,-,-,44.05,644,NSBY,NSBY-29,2026-06-08
2030,43.75,46.63,-,-,0.00,-,-,-,-,-,-,45.00,346,NSBY,NSBY-30,2026-06-08
2031,44.59,47.59,-,-,0.00,-,-,-,-,-,-,46.00,148,NSBY,NSBY-31,2026-06-08
2032,-,-,-,-,0.00,-,-,-,-,-,-,48.38,53,NSBY,NSBY-32,2026-06-08
2033,-,-,-,-,0.00,-,-,-,-,-,-,48.88,1,NSBY,NSBY-33,2026-06-08
2034,-,-,-,-,0.00,-,-,-,-,-,-,49.38,1,NSBY,NSBY-34,2026-06-08
2035,-,-,-,-,0.00,-,-,-,-,-,-,49.88,0,NSBY,NSBY-35,2026-06-08
2036,-,-,-,-,0.00,-,-,-,-,-,-,50.13,0,NSBY,NSBY-36,2026-06-08
Q3 2026,59.10,59.50,59.25,09:15,1.90,23,5,28,59.60,59.85,59.25,57.35,"5,187",NSBQ,NSBQ3-26,2026-06-08
Q4 2026,80.45,81.00,-,-,0.00,-,-,-,-,-,-,78.25,"4,681",NSBQ,NSBQ4-26,2026-06-08
Q1 2027,83.70,86.70,85.20,09:08,1.80,2,-,2,85.20,85.20,85.20,83.40,"1,141",NSBQ,NSBQ1-27,2026-06-08
Q2 2027,38.75,39.50,-,-,0.00,-,-,-,-,-,-,38.80,337,NSBQ,NSBQ2-27,2026-06-08
Q3 2027,28.00,29.75,-,-,0.00,-,-,-,-,-,-,28.10,332,NSBQ,NSBQ3-27,2026-06-08
Q4 2027,49.80,52.75,-,-,0.00,-,-,-,-,-,-,51.00,359,NSBQ,NSBQ4-27,2026-06-08
Q1 2028,67.60,70.59,-,-,0.00,-,-,-,-,-,-,68.73,166,NSBQ,NSBQ1-28,2026-06-08
Q2 2028,32.70,35.65,-,-,0.00,-,-,-,-,-,-,34.00,36,NSBQ,NSBQ2-28,2026-06-08
Q3 2028,23.35,26.30,-,-,0.00,-,-,-,-,-,-,24.68,36,NSBQ,NSBQ3-28,2026-06-08
Q4 2028,47.80,50.75,-,-,0.00,-,-,-,-,-,-,49.00,71,NSBQ,NSBQ4-28,2026-06-08
Jun 2026,66.75,68.50,66.75,08:58,2.10,5,-,5,66.80,66.80,66.75,64.65,"5,277",NSBM,NSBMJUN-26,2026-06-08
Jul 2026,53.50,53.65,53.75,09:15,2.10,26,-,26,53.75,53.80,53.75,51.65,"1,138",NSBM,NSBMJUL-26,2026-06-08
Aug 2026,55.75,58.90,57.75,09:19,2.15,5,-,5,57.75,57.75,57.75,55.60,291,NSBM,NSBMAUG-26,2026-06-08
Sep 2026,65.09,69.09,-,-,0.00,-,-,-,-,-,-,64.50,257,NSBM,NSBMSEP-26,2026-06-08
Oct 2026,65.93,69.83,-,-,0.00,-,-,-,-,-,-,66.50,100,NSBM,NSBMOCT-26,2026-06-08
Nov 2026,80.99,84.89,-,-,0.00,-,-,-,-,-,-,81.25,19,NSBM,NSBMNOV-26,2026-06-08
Dec 2026,86.65,90.30,-,-,0.00,-,-,-,-,-,-,86.80,33,NSBM,NSBMDEC-26,2026-06-08
2027,-,-,-,-,0.00,-,-,-,-,-,-,-1.85,706,HLBY,HLBY-27,2026-06-09
2028,-,-,-,-,0.00,-,-,-,-,-,-,1.00,313,HLBY,HLBY-28,2026-06-09
2029,-,-,-,-,0.00,-,-,-,-,-,-,1.05,83,HLBY,HLBY-29,2026-06-09
2030,-,-,-,-,0.00,-,-,-,-,-,-,0.74,50,HLBY,HLBY-30,2026-06-09
Q3 2026,-,-,-,-,0.00,-,-,-,-,-,-,-5.50,856,HLBQ,HLBQ3-26,2026-06-09
Q4 2026,-,-,-,-,0.00,-,-,-,-,-,-,-2.57,956,HLBQ,HLBQ4-26,2026-06-09
Q1 2027,-,-,-,-,0.00,-,-,-,-,-,-,0.99,152,HLBQ,HLBQ1-27,2026-06-09
Q2 2027,-,-,-,-,0.00,-,-,-,-,-,-,-3.95,5,HLBQ,HLBQ2-27,2026-06-09
Jun 2026,-,-,-,-,0.00,-,-,-,-,-,-,-10.73,"1,018",HLBM,HLBMJUN-26,2026-06-09
Jul 2026,-,-,-,-,0.00,-,-,-,-,-,-,-14.15,108,HLBM,HLBMJUL-26,2026-06-09
Aug 2026,-,-,-,-,0.00,-,-,-,-,-,-,-7.46,24,HLBM,HLBMAUG-26,2026-06-09
Sep 2026,-,-,-,-,0.00,-,-,-,-,-,-,5.00,6,HLBM,HLBMSEP-26,2026-06-09
2027,-,-,49.90,15:59,0.00,25,17,42,50.50,50.50,49.80,49.87,"3,877",NSBY,NSBY-27,2026-06-09
2028,-,-,43.80,15:35,-0.10,3,2,5,43.90,43.90,43.80,43.80,"1,622",NSBY,NSBY-28,2026-06-09
2029,-,-,-,-,0.00,-,7,7,-,-,-,43.75,650,NSBY,NSBY-29,2026-06-09
2030,-,-,-,-,0.00,-,2,2,-,-,-,45.00,348,NSBY,NSBY-30,2026-06-09
2031,-,-,-,-,0.00,-,-,-,-,-,-,46.38,148,NSBY,NSBY-31,2026-06-09
2032,-,-,-,-,0.00,-,-,-,-,-,-,48.38,53,NSBY,NSBY-32,2026-06-09
2033,-,-,-,-,0.00,-,-,-,-,-,-,48.88,1,NSBY,NSBY-33,2026-06-09
2034,-,-,-,-,0.00,-,-,-,-,-,-,49.38,1,NSBY,NSBY-34,2026-06-09
2035,-,-,-,-,0.00,-,-,-,-,-,-,49.88,0,NSBY,NSBY-35,2026-06-09
2036,-,-,-,-,0.00,-,-,-,-,-,-,50.13,0,NSBY,NSBY-36,2026-06-09
Q3 2026,-,-,57.45,15:59,0.10,98,72,170,59.60,59.85,57.45,57.45,"5,192",NSBQ,NSBQ3-26,2026-06-09
Q4 2026,-,79.40,78.45,16:01,0.20,45,63,108,80.60,80.60,78.45,78.65,"4,704",NSBQ,NSBQ4-26,2026-06-09
Q1 2027,-,-,83.70,15:59,0.30,29,10,39,85.20,85.20,83.70,83.70,"1,139",NSBQ,NSBQ1-27,2026-06-09
Q2 2027,-,-,38.40,15:51,-0.40,8,-,8,38.70,38.70,38.40,38.40,345,NSBQ,NSBQ2-27,2026-06-09
Q3 2027,-,-,28.00,15:47,-0.10,6,-,6,28.10,28.10,28.00,28.00,338,NSBQ,NSBQ3-27,2026-06-09
Q4 2027,49.90,-,50.75,15:47,-0.25,4,-,4,51.50,51.50,50.75,50.75,362,NSBQ,NSBQ4-27,2026-06-09
Q1 2028,67.50,69.00,68.75,15:07,0.02,4,-,4,69.20,69.20,68.75,68.75,168,NSBQ,NSBQ1-28,2026-06-09
Q2 2028,-,-,-,-,0.00,-,-,-,-,-,-,33.43,36,NSBQ,NSBQ2-28,2026-06-09
Q3 2028,-,-,24.50,14:16,-0.18,2,-,2,24.50,24.50,24.50,24.50,38,NSBQ,NSBQ3-28,2026-06-09
Q4 2028,-,-,-,-,0.00,-,-,-,-,-,-,49.15,71,NSBQ,NSBQ4-28,2026-06-09
Jun 2026,-,66.75,66.15,15:57,1.50,81,98,179,66.80,67.60,66.00,66.12,"5,414",NSBM,NSBMJUN-26,2026-06-09
Jul 2026,-,-,52.15,15:58,0.50,150,98,248,53.75,53.95,52.00,52.14,"1,210",NSBM,NSBMJUL-26,2026-06-09
Aug 2026,-,-,56.05,15:56,0.45,21,-,21,57.75,57.80,56.05,56.08,311,NSBM,NSBMAUG-26,2026-06-09
Sep 2026,-,-,65.00,15:50,0.50,6,-,6,66.50,66.50,65.00,65.00,250,NSBM,NSBMSEP-26,2026-06-09
Oct 2026,-,68.75,67.50,15:04,1.00,5,-,5,67.50,67.50,67.50,67.15,103,NSBM,NSBMOCT-26,2026-06-09
Nov 2026,-,-,-,-,0.00,-,-,-,-,-,-,82.05,19,NSBM,NSBMNOV-26,2026-06-09
Dec 2026,-,-,88.00,14:13,1.20,3,-,3,88.00,88.00,88.00,87.50,30,NSBM,NSBMDEC-26,2026-06-09
2027,-,-,-,-,0.00,-,-,-,-,-,-,-1.67,706,HLBY,HLBY-27,2026-06-10
2028,-,-,-,-,0.00,-,1,1,-,-,-,1.15,314,HLBY,HLBY-28,2026-06-10
2029,-,-,-,-,0.00,-,-,-,-,-,-,0.47,83,HLBY,HLBY-29,2026-06-10
2030,-,-,-,-,0.00,-,-,-,-,-,-,0.76,50,HLBY,HLBY-30,2026-06-10
Q3 2026,-,-,-,-,0.00,-,-,-,-,-,-,-5.43,856,HLBQ,HLBQ3-26,2026-06-10
Q4 2026,-,-,-,-,0.00,-,-,-,-,-,-,-2.37,956,HLBQ,HLBQ4-26,2026-06-10
Q1 2027,-,-,-,-,0.00,-,-,-,-,-,-,0.75,152,HLBQ,HLBQ1-27,2026-06-10
Q2 2027,-,-,-,-,0.00,-,-,-,-,-,-,-3.64,5,HLBQ,HLBQ2-27,2026-06-10
Jun 2026,-,-,-,-,0.00,-,-,-,-,-,-,-11.34,"1,018",HLBM,HLBMJUN-26,2026-06-10
Jul 2026,-,-,-,-,0.00,-,1,1,-,-,-,-13.75,108,HLBM,HLBMJUL-26,2026-06-10
Aug 2026,-,-,-,-,0.00,-,1,1,-,-,-,-7.00,25,HLBM,HLBMAUG-26,2026-06-10
Sep 2026,-,-,-,-,0.00,-,5,5,-,-,-,5.80,11,HLBM,HLBMSEP-26,2026-06-10
2027,-,-,49.20,15:44,-0.67,13,24,37,49.40,49.50,49.20,49.20,"3,895",NSBY,NSBY-27,2026-06-10
2028,-,-,43.65,15:40,-0.15,4,13,17,43.80,43.80,43.65,43.65,"1,635",NSBY,NSBY-28,2026-06-10
2029,-,-,43.50,15:22,-0.25,3,11,14,43.50,43.50,43.50,43.50,660,NSBY,NSBY-29,2026-06-10
2030,-,-,44.80,11:51,-0.20,1,-,1,44.80,44.80,44.80,44.80,348,NSBY,NSBY-30,2026-06-10
2031,-,-,-,-,0.00,-,-,-,-,-,-,46.30,148,NSBY,NSBY-31,2026-06-10
2032,-,-,-,-,0.00,-,-,-,-,-,-,48.38,53,NSBY,NSBY-32,2026-06-10
2033,-,-,-,-,0.00,-,-,-,-,-,-,48.88,1,NSBY,NSBY-33,2026-06-10
2034,-,-,-,-,0.00,-,-,-,-,-,-,49.38,1,NSBY,NSBY-34,2026-06-10
2035,-,-,-,-,0.00,-,-,-,-,-,-,49.88,0,NSBY,NSBY-35,2026-06-10
2036,-,-,-,-,0.00,-,-,-,-,-,-,50.13,0,NSBY,NSBY-36,2026-06-10
Q3 2026,-,-,54.70,15:59,-2.75,188,68,256,55.25,55.70,54.35,54.73,"5,109",NSBQ,NSBQ3-26,2026-06-10
Q4 2026,76.50,78.20,76.80,15:59,-1.85,36,48,84,77.50,77.50,76.50,76.70,"4,755",NSBQ,NSBQ4-26,2026-06-10
Q1 2027,-,-,82.20,15:59,-1.50,9,16,25,82.75,82.75,82.10,82.20,"1,148",NSBQ,NSBQ1-27,2026-06-10
Q2 2027,-,-,37.50,15:42,-0.90,11,10,21,37.85,37.85,37.50,37.50,361,NSBQ,NSBQ2-27,2026-06-10
Q3 2027,-,27.90,27.50,14:23,-0.50,12,-,12,27.50,27.50,27.50,27.50,347,NSBQ,NSBQ3-27,2026-06-10
Q4 2027,49.91,-,50.30,15:51,-0.45,7,-,7,50.50,50.50,50.30,50.30,369,NSBQ,NSBQ4-27,2026-06-10
Q1 2028,67.50,-,68.10,15:05,-0.65,6,-,6,68.50,68.50,68.10,68.10,174,NSBQ,NSBQ1-28,2026-06-10
Q2 2028,-,-,-,-,0.00,-,-,-,-,-,-,33.25,36,NSBQ,NSBQ2-28,2026-06-10
Q3 2028,-,-,24.10,13:54,-0.40,12,-,12,24.20,24.20,24.10,24.10,50,NSBQ,NSBQ3-28,2026-06-10
Q4 2028,-,-,49.30,14:29,0.15,3,-,3,49.30,49.30,49.30,49.30,71,NSBQ,NSBQ4-28,2026-06-10
Jun 2026,-,-,63.50,15:10,-2.62,63,-,63,65.00,65.00,63.50,63.50,"5,425",NSBM,NSBMJUN-26,2026-06-10
Jul 2026,-,-,48.50,15:59,-3.64,182,4,186,50.25,50.25,48.00,48.50,"1,182",NSBM,NSBMJUL-26,2026-06-10
Aug 2026,-,-,52.95,14:07,-3.13,14,5,19,53.75,53.75,52.95,53.33,321,NSBM,NSBMAUG-26,2026-06-10
Sep 2026,-,-,62.65,14:58,-2.35,26,-,26,63.25,63.25,62.65,62.65,272,NSBM,NSBMSEP-26,2026-06-10
Oct 2026,63.00,66.25,64.88,13:28,-2.27,2,-,2,65.00,65.00,64.88,64.88,103,NSBM,NSBMOCT-26,2026-06-10
Nov 2026,-,81.05,80.50,14:09,-1.55,6,-,6,81.20,81.20,80.50,80.50,23,NSBM,NSBMNOV-26,2026-06-10
Dec 2026,85.00,-,86.00,13:21,-1.50,1,-,1,86.00,86.00,86.00,86.00,31,NSBM,NSBMDEC-26,2026-06-10
2027,-,-,-,-,0.00,-,-,-,-,-,-,-1.40,706,HLBY,HLBY-27,2026-06-11
2028,-,-,-,-,0.00,-,1,1,-,-,-,1.25,315,HLBY,HLBY-28,2026-06-11
2029,-,-,-,-,0.00,-,-,-,-,-,-,0.15,83,HLBY,HLBY-29,2026-06-11
2030,-,-,-,-,0.00,-,-,-,-,-,-,0.68,50,HLBY,HLBY-30,2026-06-11
Q3 2026,-,-,-5.00,15:11,0.43,1,2,3,-5.00,-5.00,-5.00,-4.90,854,HLBQ,HLBQ3-26,2026-06-11
Q4 2026,-,-,-2.00,13:53,0.37,1,14,15,-2.00,-2.00,-2.00,-2.00,960,HLBQ,HLBQ4-26,2026-06-11
Q1 2027,-,-,-,-,0.00,-,12,12,-,-,-,1.25,162,HLBQ,HLBQ1-27,2026-06-11
Q2 2027,-,-,-,-,0.00,-,-,-,-,-,-,-3.64,5,HLBQ,HLBQ2-27,2026-06-11
Jun 2026,-,-,-,-,0.00,-,-,-,-,-,-,-11.49,"1,018",HLBM,HLBMJUN-26,2026-06-11
Jul 2026,-,-,-,-,0.00,-,12,12,-,-,-,-13.60,120,HLBM,HLBMJUL-26,2026-06-11
Aug 2026,-,-,-,-,0.00,-,1,1,-,-,-,-7.00,25,HLBM,HLBMAUG-26,2026-06-11
Sep 2026,-,-,-,-,0.00,-,10,10,-,-,-,6.40,21,HLBM,HLBMSEP-26,2026-06-11
2027,-,-,49.40,15:56,0.20,11,21,32,49.00,49.40,49.00,49.40,"3,895",NSBY,NSBY-27,2026-06-11
2028,-,-,43.90,15:34,0.25,1,-,1,43.90,43.90,43.90,43.90,"1,636",NSBY,NSBY-28,2026-06-11
2029,-,-,43.65,14:54,0.15,1,2,3,43.65,43.65,43.65,43.65,663,NSBY,NSBY-29,2026-06-11
2030,44.65,-,45.50,16:02,0.70,2,1,3,45.25,45.50,45.25,45.50,350,NSBY,NSBY-30,2026-06-11
2031,-,-,-,-,0.00,-,-,-,-,-,-,46.30,148,NSBY,NSBY-31,2026-06-11
2032,-,-,-,-,0.00,-,-,-,-,-,-,48.38,53,NSBY,NSBY-32,2026-06-11
2033,-,-,-,-,0.00,-,-,-,-,-,-,48.88,1,NSBY,NSBY-33,2026-06-11
2034,-,-,-,-,0.00,-,-,-,-,-,-,49.38,1,NSBY,NSBY-34,2026-06-11
2035,-,-,-,-,0.00,-,-,-,-,-,-,49.88,0,NSBY,NSBY-35,2026-06-11
2036,-,-,-,-,0.00,-,-,-,-,-,-,50.13,0,NSBY,NSBY-36,2026-06-11
Q3 2026,-,54.45,54.30,16:04,-0.43,180,160,340,54.25,54.35,53.20,54.30,"5,136",NSBQ,NSBQ3-26,2026-06-11
Q4 2026,76.75,-,76.90,15:59,0.20,53,74,127,76.50,76.90,75.65,76.89,"4,821",NSBQ,NSBQ4-26,2026-06-11
Q1 2027,-,83.15,82.80,15:59,0.60,20,5,25,81.75,82.80,81.75,82.77,"1,169",NSBQ,NSBQ1-27,2026-06-11
Q2 2027,-,-,-,-,0.00,-,-,-,-,-,-,37.88,359,NSBQ,NSBQ2-27,2026-06-11
Q3 2027,-,-,-,-,0.00,-,3,3,-,-,-,27.60,350,NSBQ,NSBQ3-27,2026-06-11
Q4 2027,49.90,-,50.00,11:25,-0.30,3,-,3,50.00,50.00,50.00,50.30,372,NSBQ,NSBQ4-27,2026-06-11
Q1 2028,67.50,69.25,67.90,13:24,-0.20,2,-,2,68.00,68.00,67.90,68.10,176,NSBQ,NSBQ1-28,2026-06-11
Q2 2028,-,-,-,-,0.00,-,-,-,-,-,-,33.90,36,NSBQ,NSBQ2-28,2026-06-11
Q3 2028,-,-,-,-,0.00,-,-,-,-,-,-,24.65,49,NSBQ,NSBQ3-28,2026-06-11
Q4 2028,-,-,-,-,0.00,-,-,-,-,-,-,49.45,71,NSBQ,NSBQ4-28,2026-06-11
Jun 2026,-,63.45,62.50,15:49,-1.00,10,-,10,62.95,63.00,62.50,62.50,"5,427",NSBM,NSBMJUN-26,2026-06-11
Jul 2026,-,-,47.50,15:58,-1.00,163,41,204,46.50,48.00,46.25,47.50,"1,210",NSBM,NSBMJUL-26,2026-06-11
Aug 2026,-,-,52.75,15:38,-0.58,8,15,23,52.50,52.75,52.50,53.13,339,NSBM,NSBMAUG-26,2026-06-11
Sep 2026,-,62.85,62.45,15:59,-0.20,14,15,29,62.00,62.45,61.76,62.45,288,NSBM,NSBMSEP-26,2026-06-11
Oct 2026,-,-,64.10,15:51,-0.78,17,-,17,63.00,64.10,63.00,65.15,116,NSBM,NSBMOCT-26,2026-06-11
Nov 2026,-,-,80.00,14:39,-0.50,1,5,6,80.00,80.00,80.00,80.00,29,NSBM,NSBMNOV-26,2026-06-11
Dec 2026,-,-,85.00,16:03,-1.00,1,16,17,85.00,85.00,85.00,85.00,43,NSBM,NSBMDEC-26,2026-06-11
2027,-,-,-,-,0.00,-,2,2,-,-,-,-1.10,708,HLBY,HLBY-27,2026-06-12
2028,-,-,-,-,0.00,-,1,1,-,-,-,1.25,316,HLBY,HLBY-28,2026-06-12
2029,-,-,-,-,0.00,-,-,-,-,-,-,0.00,83,HLBY,HLBY-29,2026-06-12
2030,-,-,-,-,0.00,-,-,-,-,-,-,0.69,50,HLBY,HLBY-30,2026-06-12
Q3 2026,-,-,-,-,0.00,-,-,-,-,-,-,-4.14,854,HLBQ,HLBQ3-26,2026-06-12
Q4 2026,-,-,-,-,0.00,-,10,10,-,-,-,-1.80,963,HLBQ,HLBQ4-26,2026-06-12
Q1 2027,-,-,-,-,0.00,-,-,-,-,-,-,1.17,162,HLBQ,HLBQ1-27,2026-06-12
Q2 2027,-,-,-,-,0.00,-,-,-,-,-,-,-3.70,5,HLBQ,HLBQ2-27,2026-06-12
Jun 2026,-,-,-,-,0.00,-,-,-,-,-,-,-11.83,"1,018",HLBM,HLBMJUN-26,2026-06-12
Jul 2026,-,-,-,-,0.00,-,20,20,-,-,-,-12.50,136,HLBM,HLBMJUL-26,2026-06-12
Aug 2026,-,-,-,-,0.00,-,-,-,-,-,-,-6.95,25,HLBM,HLBMAUG-26,2026-06-12
Sep 2026,-,-,-,-,0.00,-,-,-,-,-,-,7.06,21,HLBM,HLBMSEP-26,2026-06-12
2027,-,-,49.50,16:04,0.10,11,28,39,49.15,49.50,49.10,49.55,"3,913",NSBY,NSBY-27,2026-06-12
2028,-,-,44.00,15:42,0.10,3,5,8,44.00,44.00,44.00,44.00,"1,640",NSBY,NSBY-28,2026-06-12
2029,-,-,43.75,14:43,0.10,6,-,6,43.75,43.75,43.65,43.75,662,NSBY,NSBY-29,2026-06-12
2030,-,-,45.40,09:02,-0.10,1,-,1,45.40,45.40,45.40,45.30,351,NSBY,NSBY-30,2026-06-12
2031,-,-,-,-,0.00,-,-,-,-,-,-,46.16,148,NSBY,NSBY-31,2026-06-12
2032,-,-,-,-,0.00,-,-,-,-,-,-,48.38,53,NSBY,NSBY-32,2026-06-12
2033,-,-,-,-,0.00,-,-,-,-,-,-,48.88,1,NSBY,NSBY-33,2026-06-12
2034,-,-,-,-,0.00,-,-,-,-,-,-,49.38,1,NSBY,NSBY-34,2026-06-12
2035,-,-,-,-,0.00,-,-,-,-,-,-,49.88,0,NSBY,NSBY-35,2026-06-12
2036,-,-,-,-,0.00,-,-,-,-,-,-,50.13,0,NSBY,NSBY-36,2026-06-12
Q3 2026,53.15,-,53.80,15:59,-0.50,63,118,181,54.00,54.00,52.80,53.80,"5,111",NSBQ,NSBQ3-26,2026-06-12
Q4 2026,75.55,77.45,76.80,15:59,-0.09,61,26,87,76.00,76.80,75.75,76.80,"4,843",NSBQ,NSBQ4-26,2026-06-12
Q1 2027,82.50,83.40,83.00,15:33,0.23,14,12,26,82.10,83.00,82.10,83.00,"1,171",NSBQ,NSBQ1-27,2026-06-12
Q2 2027,-,-,38.05,14:30,0.17,3,-,3,38.00,38.05,37.50,38.05,362,NSBQ,NSBQ2-27,2026-06-12
Q3 2027,-,-,-,-,0.00,-,-,-,-,-,-,28.20,350,NSBQ,NSBQ3-27,2026-06-12
Q4 2027,-,-,50.70,15:33,0.40,7,-,7,50.70,50.70,50.50,50.70,378,NSBQ,NSBQ4-27,2026-06-12
Q1 2028,-,69.00,-,-,0.00,-,-,-,-,-,-,68.40,176,NSBQ,NSBQ1-28,2026-06-12
Q2 2028,-,-,-,-,0.00,-,-,-,-,-,-,34.59,36,NSBQ,NSBQ2-28,2026-06-12
Q3 2028,-,-,-,-,0.00,-,-,-,-,-,-,25.05,49,NSBQ,NSBQ3-28,2026-06-12
Q4 2028,-,-,49.30,10:26,-0.15,2,-,2,49.30,49.30,49.30,49.30,71,NSBQ,NSBQ4-28,2026-06-12
Jun 2026,-,63.20,62.00,13:56,-0.50,7,-,7,62.50,62.50,61.70,62.00,"5,433",NSBM,NSBMJUN-26,2026-06-12
Jul 2026,-,-,47.15,16:22,-0.35,145,147,292,46.50,47.20,45.70,47.00,"1,356",NSBM,NSBMJUL-26,2026-06-12
Aug 2026,-,-,53.00,16:23,-0.13,8,165,173,52.00,53.00,52.00,53.00,440,NSBM,NSBMAUG-26,2026-06-12
Sep 2026,-,-,61.90,15:37,-0.55,9,-,9,61.95,61.95,61.70,61.95,291,NSBM,NSBMSEP-26,2026-06-12
Oct 2026,-,65.35,63.95,14:25,-1.20,4,-,4,64.00,64.00,63.95,64.50,120,NSBM,NSBMOCT-26,2026-06-12
Nov 2026,-,81.50,-,-,0.00,-,-,-,-,-,-,80.00,29,NSBM,NSBMNOV-26,2026-06-12
Dec 2026,-,-,-,-,0.00,-,-,-,-,-,-,85.00,43,NSBM,NSBMDEC-26,2026-06-12
2027,-,-,-,-,0.00,-,6,6,-,-,-,-0.95,709,HLBY,HLBY-27,2026-06-13
2028,-,-,-,-,0.00,-,2,2,-,-,-,1.25,318,HLBY,HLBY-28,2026-06-13
2029,-,-,-,-,0.00,-,-,-,-,-,-,1.10,83,HLBY,HLBY-29,2026-06-13
2030,-,-,-,-,0.00,-,-,-,-,-,-,0.70,50,HLBY,HLBY-30,2026-06-13
Q3 2026,-,-,-,-,0.00,-,1,1,-,-,-,-3.25,854,HLBQ,HLBQ3-26,2026-06-13
Q4 2026,-,-,-,-,0.00,-,1,1,-,-,-,-1.50,963,HLBQ,HLBQ4-26,2026-06-13
Q1 2027,-,-,-,-,0.00,-,2,2,-,-,-,1.25,164,HLBQ,HLBQ1-27,2026-06-13
Q2 2027,-,-,-,-,0.00,-,-,-,-,-,-,-3.12,5,HLBQ,HLBQ2-27,2026-06-13
Jun 2026,-,-,-,-,0.00,-,-,-,-,-,-,-10.98,"1,018",HLBM,HLBMJUN-26,2026-06-13
Jul 2026,-,-,-,-,0.00,-,-,-,-,-,-,-12.21,136,HLBM,HLBMJUL-26,2026-06-13
Aug 2026,-,-,-,-,0.00,-,-,-,-,-,-,-6.01,25,HLBM,HLBMAUG-26,2026-06-13
Sep 2026,-,-,-,-,0.00,-,-,-,-,-,-,7.86,21,HLBM,HLBMSEP-26,2026-06-13
2027,-,-,48.25,16:02,-1.30,35,34,69,48.55,48.55,48.00,48.30,"3,924",NSBY,NSBY-27,2026-06-13
2028,-,-,-,-,0.00,-,3,3,-,-,-,44.00,"1,643",NSBY,NSBY-28,2026-06-13
2029,-,44.30,43.50,15:55,-0.25,1,1,2,43.50,43.50,43.50,43.50,664,NSBY,NSBY-29,2026-06-13
2030,44.25,-,-,-,0.00,-,-,-,-,-,-,45.30,351,NSBY,NSBY-30,2026-06-13
2031,-,-,-,-,0.00,-,-,-,-,-,-,46.16,148,NSBY,NSBY-31,2026-06-13
2032,-,-,-,-,0.00,-,-,-,-,-,-,48.38,53,NSBY,NSBY-32,2026-06-13
2033,-,-,-,-,0.00,-,-,-,-,-,-,48.88,1,NSBY,NSBY-33,2026-06-13
2034,-,-,-,-,0.00,-,-,-,-,-,-,49.38,1,NSBY,NSBY-34,2026-06-13
2035,-,-,-,-,0.00,-,-,-,-,-,-,49.88,0,NSBY,NSBY-35,2026-06-13
2036,-,-,-,-,0.00,-,-,-,-,-,-,50.13,0,NSBY,NSBY-36,2026-06-13
Q3 2026,-,53.50,51.75,15:59,-2.05,149,40,189,52.85,52.85,51.30,51.75,"5,091",NSBQ,NSBQ3-26,2026-06-13
Q4 2026,-,75.71,73.85,16:03,-2.95,100,30,130,75.90,76.00,73.25,73.75,"4,871",NSBQ,NSBQ4-26,2026-06-13
Q1 2027,-,81.75,80.40,15:59,-2.60,14,47,61,81.75,81.75,80.30,80.40,"1,186",NSBQ,NSBQ1-27,2026-06-13
Q2 2027,-,-,36.40,15:59,-1.65,5,6,11,37.40,37.40,36.40,36.40,371,NSBQ,NSBQ2-27,2026-06-13
Q3 2027,-,-,26.75,15:59,-1.45,9,-,9,26.75,26.80,26.75,26.78,359,NSBQ,NSBQ3-27,2026-06-13
Q4 2027,49.70,-,49.75,12:52,-0.95,6,-,6,50.00,50.00,49.75,50.30,381,NSBQ,NSBQ4-27,2026-06-13
Q1 2028,-,-,68.00,15:15,-0.40,4,-,4,67.60,68.00,67.60,68.00,178,NSBQ,NSBQ1-28,2026-06-13
Q2 2028,-,-,33.65,11:05,-0.94,4,-,4,33.75,33.75,33.65,33.68,40,NSBQ,NSBQ2-28,2026-06-13
Q3 2028,-,-,-,-,0.00,-,-,-,-,-,-,25.06,49,NSBQ,NSBQ3-28,2026-06-13
Q4 2028,-,-,-,-,0.00,-,-,-,-,-,-,49.30,71,NSBQ,NSBQ4-28,2026-06-13
Jun 2026,-,61.05,59.75,15:27,-2.25,13,19,32,60.95,60.95,59.75,60.10,"5,437",NSBM,NSBMJUN-26,2026-06-13
Jul 2026,-,-,44.44,15:38,-2.56,107,43,150,46.25,46.25,44.25,44.65,"1,201",NSBM,NSBMJUL-26,2026-06-13
Aug 2026,-,51.35,50.65,15:38,-2.35,12,20,32,52.00,52.00,50.50,50.98,392,NSBM,NSBMAUG-26,2026-06-13
Sep 2026,-,61.30,59.95,15:12,-2.00,9,10,19,60.25,60.60,59.95,60.30,306,NSBM,NSBMSEP-26,2026-06-13
Oct 2026,-,63.65,63.60,09:37,-0.90,3,-,3,63.60,63.60,63.60,61.88,121,NSBM,NSBMOCT-26,2026-06-13
Nov 2026,-,-,77.22,11:08,-2.78,3,-,3,77.22,77.22,77.22,76.79,32,NSBM,NSBMNOV-26,2026-06-13
Dec 2026,-,-,-,-,0.00,-,-,-,-,-,-,83.25,43,NSBM,NSBMDEC-26,2026-06-13
2027,-,-,-,-,0.00,-,6,6,-,-,-,-0.95,709,HLBY,HLBY-27,2026-06-14
2028,-,-,-,-,0.00,-,2,2,-,-,-,1.25,318,HLBY,HLBY-28,2026-06-14
2029,-,-,-,-,0.00,-,-,-,-,-,-,1.10,83,HLBY,HLBY-29,2026-06-14
2030,-,-,-,-,0.00,-,-,-,-,-,-,0.70,50,HLBY,HLBY-30,2026-06-14
Q3 2026,-,-,-,-,0.00,-,1,1,-,-,-,-3.25,854,HLBQ,HLBQ3-26,2026-06-14
Q4 2026,-,-,-,-,0.00,-,1,1,-,-,-,-1.50,963,HLBQ,HLBQ4-26,2026-06-14
Q1 2027,-,-,-,-,0.00,-,2,2,-,-,-,1.25,164,HLBQ,HLBQ1-27,2026-06-14
Q2 2027,-,-,-,-,0.00,-,-,-,-,-,-,-3.12,5,HLBQ,HLBQ2-27,2026-06-14
Jun 2026,-,-,-,-,0.00,-,-,-,-,-,-,-10.98,"1,018",HLBM,HLBMJUN-26,2026-06-14
Jul 2026,-,-,-,-,0.00,-,-,-,-,-,-,-12.21,136,HLBM,HLBMJUL-26,2026-06-14
Aug 2026,-,-,-,-,0.00,-,-,-,-,-,-,-6.01,25,HLBM,HLBMAUG-26,2026-06-14
Sep 2026,-,-,-,-,0.00,-,-,-,-,-,-,7.86,21,HLBM,HLBMSEP-26,2026-06-14
2027,-,-,48.25,16:02,-1.30,35,34,69,48.55,48.55,48.00,48.30,"3,924",NSBY,NSBY-27,2026-06-14
2028,-,-,-,-,0.00,-,3,3,-,-,-,44.00,"1,643",NSBY,NSBY-28,2026-06-14
2029,-,44.30,43.50,15:55,-0.25,1,1,2,43.50,43.50,43.50,43.50,664,NSBY,NSBY-29,2026-06-14
2030,44.25,-,-,-,0.00,-,-,-,-,-,-,45.30,351,NSBY,NSBY-30,2026-06-14
2031,-,-,-,-,0.00,-,-,-,-,-,-,46.16,148,NSBY,NSBY-31,2026-06-14
2032,-,-,-,-,0.00,-,-,-,-,-,-,48.38,53,NSBY,NSBY-32,2026-06-14
2033,-,-,-,-,0.00,-,-,-,-,-,-,48.88,1,NSBY,NSBY-33,2026-06-14
2034,-,-,-,-,0.00,-,-,-,-,-,-,49.38,1,NSBY,NSBY-34,2026-06-14
2035,-,-,-,-,0.00,-,-,-,-,-,-,49.88,0,NSBY,NSBY-35,2026-06-14
2036,-,-,-,-,0.00,-,-,-,-,-,-,50.13,0,NSBY,NSBY-36,2026-06-14
Q3 2026,-,53.50,51.75,15:59,-2.05,149,40,189,52.85,52.85,51.30,51.75,"5,091",NSBQ,NSBQ3-26,2026-06-14
Q4 2026,-,75.71,73.85,16:03,-2.95,100,30,130,75.90,76.00,73.25,73.75,"4,871",NSBQ,NSBQ4-26,2026-06-14
Q1 2027,-,81.75,80.40,15:59,-2.60,14,47,61,81.75,81.75,80.30,80.40,"1,186",NSBQ,NSBQ1-27,2026-06-14
Q2 2027,-,-,36.40,15:59,-1.65,5,6,11,37.40,37.40,36.40,36.40,371,NSBQ,NSBQ2-27,2026-06-14
Q3 2027,-,-,26.75,15:59,-1.45,9,-,9,26.75,26.80,26.75,26.78,359,NSBQ,NSBQ3-27,2026-06-14
Q4 2027,49.70,-,49.75,12:52,-0.95,6,-,6,50.00,50.00,49.75,50.30,381,NSBQ,NSBQ4-27,2026-06-14
Q1 2028,-,-,68.00,15:15,-0.40,4,-,4,67.60,68.00,67.60,68.00,178,NSBQ,NSBQ1-28,2026-06-14
Q2 2028,-,-,33.65,11:05,-0.94,4,-,4,33.75,33.75,33.65,33.68,40,NSBQ,NSBQ2-28,2026-06-14
Q3 2028,-,-,-,-,0.00,-,-,-,-,-,-,25.06,49,NSBQ,NSBQ3-28,2026-06-14
Q4 2028,-,-,-,-,0.00,-,-,-,-,-,-,49.30,71,NSBQ,NSBQ4-28,2026-06-14
Jun 2026,-,61.05,59.75,15:27,-2.25,13,19,32,60.95,60.95,59.75,60.10,"5,437",NSBM,NSBMJUN-26,2026-06-14
Jul 2026,-,-,44.44,15:38,-2.56,107,43,150,46.25,46.25,44.25,44.65,"1,201",NSBM,NSBMJUL-26,2026-06-14
Aug 2026,-,51.35,50.65,15:38,-2.35,12,20,32,52.00,52.00,50.50,50.98,392,NSBM,NSBMAUG-26,2026-06-14
Sep 2026,-,61.30,59.95,15:12,-2.00,9,10,19,60.25,60.60,59.95,60.30,306,NSBM,NSBMSEP-26,2026-06-14
Oct 2026,-,63.65,63.60,09:37,-0.90,3,-,3,63.60,63.60,63.60,61.88,121,NSBM,NSBMOCT-26,2026-06-14
Nov 2026,-,-,77.22,11:08,-2.78,3,-,3,77.22,77.22,77.22,76.79,32,NSBM,NSBMNOV-26,2026-06-14
Dec 2026,-,-,-,-,0.00,-,-,-,-,-,-,83.25,43,NSBM,NSBMDEC-26,2026-06-14
2027,-,-,-,-,0.00,-,6,6,-,-,-,-0.95,709,HLBY,HLBY-27,2026-06-15
2028,-,-,-,-,0.00,-,2,2,-,-,-,1.25,318,HLBY,HLBY-28,2026-06-15
2029,-,-,-,-,0.00,-,-,-,-,-,-,1.10,83,HLBY,HLBY-29,2026-06-15
2030,-,-,-,-,0.00,-,-,-,-,-,-,0.70,50,HLBY,HLBY-30,2026-06-15
Q3 2026,-,-,-,-,0.00,-,1,1,-,-,-,-3.25,854,HLBQ,HLBQ3-26,2026-06-15
Q4 2026,-,-,-,-,0.00,-,1,1,-,-,-,-1.50,963,HLBQ,HLBQ4-26,2026-06-15
Q1 2027,-,-,-,-,0.00,-,2,2,-,-,-,1.25,164,HLBQ,HLBQ1-27,2026-06-15
Q2 2027,-,-,-,-,0.00,-,-,-,-,-,-,-3.12,5,HLBQ,HLBQ2-27,2026-06-15
Jun 2026,-,-,-,-,0.00,-,-,-,-,-,-,-10.98,"1,018",HLBM,HLBMJUN-26,2026-06-15
Jul 2026,-,-,-,-,0.00,-,-,-,-,-,-,-12.21,136,HLBM,HLBMJUL-26,2026-06-15
Aug 2026,-,-,-,-,0.00,-,-,-,-,-,-,-6.01,25,HLBM,HLBMAUG-26,2026-06-15
Sep 2026,-,-,-,-,0.00,-,-,-,-,-,-,7.86,21,HLBM,HLBMSEP-26,2026-06-15
2027,-,-,48.25,16:02,-1.30,35,34,69,48.55,48.55,48.00,48.30,"3,924",NSBY,NSBY-27,2026-06-15
2028,-,-,-,-,0.00,-,3,3,-,-,-,44.00,"1,643",NSBY,NSBY-28,2026-06-15
2029,-,44.30,43.50,15:55,-0.25,1,1,2,43.50,43.50,43.50,43.50,664,NSBY,NSBY-29,2026-06-15
2030,44.25,-,-,-,0.00,-,-,-,-,-,-,45.30,351,NSBY,NSBY-30,2026-06-15
2031,-,-,-,-,0.00,-,-,-,-,-,-,46.16,148,NSBY,NSBY-31,2026-06-15
2032,-,-,-,-,0.00,-,-,-,-,-,-,48.38,53,NSBY,NSBY-32,2026-06-15
2033,-,-,-,-,0.00,-,-,-,-,-,-,48.88,1,NSBY,NSBY-33,2026-06-15
2034,-,-,-,-,0.00,-,-,-,-,-,-,49.38,1,NSBY,NSBY-34,2026-06-15
2035,-,-,-,-,0.00,-,-,-,-,-,-,49.88,0,NSBY,NSBY-35,2026-06-15
2036,-,-,-,-,0.00,-,-,-,-,-,-,50.13,0,NSBY,NSBY-36,2026-06-15
Q3 2026,-,53.50,51.75,15:59,-2.05,149,40,189,52.85,52.85,51.30,51.75,"5,091",NSBQ,NSBQ3-26,2026-06-15
Q4 2026,-,75.71,73.85,16:03,-2.95,100,30,130,75.90,76.00,73.25,73.75,"4,871",NSBQ,NSBQ4-26,2026-06-15
Q1 2027,-,81.75,80.40,15:59,-2.60,14,47,61,81.75,81.75,80.30,80.40,"1,186",NSBQ,NSBQ1-27,2026-06-15
Q2 2027,-,-,36.40,15:59,-1.65,5,6,11,37.40,37.40,36.40,36.40,371,NSBQ,NSBQ2-27,2026-06-15
Q3 2027,-,-,26.75,15:59,-1.45,9,-,9,26.75,26.80,26.75,26.78,359,NSBQ,NSBQ3-27,2026-06-15
Q4 2027,49.70,-,49.75,12:52,-0.95,6,-,6,50.00,50.00,49.75,50.30,381,NSBQ,NSBQ4-27,2026-06-15
Q1 2028,-,-,68.00,15:15,-0.40,4,-,4,67.60,68.00,67.60,68.00,178,NSBQ,NSBQ1-28,2026-06-15
Q2 2028,-,-,33.65,11:05,-0.94,4,-,4,33.75,33.75,33.65,33.68,40,NSBQ,NSBQ2-28,2026-06-15
Q3 2028,-,-,-,-,0.00,-,-,-,-,-,-,25.06,49,NSBQ,NSBQ3-28,2026-06-15
Q4 2028,-,-,-,-,0.00,-,-,-,-,-,-,49.30,71,NSBQ,NSBQ4-28,2026-06-15
Jun 2026,-,61.05,59.75,15:27,-2.25,13,19,32,60.95,60.95,59.75,60.10,"5,437",NSBM,NSBMJUN-26,2026-06-15
Jul 2026,-,-,44.44,15:38,-2.56,107,43,150,46.25,46.25,44.25,44.65,"1,201",NSBM,NSBMJUL-26,2026-06-15
Aug 2026,-,51.35,50.65,15:38,-2.35,12,20,32,52.00,52.00,50.50,50.98,392,NSBM,NSBMAUG-26,2026-06-15
Sep 2026,-,61.30,59.95,15:12,-2.00,9,10,19,60.25,60.60,59.95,60.30,306,NSBM,NSBMSEP-26,2026-06-15
Oct 2026,-,63.65,63.60,09:37,-0.90,3,-,3,63.60,63.60,63.60,61.88,121,NSBM,NSBMOCT-26,2026-06-15
Nov 2026,-,-,77.22,11:08,-2.78,3,-,3,77.22,77.22,77.22,76.79,32,NSBM,NSBMNOV-26,2026-06-15
Dec 2026,-,-,-,-,0.00,-,-,-,-,-,-,83.25,43,NSBM,NSBMDEC-26,2026-06-15
2027,-,-,-,-,0.00,-,2,2,-,-,-,-0.75,709,HLBY,HLBY-27,2026-06-16
2028,-,-,-,-,0.00,-,-,-,-,-,-,1.33,318,HLBY,HLBY-28,2026-06-16
2029,-,-,-,-,0.00,-,-,-,-,-,-,1.13,83,HLBY,HLBY-29,2026-06-16
2030,-,-,-,-,0.00,-,-,-,-,-,-,1.28,50,HLBY,HLBY-30,2026-06-16
Q3 2026,-,-,-,-,0.00,-,-,-,-,-,-,-3.86,854,HLBQ,HLBQ3-26,2026-06-16
Q4 2026,-,-,-,-,0.00,-,5,5,-,-,-,-1.85,958,HLBQ,HLBQ4-26,2026-06-16
Q1 2027,-,-,-,-,0.00,-,5,5,-,-,-,1.25,166,HLBQ,HLBQ1-27,2026-06-16
Q2 2027,-,-,-,-,0.00,-,-,-,-,-,-,-3.06,5,HLBQ,HLBQ2-27,2026-06-16
Jun 2026,-,-,-,-,0.00,-,-,-,-,-,-,-11.02,"1,018",HLBM,HLBMJUN-26,2026-06-16
Jul 2026,-,-,-11.50,15:54,0.71,5,18,23,-11.50,-11.50,-11.50,-11.50,147,HLBM,HLBMJUL-26,2026-06-16
Aug 2026,-,-,-,-,0.00,-,9,9,-,-,-,-6.25,33,HLBM,HLBMAUG-26,2026-06-16
Sep 2026,-,-,7.44,09:16,-0.42,3,-,3,7.44,7.44,7.44,7.44,23,HLBM,HLBMSEP-26,2026-06-16
2027,-,-,47.50,15:59,-0.80,20,15,35,47.35,47.75,47.25,47.50,"3,931",NSBY,NSBY-27,2026-06-16
2028,43.35,-,44.00,15:58,0.00,3,-,3,43.80,44.00,43.80,44.00,"1,645",NSBY,NSBY-28,2026-06-16
2029,42.50,-,-,-,0.00,-,-,-,-,-,-,43.58,664,NSBY,NSBY-29,2026-06-16
2030,-,-,-,-,0.00,-,-,-,-,-,-,45.30,351,NSBY,NSBY-30,2026-06-16
2031,-,-,-,-,0.00,-,-,-,-,-,-,46.16,148,NSBY,NSBY-31,2026-06-16
2032,-,-,-,-,0.00,-,-,-,-,-,-,48.38,53,NSBY,NSBY-32,2026-06-16
2033,-,-,-,-,0.00,-,-,-,-,-,-,48.88,1,NSBY,NSBY-33,2026-06-16
2034,-,-,-,-,0.00,-,-,-,-,-,-,49.38,1,NSBY,NSBY-34,2026-06-16
2035,-,-,-,-,0.00,-,-,-,-,-,-,49.88,0,NSBY,NSBY-35,2026-06-16
2036,-,-,-,-,0.00,-,-,-,-,-,-,50.13,0,NSBY,NSBY-36,2026-06-16
Q3 2026,-,53.50,51.40,16:01,-0.35,95,169,264,51.00,51.40,50.25,51.37,"5,187",NSBQ,NSBQ3-26,2026-06-16
Q4 2026,-,-,71.75,15:55,-2.00,88,175,263,72.00,72.25,71.00,71.75,"4,824",NSBQ,NSBQ4-26,2026-06-16
Q1 2027,-,-,78.40,15:59,-2.00,29,5,34,78.35,78.65,78.35,78.40,"1,184",NSBQ,NSBQ1-27,2026-06-16
Q2 2027,-,-,36.21,14:13,-0.19,2,-,2,36.21,36.21,36.21,36.21,373,NSBQ,NSBQ2-27,2026-06-16
Q3 2027,-,-,-,-,0.00,-,-,-,-,-,-,26.75,359,NSBQ,NSBQ3-27,2026-06-16
Q4 2027,-,-,50.75,15:34,0.45,3,-,3,50.75,50.75,50.75,50.75,383,NSBQ,NSBQ4-27,2026-06-16
Q1 2028,67.50,-,67.90,14:05,-0.10,2,-,2,68.10,68.10,67.90,67.65,180,NSBQ,NSBQ1-28,2026-06-16
Q2 2028,-,-,-,-,0.00,-,-,-,-,-,-,33.55,40,NSBQ,NSBQ2-28,2026-06-16
Q3 2028,-,-,24.90,14:10,-0.16,1,-,1,24.90,24.90,24.90,24.90,50,NSBQ,NSBQ3-28,2026-06-16
Q4 2028,-,-,-,-,0.00,-,-,-,-,-,-,49.28,71,NSBQ,NSBQ4-28,2026-06-16
Jun 2026,-,-,-,-,0.00,-,-,-,-,-,-,62.42,"5,437",NSBM,NSBMJUN-26,2026-06-16
Jul 2026,-,-,44.60,15:55,-0.05,89,31,120,43.75,45.00,43.50,44.60,"1,224",NSBM,NSBMJUL-26,2026-06-16
Aug 2026,-,-,50.60,15:59,-0.38,11,30,41,49.75,50.75,49.60,50.60,421,NSBM,NSBMAUG-26,2026-06-16
Sep 2026,-,-,59.50,15:48,-0.80,13,9,22,58.90,60.00,58.80,59.30,309,NSBM,NSBMSEP-26,2026-06-16
Oct 2026,-,-,-,-,0.00,-,-,-,-,-,-,59.90,121,NSBM,NSBMOCT-26,2026-06-16
Nov 2026,-,-,-,-,0.00,-,-,-,-,-,-,74.05,32,NSBM,NSBMNOV-26,2026-06-16
Dec 2026,-,-,-,-,0.00,-,-,-,-,-,-,80.32,43,NSBM,NSBMDEC-26,2026-06-16
2027,-,-,-0.60,15:58,0.15,3,11,14,-0.70,-0.60,-0.70,-0.60,719,HLBY,HLBY-27,2026-06-17
2028,-,-,-,-,0.00,-,-,-,-,-,-,1.35,318,HLBY,HLBY-28,2026-06-17
2029,-,-,-,-,0.00,-,1,1,-,-,-,1.35,85,HLBY,HLBY-29,2026-06-17
2030,-,-,-,-,0.00,-,3,3,-,-,-,1.35,50,HLBY,HLBY-30,2026-06-17
Q3 2026,-,-,-,-,0.00,-,-,-,-,-,-,-3.73,854,HLBQ,HLBQ3-26,2026-06-17
Q4 2026,-,-,-1.40,15:05,0.45,3,9,12,-1.40,-1.40,-1.40,-1.40,966,HLBQ,HLBQ4-26,2026-06-17
Q1 2027,-,-,-,-,0.00,-,-,-,-,-,-,1.13,166,HLBQ,HLBQ1-27,2026-06-17
Q2 2027,-,-,-,-,0.00,-,-,-,-,-,-,-3.12,5,HLBQ,HLBQ2-27,2026-06-17
Jun 2026,-,-,-,-,0.00,-,-,-,-,-,-,-12.46,"1,018",HLBM,HLBMJUN-26,2026-06-17
Jul 2026,-,-,-,-,0.00,-,-,-,-,-,-,-12.12,147,HLBM,HLBMJUL-26,2026-06-17
Aug 2026,-,-,-,-,0.00,-,6,6,-,-,-,-6.25,37,HLBM,HLBMAUG-26,2026-06-17
Sep 2026,-,-,-,-,0.00,-,-,-,-,-,-,7.55,23,HLBM,HLBMSEP-26,2026-06-17
2027,-,-,47.70,16:12,0.20,13,43,56,47.75,47.75,47.50,47.70,"3,968",NSBY,NSBY-27,2026-06-17
2028,43.35,-,43.90,16:02,-0.10,9,5,14,43.85,43.90,43.85,43.90,"1,657",NSBY,NSBY-28,2026-06-17
2029,42.50,-,43.75,16:12,0.17,2,2,4,43.90,43.90,43.75,43.75,667,NSBY,NSBY-29,2026-06-17
2030,44.25,-,45.10,13:12,-0.20,1,-,1,45.10,45.10,45.10,45.10,352,NSBY,NSBY-30,2026-06-17
2031,-,-,-,-,0.00,-,-,-,-,-,-,46.16,148,NSBY,NSBY-31,2026-06-17
2032,-,-,-,-,0.00,-,-,-,-,-,-,48.38,53,NSBY,NSBY-32,2026-06-17
2033,-,-,-,-,0.00,-,-,-,-,-,-,48.88,1,NSBY,NSBY-33,2026-06-17
2034,-,-,-,-,0.00,-,-,-,-,-,-,49.38,1,NSBY,NSBY-34,2026-06-17
2035,-,-,-,-,0.00,-,-,-,-,-,-,49.88,0,NSBY,NSBY-35,2026-06-17
2036,-,-,-,-,0.00,-,-,-,-,-,-,50.13,0,NSBY,NSBY-36,2026-06-17
Q3 2026,-,-,52.75,15:57,1.38,180,171,351,52.50,53.05,51.50,52.75,"5,245",NSBQ,NSBQ3-26,2026-06-17
Q4 2026,-,72.40,72.00,16:06,0.25,86,178,264,71.80,72.00,70.80,71.95,"5,005",NSBQ,NSBQ4-26,2026-06-17
Q1 2027,-,-,78.30,15:56,-0.10,17,5,22,78.80,78.80,78.00,78.30,"1,197",NSBQ,NSBQ1-27,2026-06-17
Q2 2027,-,-,36.40,14:24,0.19,6,-,6,36.45,36.45,36.40,36.40,376,NSBQ,NSBQ2-27,2026-06-17
Q3 2027,-,-,26.75,15:44,0.00,6,-,6,26.75,26.75,26.75,26.75,364,NSBQ,NSBQ3-27,2026-06-17
Q4 2027,49.65,-,50.50,15:50,-0.25,9,10,19,50.25,50.50,50.25,50.50,398,NSBQ,NSBQ4-27,2026-06-17
Q1 2028,67.50,-,67.95,15:25,0.30,8,-,8,68.10,68.10,67.90,67.95,188,NSBQ,NSBQ1-28,2026-06-17
Q2 2028,-,-,-,-,0.00,-,-,-,-,-,-,34.23,40,NSBQ,NSBQ2-28,2026-06-17
Q3 2028,-,-,-,-,0.00,-,-,-,-,-,-,24.45,50,NSBQ,NSBQ3-28,2026-06-17
Q4 2028,-,-,-,-,0.00,-,-,-,-,-,-,50.05,71,NSBQ,NSBQ4-28,2026-06-17
Jun 2026,-,64.70,61.25,13:43,-1.17,5,-,5,61.25,61.25,61.25,61.25,"5,442",NSBM,NSBMJUN-26,2026-06-17
Jul 2026,-,-,47.40,15:56,2.80,166,50,216,46.00,47.40,45.50,47.40,"1,229",NSBM,NSBMJUL-26,2026-06-17
Aug 2026,-,-,51.70,15:59,1.10,59,40,99,51.10,51.75,50.75,51.70,470,NSBM,NSBMAUG-26,2026-06-17
Sep 2026,-,-,59.10,15:51,-0.20,23,5,28,60.00,60.00,58.80,59.10,328,NSBM,NSBMSEP-26,2026-06-17
Oct 2026,-,-,-,-,0.00,-,-,-,-,-,-,60.90,121,NSBM,NSBMOCT-26,2026-06-17
Nov 2026,-,-,74.20,13:29,0.15,2,9,11,74.20,74.20,74.20,74.25,42,NSBM,NSBMNOV-26,2026-06-17
Dec 2026,-,-,79.90,15:47,-0.42,3,9,12,79.50,79.90,79.50,79.90,45,NSBM,NSBMDEC-26,2026-06-17
2027,-,-,-,-,0.00,-,4,4,-,-,-,-0.55,720,HLBY,HLBY-27,2026-06-18
2028,-,-,-,-,0.00,-,-,-,-,-,-,1.13,318,HLBY,HLBY-28,2026-06-18
2029,-,-,-,-,0.00,-,-,-,-,-,-,1.13,85,HLBY,HLBY-29,2026-06-18
2030,-,-,-,-,0.00,-,-,-,-,-,-,1.34,50,HLBY,HLBY-30,2026-06-18
Q3 2026,-,-,-,-,0.00,-,-,-,-,-,-,-4.19,854,HLBQ,HLBQ3-26,2026-06-18
Q4 2026,-,-,-1.25,15:52,0.15,1,8,9,-1.25,-1.25,-1.25,-1.25,974,HLBQ,HLBQ4-26,2026-06-18
Q1 2027,-,-,-,-,0.00,-,-,-,-,-,-,1.38,166,HLBQ,HLBQ1-27,2026-06-18
Q2 2027,-,-,-,-,0.00,-,-,-,-,-,-,-3.08,5,HLBQ,HLBQ2-27,2026-06-18
Jun 2026,-,-,-,-,0.00,-,-,-,-,-,-,-13.38,"1,018",HLBM,HLBMJUN-26,2026-06-18
Jul 2026,-,-,-13.00,15:16,-0.88,1,20,21,-13.00,-13.00,-13.00,-13.00,164,HLBM,HLBMJUL-26,2026-06-18
Aug 2026,-,-,-,-,0.00,-,10,10,-,-,-,-6.65,47,HLBM,HLBMAUG-26,2026-06-18
Sep 2026,-,-,8.00,15:45,0.45,4,-,4,8.00,8.00,8.00,8.00,25,HLBM,HLBMSEP-26,2026-06-18
2027,-,-,47.15,15:39,-0.55,34,41,75,47.70,47.70,47.15,47.15,"3,949",NSBY,NSBY-27,2026-06-18
2028,43.35,-,43.75,15:37,-0.15,7,6,13,43.90,43.90,43.75,43.75,"1,668",NSBY,NSBY-28,2026-06-18
2029,42.50,-,43.50,16:05,-0.25,3,8,11,43.70,43.70,43.50,43.50,677,NSBY,NSBY-29,2026-06-18
2030,44.25,-,-,-,0.00,-,5,5,-,-,-,45.00,357,NSBY,NSBY-30,2026-06-18
2031,-,-,-,-,0.00,-,-,-,-,-,-,45.88,148,NSBY,NSBY-31,2026-06-18
2032,-,-,-,-,0.00,-,-,-,-,-,-,48.38,53,NSBY,NSBY-32,2026-06-18
2033,-,-,-,-,0.00,-,-,-,-,-,-,48.88,1,NSBY,NSBY-33,2026-06-18
2034,-,-,-,-,0.00,-,-,-,-,-,-,49.38,1,NSBY,NSBY-34,2026-06-18
2035,-,-,-,-,0.00,-,-,-,-,-,-,49.88,0,NSBY,NSBY-35,2026-06-18
2036,-,-,-,-,0.00,-,-,-,-,-,-,50.13,0,NSBY,NSBY-36,2026-06-18
Q3 2026,-,-,51.50,15:56,-1.25,93,238,331,53.00,53.10,51.30,51.38,"5,255",NSBQ,NSBQ3-26,2026-06-18
Q4 2026,70.10,70.95,70.35,15:58,-1.60,95,219,314,71.50,71.80,70.35,70.44,"5,085",NSBQ,NSBQ4-26,2026-06-18
Q1 2027,-,-,77.10,15:55,-1.20,13,6,19,78.50,78.50,77.10,77.10,"1,211",NSBQ,NSBQ1-27,2026-06-18
Q2 2027,-,-,35.95,15:48,-0.45,7,48,55,36.30,36.30,35.95,35.95,425,NSBQ,NSBQ2-27,2026-06-18
Q3 2027,-,-,26.80,15:41,0.05,1,28,29,26.80,26.80,26.80,26.60,393,NSBQ,NSBQ3-27,2026-06-18
Q4 2027,48.70,-,49.90,15:56,-0.60,13,3,16,50.50,50.50,49.90,49.90,405,NSBQ,NSBQ4-27,2026-06-18
Q1 2028,-,-,67.50,15:48,-0.45,5,-,5,67.90,67.90,67.50,67.50,193,NSBQ,NSBQ1-28,2026-06-18
Q2 2028,-,34.25,34.00,10:42,-0.23,3,-,3,34.50,34.50,34.00,34.00,43,NSBQ,NSBQ2-28,2026-06-18
Q3 2028,-,25.25,24.00,15:58,-0.45,3,-,3,24.00,24.00,24.00,24.00,51,NSBQ,NSBQ3-28,2026-06-18
Q4 2028,48.50,-,49.60,12:43,-0.45,1,11,12,49.60,49.60,49.60,49.60,77,NSBQ,NSBQ4-28,2026-06-18
Jun 2026,-,-,-,-,0.00,-,-,-,-,-,-,60.25,"5,442",NSBM,NSBMJUN-26,2026-06-18
Jul 2026,-,48.10,45.40,15:59,-2.00,65,53,118,48.00,48.07,45.35,45.68,"1,240",NSBM,NSBMJUL-26,2026-06-18
Aug 2026,-,-,51.25,15:50,-0.45,24,27,51,52.20,52.20,51.25,51.20,510,NSBM,NSBMAUG-26,2026-06-18
Sep 2026,-,-,57.85,15:59,-1.25,25,9,34,59.00,59.00,57.75,57.85,361,NSBM,NSBMSEP-26,2026-06-18
Oct 2026,-,-,58.50,15:52,-2.40,3,-,3,59.50,59.50,58.50,58.50,121,NSBM,NSBMOCT-26,2026-06-18
Nov 2026,-,-,74.45,15:48,0.20,3,-,3,74.45,74.45,74.45,74.15,45,NSBM,NSBMNOV-26,2026-06-18
Dec 2026,-,-,80.10,15:00,0.20,8,-,8,80.25,80.25,80.10,79.33,53,NSBM,NSBMDEC-26,2026-06-18
2027,-,-,-0.50,14:41,0.05,4,5,9,-0.50,-0.50,-0.50,-0.50,723,HLBY,HLBY-27,2026-06-19
2028,-,-,-,-,0.00,-,8,8,-,-,-,1.45,326,HLBY,HLBY-28,2026-06-19
2029,-,-,-,-,0.00,-,-,-,-,-,-,1.25,85,HLBY,HLBY-29,2026-06-19
2030,-,-,-,-,0.00,-,-,-,-,-,-,1.32,50,HLBY,HLBY-30,2026-06-19
Q3 2026,-,-,-,-,0.00,-,-,-,-,-,-,-4.03,854,HLBQ,HLBQ3-26,2026-06-19
Q4 2026,-,-,-1.00,15:49,0.25,2,4,6,-1.00,-1.00,-1.00,-1.00,979,HLBQ,HLBQ4-26,2026-06-19
Q1 2027,-,-,-,-,0.00,-,-,-,-,-,-,1.88,166,HLBQ,HLBQ1-27,2026-06-19
Q2 2027,-,-,-,-,0.00,-,-,-,-,-,-,-2.44,5,HLBQ,HLBQ2-27,2026-06-19
Jun 2026,-,-,-,-,0.00,-,-,-,-,-,-,-14.25,"1,018",HLBM,HLBMJUN-26,2026-06-19
Jul 2026,-,-,-,-,0.00,-,26,26,-,-,-,-13.10,182,HLBM,HLBMJUL-26,2026-06-19
Aug 2026,-,-,-,-,0.00,-,2,2,-,-,-,-7.19,47,HLBM,HLBMAUG-26,2026-06-19
Sep 2026,-,-,8.50,14:31,0.50,3,3,6,8.50,8.50,8.50,8.50,30,HLBM,HLBMSEP-26,2026-06-19
2027,-,-,46.35,16:02,-0.80,17,21,38,46.25,46.40,46.25,46.35,"3,957",NSBY,NSBY-27,2026-06-19
2028,-,-,43.55,15:54,-0.20,3,21,24,43.50,43.55,43.50,43.55,"1,678",NSBY,NSBY-28,2026-06-19
2029,-,-,43.35,15:25,-0.15,2,6,8,43.35,43.35,43.35,43.35,683,NSBY,NSBY-29,2026-06-19
2030,-,-,-,-,0.00,-,-,-,-,-,-,45.11,357,NSBY,NSBY-30,2026-06-19
2031,-,-,-,-,0.00,-,-,-,-,-,-,46.00,148,NSBY,NSBY-31,2026-06-19
2032,-,-,-,-,0.00,-,-,-,-,-,-,48.38,53,NSBY,NSBY-32,2026-06-19
2033,-,-,-,-,0.00,-,-,-,-,-,-,48.88,1,NSBY,NSBY-33,2026-06-19
2034,-,-,-,-,0.00,-,-,-,-,-,-,49.38,1,NSBY,NSBY-34,2026-06-19
2035,-,-,-,-,0.00,-,-,-,-,-,-,49.88,0,NSBY,NSBY-35,2026-06-19
2036,-,-,-,-,0.00,-,-,-,-,-,-,50.13,0,NSBY,NSBY-36,2026-06-19
Q3 2026,-,-,50.40,16:04,-0.98,94,138,232,50.10,50.50,50.00,50.40,"5,224",NSBQ,NSBQ3-26,2026-06-19
Q4 2026,68.75,69.20,69.00,15:50,-1.44,81,87,168,69.00,69.25,68.90,69.10,"5,080",NSBQ,NSBQ4-26,2026-06-19
Q1 2027,75.10,76.25,75.20,15:55,-1.90,27,19,46,75.76,75.76,75.10,75.20,"1,229",NSBQ,NSBQ1-27,2026-06-19
Q2 2027,-,-,35.45,15:54,-0.50,1,-,1,35.45,35.45,35.45,35.45,426,NSBQ,NSBQ2-27,2026-06-19
Q3 2027,-,-,26.00,15:56,-0.60,2,-,2,26.10,26.10,26.00,26.00,395,NSBQ,NSBQ3-27,2026-06-19
Q4 2027,-,-,49.35,15:57,-0.55,3,-,3,49.50,49.50,49.35,49.35,408,NSBQ,NSBQ4-27,2026-06-19
Q1 2028,-,-,-,-,0.00,-,-,-,-,-,-,67.25,193,NSBQ,NSBQ1-28,2026-06-19
Q2 2028,-,-,33.75,12:54,-0.25,1,-,1,33.75,33.75,33.75,33.75,44,NSBQ,NSBQ2-28,2026-06-19
Q3 2028,-,-,-,-,0.00,-,-,-,-,-,-,24.05,51,NSBQ,NSBQ3-28,2026-06-19
Q4 2028,-,-,-,-,0.00,-,-,-,-,-,-,49.49,77,NSBQ,NSBQ4-28,2026-06-19
Jun 2026,-,-,-,-,0.00,-,-,-,-,-,-,59.62,"5,442",NSBM,NSBMJUN-26,2026-06-19
Jul 2026,-,44.60,44.00,16:07,-1.68,146,113,259,44.75,44.75,43.95,44.00,"1,360",NSBM,NSBMJUL-26,2026-06-19
Aug 2026,49.30,-,50.90,16:02,-0.30,63,61,124,50.50,50.90,49.75,50.90,558,NSBM,NSBMAUG-26,2026-06-19
Sep 2026,-,-,56.90,15:53,-0.95,111,-,111,57.00,57.00,56.65,56.90,450,NSBM,NSBMSEP-26,2026-06-19
Oct 2026,57.25,-,57.50,15:54,-1.00,7,-,7,57.65,57.65,57.50,57.50,123,NSBM,NSBMOCT-26,2026-06-19
Nov 2026,-,-,-,-,0.00,-,-,-,-,-,-,72.03,45,NSBM,NSBMNOV-26,2026-06-19
Dec 2026,-,-,-,-,0.00,-,-,-,-,-,-,77.90,53,NSBM,NSBMDEC-26,2026-06-19
2027,-,-,-,-,0.00,-,-,-,-,-,-,-0.50,723,HLBY,HLBY-27,2026-06-20
2028,-,-,-,-,0.00,-,-,-,-,-,-,1.43,326,HLBY,HLBY-28,2026-06-20
2029,-,-,-,-,0.00,-,-,-,-,-,-,1.20,85,HLBY,HLBY-29,2026-06-20
2030,-,-,-,-,0.00,-,-,-,-,-,-,1.30,50,HLBY,HLBY-30,2026-06-20
Q3 2026,-,-,-,-,0.00,-,-,-,-,-,-,-4.25,854,HLBQ,HLBQ3-26,2026-06-20
Q4 2026,-,-,-,-,0.00,-,-,-,-,-,-,-1.60,979,HLBQ,HLBQ4-26,2026-06-20
Q1 2027,-,-,-,-,0.00,-,-,-,-,-,-,1.72,166,HLBQ,HLBQ1-27,2026-06-20
Q2 2027,-,-,-,-,0.00,-,-,-,-,-,-,-2.56,5,HLBQ,HLBQ2-27,2026-06-20
Jun 2026,-,-,-,-,0.00,-,-,-,-,-,-,-14.48,"1,018",HLBM,HLBMJUN-26,2026-06-20
Jul 2026,-,-,-,-,0.00,-,-,-,-,-,-,-13.37,182,HLBM,HLBMJUL-26,2026-06-20
Aug 2026,-,-,-,-,0.00,-,-,-,-,-,-,-7.45,47,HLBM,HLBMAUG-26,2026-06-20
Sep 2026,-,-,-,-,0.00,-,-,-,-,-,-,8.84,30,HLBM,HLBMSEP-26,2026-06-20
2027,-,-,46.75,14:51,0.40,23,6,29,46.80,46.90,46.70,46.60,"3,966",NSBY,NSBY-27,2026-06-20
2028,-,-,43.50,14:54,-0.05,7,25,32,43.55,43.65,43.50,43.50,"1,664",NSBY,NSBY-28,2026-06-20
2029,-,-,-,-,0.00,-,-,-,-,-,-,43.18,683,NSBY,NSBY-29,2026-06-20
2030,-,-,-,-,0.00,-,13,13,-,-,-,45.30,344,NSBY,NSBY-30,2026-06-20
2031,-,-,-,-,0.00,-,5,5,-,-,-,45.74,148,NSBY,NSBY-31,2026-06-20
2032,-,-,-,-,0.00,-,-,-,-,-,-,48.38,53,NSBY,NSBY-32,2026-06-20
2033,-,-,-,-,0.00,-,-,-,-,-,-,48.88,1,NSBY,NSBY-33,2026-06-20
2034,-,-,-,-,0.00,-,-,-,-,-,-,49.38,1,NSBY,NSBY-34,2026-06-20
2035,-,-,-,-,0.00,-,-,-,-,-,-,49.88,0,NSBY,NSBY-35,2026-06-20
2036,-,-,-,-,0.00,-,-,-,-,-,-,50.13,0,NSBY,NSBY-36,2026-06-20
Q3 2026,-,-,52.80,15:59,2.40,77,42,119,52.75,53.20,52.75,52.84,"5,187",NSBQ,NSBQ3-26,2026-06-20
Q4 2026,-,-,70.35,16:20,1.25,84,76,160,70.00,70.75,70.00,70.35,"5,085",NSBQ,NSBQ4-26,2026-06-20
Q1 2027,75.60,76.65,75.70,16:03,0.50,9,12,21,76.10,76.10,75.70,75.70,"1,223",NSBQ,NSBQ1-27,2026-06-20
Q2 2027,-,-,35.85,15:30,0.40,3,-,3,35.95,35.95,35.85,35.85,427,NSBQ,NSBQ2-27,2026-06-20
Q3 2027,-,-,26.25,14:56,0.25,4,-,4,26.00,26.25,26.00,26.25,399,NSBQ,NSBQ3-27,2026-06-20
Q4 2027,48.85,50.35,49.45,14:54,0.10,2,-,2,49.35,49.45,49.35,49.45,410,NSBQ,NSBQ4-27,2026-06-20
Q1 2028,-,-,-,-,0.00,-,-,-,-,-,-,67.00,193,NSBQ,NSBQ1-28,2026-06-20
Q2 2028,-,-,-,-,0.00,-,-,-,-,-,-,33.45,44,NSBQ,NSBQ2-28,2026-06-20
Q3 2028,-,-,-,-,0.00,-,-,-,-,-,-,24.38,51,NSBQ,NSBQ3-28,2026-06-20
Q4 2028,-,-,-,-,0.00,-,-,-,-,-,-,49.63,77,NSBQ,NSBQ4-28,2026-06-20
Jun 2026,-,-,-,-,0.00,-,-,-,-,-,-,61.50,"5,442",NSBM,NSBMJUN-26,2026-06-20
Jul 2026,-,-,47.25,15:56,3.25,177,-,177,46.25,47.47,46.00,47.25,"1,308",NSBM,NSBMJUL-26,2026-06-20
Aug 2026,-,-,53.75,15:55,2.85,79,-,79,53.00,54.00,53.00,53.75,583,NSBM,NSBMAUG-26,2026-06-20
Sep 2026,57.66,-,58.45,15:38,1.55,61,-,61,58.50,58.75,58.45,58.45,477,NSBM,NSBMSEP-26,2026-06-20
Oct 2026,-,59.50,-,-,0.00,-,-,-,-,-,-,58.26,123,NSBM,NSBMOCT-26,2026-06-20
Nov 2026,-,-,73.75,14:10,1.72,10,-,10,73.50,73.75,73.50,73.75,50,NSBM,NSBMNOV-26,2026-06-20
Dec 2026,-,-,79.45,14:21,1.55,8,-,8,79.00,79.45,79.00,79.35,58,NSBM,NSBMDEC-26,2026-06-20
2027,-,-,-,-,0.00,-,-,-,-,-,-,-0.50,723,HLBY,HLBY-27,2026-06-21
2028,-,-,-,-,0.00,-,-,-,-,-,-,1.43,326,HLBY,HLBY-28,2026-06-21
2029,-,-,-,-,0.00,-,-,-,-,-,-,1.20,85,HLBY,HLBY-29,2026-06-21
2030,-,-,-,-,0.00,-,-,-,-,-,-,1.30,50,HLBY,HLBY-30,2026-06-21
Q3 2026,-,-,-,-,0.00,-,-,-,-,-,-,-4.25,854,HLBQ,HLBQ3-26,2026-06-21
Q4 2026,-,-,-,-,0.00,-,-,-,-,-,-,-1.60,979,HLBQ,HLBQ4-26,2026-06-21
Q1 2027,-,-,-,-,0.00,-,-,-,-,-,-,1.72,166,HLBQ,HLBQ1-27,2026-06-21
Q2 2027,-,-,-,-,0.00,-,-,-,-,-,-,-2.56,5,HLBQ,HLBQ2-27,2026-06-21
Jun 2026,-,-,-,-,0.00,-,-,-,-,-,-,-14.48,"1,018",HLBM,HLBMJUN-26,2026-06-21
Jul 2026,-,-,-,-,0.00,-,-,-,-,-,-,-13.37,182,HLBM,HLBMJUL-26,2026-06-21
Aug 2026,-,-,-,-,0.00,-,-,-,-,-,-,-7.45,47,HLBM,HLBMAUG-26,2026-06-21
Sep 2026,-,-,-,-,0.00,-,-,-,-,-,-,8.84,30,HLBM,HLBMSEP-26,2026-06-21
2027,-,-,46.75,14:51,0.40,23,6,29,46.80,46.90,46.70,46.60,"3,966",NSBY,NSBY-27,2026-06-21
2028,-,-,43.50,14:54,-0.05,7,25,32,43.55,43.65,43.50,43.50,"1,664",NSBY,NSBY-28,2026-06-21
2029,-,-,-,-,0.00,-,-,-,-,-,-,43.18,683,NSBY,NSBY-29,2026-06-21
2030,-,-,-,-,0.00,-,13,13,-,-,-,45.30,344,NSBY,NSBY-30,2026-06-21
2031,-,-,-,-,0.00,-,5,5,-,-,-,45.74,148,NSBY,NSBY-31,2026-06-21
2032,-,-,-,-,0.00,-,-,-,-,-,-,48.38,53,NSBY,NSBY-32,2026-06-21
2033,-,-,-,-,0.00,-,-,-,-,-,-,48.88,1,NSBY,NSBY-33,2026-06-21
2034,-,-,-,-,0.00,-,-,-,-,-,-,49.38,1,NSBY,NSBY-34,2026-06-21
2035,-,-,-,-,0.00,-,-,-,-,-,-,49.88,0,NSBY,NSBY-35,2026-06-21
2036,-,-,-,-,0.00,-,-,-,-,-,-,50.13,0,NSBY,NSBY-36,2026-06-21
Q3 2026,-,-,52.80,15:59,2.40,77,42,119,52.75,53.20,52.75,52.84,"5,187",NSBQ,NSBQ3-26,2026-06-21
Q4 2026,-,-,70.35,16:20,1.25,84,76,160,70.00,70.75,70.00,70.35,"5,085",NSBQ,NSBQ4-26,2026-06-21
Q1 2027,75.60,76.65,75.70,16:03,0.50,9,12,21,76.10,76.10,75.70,75.70,"1,223",NSBQ,NSBQ1-27,2026-06-21
Q2 2027,-,-,35.85,15:30,0.40,3,-,3,35.95,35.95,35.85,35.85,427,NSBQ,NSBQ2-27,2026-06-21
Q3 2027,-,-,26.25,14:56,0.25,4,-,4,26.00,26.25,26.00,26.25,399,NSBQ,NSBQ3-27,2026-06-21
Q4 2027,48.85,50.35,49.45,14:54,0.10,2,-,2,49.35,49.45,49.35,49.45,410,NSBQ,NSBQ4-27,2026-06-21
Q1 2028,-,-,-,-,0.00,-,-,-,-,-,-,67.00,193,NSBQ,NSBQ1-28,2026-06-21
Q2 2028,-,-,-,-,0.00,-,-,-,-,-,-,33.45,44,NSBQ,NSBQ2-28,2026-06-21
Q3 2028,-,-,-,-,0.00,-,-,-,-,-,-,24.38,51,NSBQ,NSBQ3-28,2026-06-21
Q4 2028,-,-,-,-,0.00,-,-,-,-,-,-,49.63,77,NSBQ,NSBQ4-28,2026-06-21
Jun 2026,-,-,-,-,0.00,-,-,-,-,-,-,61.50,"5,442",NSBM,NSBMJUN-26,2026-06-21
Jul 2026,-,-,47.25,15:56,3.25,177,-,177,46.25,47.47,46.00,47.25,"1,308",NSBM,NSBMJUL-26,2026-06-21
Aug 2026,-,-,53.75,15:55,2.85,79,-,79,53.00,54.00,53.00,53.75,583,NSBM,NSBMAUG-26,2026-06-21
Sep 2026,57.66,-,58.45,15:38,1.55,61,-,61,58.50,58.75,58.45,58.45,477,NSBM,NSBMSEP-26,2026-06-21
Oct 2026,-,59.50,-,-,0.00,-,-,-,-,-,-,58.26,123,NSBM,NSBMOCT-26,2026-06-21
Nov 2026,-,-,73.75,14:10,1.72,10,-,10,73.50,73.75,73.50,73.75,50,NSBM,NSBMNOV-26,2026-06-21
Dec 2026,-,-,79.45,14:21,1.55,8,-,8,79.00,79.45,79.00,79.35,58,NSBM,NSBMDEC-26,2026-06-21
2027,-,-,-,-,0.00,-,-,-,-,-,-,-0.50,723,HLBY,HLBY-27,2026-06-22
2028,-,-,-,-,0.00,-,-,-,-,-,-,1.43,326,HLBY,HLBY-28,2026-06-22
2029,-,-,-,-,0.00,-,-,-,-,-,-,1.20,85,HLBY,HLBY-29,2026-06-22
2030,-,-,-,-,0.00,-,-,-,-,-,-,1.30,50,HLBY,HLBY-30,2026-06-22
Q3 2026,-,-,-,-,0.00,-,-,-,-,-,-,-4.25,854,HLBQ,HLBQ3-26,2026-06-22
Q4 2026,-,-,-,-,0.00,-,-,-,-,-,-,-1.60,979,HLBQ,HLBQ4-26,2026-06-22
Q1 2027,-,-,-,-,0.00,-,-,-,-,-,-,1.72,166,HLBQ,HLBQ1-27,2026-06-22
Q2 2027,-,-,-,-,0.00,-,-,-,-,-,-,-2.56,5,HLBQ,HLBQ2-27,2026-06-22
Jun 2026,-,-,-,-,0.00,-,-,-,-,-,-,-14.48,"1,018",HLBM,HLBMJUN-26,2026-06-22
Jul 2026,-,-,-,-,0.00,-,-,-,-,-,-,-13.37,182,HLBM,HLBMJUL-26,2026-06-22
Aug 2026,-,-,-,-,0.00,-,-,-,-,-,-,-7.45,47,HLBM,HLBMAUG-26,2026-06-22
Sep 2026,-,-,-,-,0.00,-,-,-,-,-,-,8.84,30,HLBM,HLBMSEP-26,2026-06-22
2027,-,-,46.75,14:51,0.40,23,6,29,46.80,46.90,46.70,46.60,"3,966",NSBY,NSBY-27,2026-06-22
2028,-,-,43.50,14:54,-0.05,7,25,32,43.55,43.65,43.50,43.50,"1,664",NSBY,NSBY-28,2026-06-22
2029,-,-,-,-,0.00,-,-,-,-,-,-,43.18,683,NSBY,NSBY-29,2026-06-22
2030,-,-,-,-,0.00,-,13,13,-,-,-,45.30,344,NSBY,NSBY-30,2026-06-22
2031,-,-,-,-,0.00,-,5,5,-,-,-,45.74,148,NSBY,NSBY-31,2026-06-22
2032,-,-,-,-,0.00,-,-,-,-,-,-,48.38,53,NSBY,NSBY-32,2026-06-22
2033,-,-,-,-,0.00,-,-,-,-,-,-,48.88,1,NSBY,NSBY-33,2026-06-22
2034,-,-,-,-,0.00,-,-,-,-,-,-,49.38,1,NSBY,NSBY-34,2026-06-22
2035,-,-,-,-,0.00,-,-,-,-,-,-,49.88,0,NSBY,NSBY-35,2026-06-22
2036,-,-,-,-,0.00,-,-,-,-,-,-,50.13,0,NSBY,NSBY-36,2026-06-22
Q3 2026,-,-,52.80,15:59,2.40,77,42,119,52.75,53.20,52.75,52.84,"5,187",NSBQ,NSBQ3-26,2026-06-22
Q4 2026,-,-,70.35,16:20,1.25,84,76,160,70.00,70.75,70.00,70.35,"5,085",NSBQ,NSBQ4-26,2026-06-22
Q1 2027,75.60,76.65,75.70,16:03,0.50,9,12,21,76.10,76.10,75.70,75.70,"1,223",NSBQ,NSBQ1-27,2026-06-22
Q2 2027,-,-,35.85,15:30,0.40,3,-,3,35.95,35.95,35.85,35.85,427,NSBQ,NSBQ2-27,2026-06-22
Q3 2027,-,-,26.25,14:56,0.25,4,-,4,26.00,26.25,26.00,26.25,399,NSBQ,NSBQ3-27,2026-06-22
Q4 2027,48.85,50.35,49.45,14:54,0.10,2,-,2,49.35,49.45,49.35,49.45,410,NSBQ,NSBQ4-27,2026-06-22
Q1 2028,-,-,-,-,0.00,-,-,-,-,-,-,67.00,193,NSBQ,NSBQ1-28,2026-06-22
Q2 2028,-,-,-,-,0.00,-,-,-,-,-,-,33.45,44,NSBQ,NSBQ2-28,2026-06-22
Q3 2028,-,-,-,-,0.00,-,-,-,-,-,-,24.38,51,NSBQ,NSBQ3-28,2026-06-22
Q4 2028,-,-,-,-,0.00,-,-,-,-,-,-,49.63,77,NSBQ,NSBQ4-28,2026-06-22
Jun 2026,-,-,-,-,0.00,-,-,-,-,-,-,61.50,"5,442",NSBM,NSBMJUN-26,2026-06-22
Jul 2026,-,-,47.25,15:56,3.25,177,-,177,46.25,47.47,46.00,47.25,"1,308",NSBM,NSBMJUL-26,2026-06-22
Aug 2026,-,-,53.75,15:55,2.85,79,-,79,53.00,54.00,53.00,53.75,583,NSBM,NSBMAUG-26,2026-06-22
Sep 2026,57.66,-,58.45,15:38,1.55,61,-,61,58.50,58.75,58.45,58.45,477,NSBM,NSBMSEP-26,2026-06-22
Oct 2026,-,59.50,-,-,0.00,-,-,-,-,-,-,58.26,123,NSBM,NSBMOCT-26,2026-06-22
Nov 2026,-,-,73.75,14:10,1.72,10,-,10,73.50,73.75,73.50,73.75,50,NSBM,NSBMNOV-26,2026-06-22
Dec 2026,-,-,79.45,14:21,1.55,8,-,8,79.00,79.45,79.00,79.35,58,NSBM,NSBMDEC-26,2026-06-22
2027,-,-,-,-,0.00,-,-,-,-,-,-,-0.50,723,HLBY,HLBY-27,2026-06-23
2028,-,-,-,-,0.00,-,-,-,-,-,-,1.73,326,HLBY,HLBY-28,2026-06-23
2029,-,-,-,-,0.00,-,4,4,-,-,-,1.30,89,HLBY,HLBY-29,2026-06-23
2030,-,-,-,-,0.00,-,-,-,-,-,-,1.28,50,HLBY,HLBY-30,2026-06-23
Q3 2026,-,-,-,-,0.00,-,18,18,-,-,-,-4.15,868,HLBQ,HLBQ3-26,2026-06-23
Q4 2026,-,-,-1.00,15:29,0.60,1,-,1,-1.00,-1.00,-1.00,-1.00,979,HLBQ,HLBQ4-26,2026-06-23
Q1 2027,-,-,-,-,0.00,-,-,-,-,-,-,1.75,166,HLBQ,HLBQ1-27,2026-06-23
Q2 2027,-,-,-,-,0.00,-,-,-,-,-,-,-2.01,5,HLBQ,HLBQ2-27,2026-06-23
Jun 2026,-,-,-,-,0.00,-,-,-,-,-,-,-16.02,"1,018",HLBM,HLBMJUN-26,2026-06-23
Jul 2026,-,-,-12.25,15:57,1.12,2,7,9,-12.50,-12.25,-12.50,-12.25,185,HLBM,HLBMJUL-26,2026-06-23
Aug 2026,-,-,-,-,0.00,-,-,-,-,-,-,-7.25,47,HLBM,HLBMAUG-26,2026-06-23
Sep 2026,-,-,-,-,0.00,-,12,12,-,-,-,8.70,42,HLBM,HLBMSEP-26,2026-06-23
2027,-,-,45.20,15:43,-1.40,20,6,26,45.75,45.75,45.10,45.15,"3,973",NSBY,NSBY-27,2026-06-23
2028,-,43.00,43.00,16:01,-0.50,17,11,28,43.15,43.15,43.00,43.00,"1,671",NSBY,NSBY-28,2026-06-23
2029,-,-,-,-,0.00,-,5,5,-,-,-,42.90,688,NSBY,NSBY-29,2026-06-23
2030,-,-,-,-,0.00,-,-,-,-,-,-,45.45,344,NSBY,NSBY-30,2026-06-23
2031,-,-,-,-,0.00,-,-,-,-,-,-,46.36,148,NSBY,NSBY-31,2026-06-23
2032,-,-,-,-,0.00,-,-,-,-,-,-,48.38,53,NSBY,NSBY-32,2026-06-23
2033,-,-,-,-,0.00,-,-,-,-,-,-,48.88,1,NSBY,NSBY-33,2026-06-23
2034,-,-,-,-,0.00,-,-,-,-,-,-,49.38,1,NSBY,NSBY-34,2026-06-23
2035,-,-,-,-,0.00,-,-,-,-,-,-,49.88,0,NSBY,NSBY-35,2026-06-23
2036,-,-,-,-,0.00,-,-,-,-,-,-,50.13,0,NSBY,NSBY-36,2026-06-23
Q3 2026,45.65,52.15,47.80,16:03,-5.04,65,64,129,50.80,50.80,47.80,47.81,"5,156",NSBQ,NSBQ3-26,2026-06-23
Q4 2026,-,-,67.50,16:28,-2.85,51,45,96,68.55,68.66,67.50,67.55,"4,937",NSBQ,NSBQ4-26,2026-06-23
Q1 2027,73.50,-,73.80,15:43,-1.90,13,21,34,74.70,74.70,73.75,73.80,"1,239",NSBQ,NSBQ1-27,2026-06-23
Q2 2027,-,-,34.15,15:43,-1.70,10,10,20,35.00,35.00,34.15,34.15,441,NSBQ,NSBQ2-27,2026-06-23
Q3 2027,-,-,25.00,16:02,-1.25,8,20,28,25.00,25.05,25.00,25.00,413,NSBQ,NSBQ3-27,2026-06-23
Q4 2027,48.05,-,48.50,15:43,-0.95,6,2,8,48.75,48.75,48.50,48.50,418,NSBQ,NSBQ4-27,2026-06-23
Q1 2028,65.95,66.65,67.10,13:25,0.10,3,-,3,66.50,67.10,66.50,66.65,196,NSBQ,NSBQ1-28,2026-06-23
Q2 2028,-,-,-,-,0.00,-,-,-,-,-,-,33.45,44,NSBQ,NSBQ2-28,2026-06-23
Q3 2028,-,-,-,-,0.00,-,-,-,-,-,-,24.25,51,NSBQ,NSBQ3-28,2026-06-23
Q4 2028,-,-,48.25,11:52,-1.38,1,-,1,48.25,48.25,48.25,48.50,78,NSBQ,NSBQ4-28,2026-06-23
Jun 2026,-,-,-,-,0.00,-,-,-,-,-,-,60.96,"5,442",NSBM,NSBMJUN-26,2026-06-23
Jul 2026,-,42.30,41.50,16:10,-5.75,94,101,195,44.50,44.50,41.50,41.50,"1,357",NSBM,NSBMJUL-26,2026-06-23
Aug 2026,48.30,-,49.00,15:26,-4.75,41,62,103,51.00,51.00,49.00,48.85,657,NSBM,NSBMAUG-26,2026-06-23
Sep 2026,-,-,54.80,15:26,-3.65,19,1,20,56.00,56.00,54.80,54.40,490,NSBM,NSBMSEP-26,2026-06-23
Oct 2026,-,-,-,-,0.00,-,-,-,-,-,-,54.58,123,NSBM,NSBMOCT-26,2026-06-23
Nov 2026,-,-,-,-,0.00,-,-,-,-,-,-,72.00,50,NSBM,NSBMNOV-26,2026-06-23
Dec 2026,-,-,76.00,15:31,-3.35,2,-,2,76.00,76.00,76.00,76.00,60,NSBM,NSBMDEC-26,2026-06-23
2027,-,-,0.15,14:26,0.65,2,7,9,-0.05,0.15,-0.05,0.15,731,HLBY,HLBY-27,2026-06-23
2028,-,-,-,-,0.00,-,2,2,-,-,-,2.00,328,HLBY,HLBY-28,2026-06-23
2029,-,-,-,-,0.00,-,-,-,-,-,-,1.26,89,HLBY,HLBY-29,2026-06-23
2030,-,-,-,-,0.00,-,-,-,-,-,-,1.23,50,HLBY,HLBY-30,2026-06-23
Q3 2026,-,-,-3.75,15:57,0.40,1,10,11,-3.75,-3.75,-3.75,-3.75,865,HLBQ,HLBQ3-26,2026-06-23
Q4 2026,-,-,-,-,0.00,-,-,-,-,-,-,-1.12,979,HLBQ,HLBQ4-26,2026-06-23
Q1 2027,-,-,-,-,0.00,-,-,-,-,-,-,2.10,166,HLBQ,HLBQ1-27,2026-06-23
Q2 2027,-,-,-,-,0.00,-,-,-,-,-,-,-1.81,5,HLBQ,HLBQ2-27,2026-06-23
Jun 2026,-,-,-,-,0.00,-,-,-,-,-,-,-15.99,"1,018",HLBM,HLBMJUN-26,2026-06-23
Jul 2026,-,-,-11.50,15:57,0.75,1,-,1,-11.50,-11.50,-11.50,-11.50,186,HLBM,HLBMJUL-26,2026-06-23
Aug 2026,-,-,-8.00,15:57,-0.75,2,-,2,-7.40,-7.40,-8.00,-8.00,48,HLBM,HLBMAUG-26,2026-06-23
Sep 2026,-,-,9.00,15:57,0.30,1,-,1,9.00,9.00,9.00,9.00,43,HLBM,HLBMSEP-26,2026-06-23
2027,-,-,45.80,15:59,0.65,36,92,128,44.65,45.80,44.65,45.73,"4,046",NSBY,NSBY-27,2026-06-23
2028,-,-,43.00,15:45,0.00,12,10,22,43.00,43.10,42.95,43.10,"1,684",NSBY,NSBY-28,2026-06-23
2029,-,-,43.30,15:07,0.40,2,-,2,43.20,43.30,43.20,42.90,690,NSBY,NSBY-29,2026-06-23
2030,-,-,46.00,11:08,0.55,1,-,1,46.00,46.00,46.00,45.35,345,NSBY,NSBY-30,2026-06-23
2031,-,-,-,-,0.00,-,-,-,-,-,-,45.88,148,NSBY,NSBY-31,2026-06-23
2032,-,-,-,-,0.00,-,-,-,-,-,-,48.38,53,NSBY,NSBY-32,2026-06-23
2033,-,-,-,-,0.00,-,-,-,-,-,-,48.88,1,NSBY,NSBY-33,2026-06-23
2034,-,-,-,-,0.00,-,-,-,-,-,-,49.38,1,NSBY,NSBY-34,2026-06-23
2035,-,-,-,-,0.00,-,-,-,-,-,-,49.88,0,NSBY,NSBY-35,2026-06-23
2036,-,-,-,-,0.00,-,-,-,-,-,-,50.13,0,NSBY,NSBY-36,2026-06-23
Q3 2026,46.60,48.10,47.70,15:59,-0.11,63,173,236,47.25,48.00,47.25,47.75,"5,195",NSBQ,NSBQ3-26,2026-06-23
Q4 2026,-,68.10,67.80,16:38,0.25,86,181,267,67.00,68.20,67.00,67.95,"5,036",NSBQ,NSBQ4-26,2026-06-23
Q1 2027,-,-,73.95,15:59,0.15,22,12,34,72.80,73.95,72.80,73.95,"1,240",NSBQ,NSBQ1-27,2026-06-23
Q2 2027,-,-,34.55,15:54,0.40,7,-,7,34.40,34.55,34.10,34.55,448,NSBQ,NSBQ2-27,2026-06-23
Q3 2027,-,-,26.00,15:54,1.00,12,-,12,24.65,26.00,24.65,26.00,419,NSBQ,NSBQ3-27,2026-06-23
Q4 2027,48.30,-,50.00,15:34,1.50,15,6,21,48.20,50.00,48.20,50.00,425,NSBQ,NSBQ4-27,2026-06-23
Q1 2028,65.25,-,67.00,15:51,0.35,2,-,2,67.00,67.00,67.00,67.00,198,NSBQ,NSBQ1-28,2026-06-23
Q2 2028,-,-,-,-,0.00,-,-,-,-,-,-,32.98,44,NSBQ,NSBQ2-28,2026-06-23
Q3 2028,-,-,-,-,0.00,-,-,-,-,-,-,24.18,51,NSBQ,NSBQ3-28,2026-06-23
Q4 2028,-,-,49.00,13:12,0.50,3,-,3,49.60,49.60,49.00,49.00,80,NSBQ,NSBQ4-28,2026-06-23
Jun 2026,-,-,-,-,0.00,-,-,-,-,-,-,61.54,"5,442",NSBM,NSBMJUN-26,2026-06-23
Jul 2026,-,-,41.60,15:59,0.10,106,12,118,41.00,42.50,41.00,41.68,"1,348",NSBM,NSBMJUL-26,2026-06-23
Aug 2026,-,-,48.05,15:59,-0.80,102,10,112,48.00,48.50,47.80,48.05,732,NSBM,NSBMAUG-26,2026-06-23
Sep 2026,53.50,-,54.10,15:58,-0.30,62,-,62,53.50,54.50,52.65,54.10,518,NSBM,NSBMSEP-26,2026-06-23
Oct 2026,-,-,55.40,15:32,0.82,7,-,7,53.50,55.40,53.50,55.40,130,NSBM,NSBMOCT-26,2026-06-23
Nov 2026,-,-,72.10,15:32,0.10,7,-,7,71.50,72.10,71.50,72.10,57,NSBM,NSBMNOV-26,2026-06-23
Dec 2026,-,-,76.50,15:32,0.50,8,-,8,75.00,76.50,75.00,76.50,65,NSBM,NSBMDEC-26,2026-06-23
2027,-,-,-,-,0.00,-,-,-,-,-,-,0.12,731,HLBY,HLBY-27,2026-06-25
2028,-,-,-,-,0.00,-,-,-,-,-,-,1.72,328,HLBY,HLBY-28,2026-06-25
2029,-,-,-,-,0.00,-,-,-,-,-,-,1.18,89,HLBY,HLBY-29,2026-06-25
2030,-,-,-,-,0.00,-,-,-,-,-,-,1.23,50,HLBY,HLBY-30,2026-06-25
Q3 2026,-,-,-,-,0.00,-,-,-,-,-,-,-3.46,865,HLBQ,HLBQ3-26,2026-06-25
Q4 2026,-,-,-,-,0.00,-,-,-,-,-,-,-0.82,979,HLBQ,HLBQ4-26,2026-06-25
Q1 2027,-,-,2.50,15:49,0.40,4,-,4,2.40,2.50,2.40,2.50,169,HLBQ,HLBQ1-27,2026-06-25
Q2 2027,-,-,-,-,0.00,-,-,-,-,-,-,-1.69,5,HLBQ,HLBQ2-27,2026-06-25
Jun 2026,-,-,-,-,0.00,-,-,-,-,-,-,-16.69,"1,018",HLBM,HLBMJUN-26,2026-06-25
Jul 2026,-,-,-,-,0.00,-,17,17,-,-,-,-11.50,203,HLBM,HLBMJUL-26,2026-06-25
Aug 2026,-,-,-8.10,12:27,-0.10,1,-,1,-8.10,-8.10,-8.10,-8.10,49,HLBM,HLBMAUG-26,2026-06-25
Sep 2026,-,-,-,-,0.00,-,-,-,-,-,-,9.20,43,HLBM,HLBMSEP-26,2026-06-25
2027,-,-,45.50,15:59,-0.23,8,36,44,45.50,45.60,45.50,45.50,"3,982",NSBY,NSBY-27,2026-06-25
2028,-,-,43.00,15:09,-0.10,4,1,5,43.00,43.00,43.00,42.95,"1,687",NSBY,NSBY-28,2026-06-25
2029,-,-,-,-,0.00,-,2,2,-,-,-,43.00,692,NSBY,NSBY-29,2026-06-25
2030,-,-,-,-,0.00,-,-,-,-,-,-,44.88,345,NSBY,NSBY-30,2026-06-25
2031,-,-,-,-,0.00,-,-,-,-,-,-,45.93,148,NSBY,NSBY-31,2026-06-25
2032,-,-,-,-,0.00,-,-,-,-,-,-,48.38,53,NSBY,NSBY-32,2026-06-25
2033,-,-,-,-,0.00,-,-,-,-,-,-,48.88,1,NSBY,NSBY-33,2026-06-25
2034,-,-,-,-,0.00,-,-,-,-,-,-,49.38,1,NSBY,NSBY-34,2026-06-25
2035,-,-,-,-,0.00,-,-,-,-,-,-,49.88,0,NSBY,NSBY-35,2026-06-25
2036,-,-,-,-,0.00,-,-,-,-,-,-,50.13,0,NSBY,NSBY-36,2026-06-25
Q3 2026,-,47.50,47.05,15:54,-0.70,30,37,67,47.30,47.30,47.05,47.00,"5,107",NSBQ,NSBQ3-26,2026-06-25
Q4 2026,-,-,67.50,15:57,-0.45,94,48,142,67.75,68.08,67.50,67.50,"5,065",NSBQ,NSBQ4-26,2026-06-25
Q1 2027,-,-,73.55,15:46,-0.40,21,62,83,73.50,73.90,73.50,73.55,"1,268",NSBQ,NSBQ1-27,2026-06-25
Q2 2027,-,-,34.00,15:59,-0.55,7,4,11,34.30,34.30,33.95,34.00,458,NSBQ,NSBQ2-27,2026-06-25
Q3 2027,-,-,26.10,16:03,0.10,4,19,23,25.60,26.10,25.60,26.10,438,NSBQ,NSBQ3-27,2026-06-25
Q4 2027,-,-,49.50,15:59,-0.50,13,2,15,49.50,49.65,49.50,49.50,440,NSBQ,NSBQ4-27,2026-06-25
Q1 2028,-,-,67.20,14:45,0.20,3,-,3,67.25,67.25,67.20,67.10,199,NSBQ,NSBQ1-28,2026-06-25
Q2 2028,-,-,-,-,0.00,-,-,-,-,-,-,32.90,44,NSBQ,NSBQ2-28,2026-06-25
Q3 2028,-,-,-,-,0.00,-,-,-,-,-,-,24.00,51,NSBQ,NSBQ3-28,2026-06-25
Q4 2028,-,-,-,-,0.00,-,-,-,-,-,-,48.75,80,NSBQ,NSBQ4-28,2026-06-25
Jun 2026,-,-,-,-,0.00,-,-,-,-,-,-,61.85,"5,442",NSBM,NSBMJUN-26,2026-06-25
Jul 2026,-,-,40.90,15:59,-0.78,41,26,67,41.50,41.50,40.90,40.95,"1,379",NSBM,NSBMJUL-26,2026-06-25
Aug 2026,-,-,47.35,15:59,-0.70,20,5,25,48.00,48.00,47.35,47.40,739,NSBM,NSBMAUG-26,2026-06-25
Sep 2026,52.40,57.88,52.95,16:08,-1.15,14,5,19,53.30,53.30,52.95,52.95,537,NSBM,NSBMSEP-26,2026-06-25
Oct 2026,-,-,53.75,15:59,-1.65,2,-,2,54.50,54.50,53.75,53.75,131,NSBM,NSBMOCT-26,2026-06-25
Nov 2026,70.05,-,71.90,15:59,-0.20,5,-,5,71.90,71.90,71.90,71.90,58,NSBM,NSBMNOV-26,2026-06-25
Dec 2026,-,-,76.20,14:56,-0.30,2,5,7,76.20,76.20,76.20,76.20,67,NSBM,NSBMDEC-26,2026-06-25
2027,-,-,-,-,0.00,-,4,4,-,-,-,0.50,731,HLBY,HLBY-27,2026-06-26
2028,-,-,-,-,0.00,-,-,-,-,-,-,1.95,328,HLBY,HLBY-28,2026-06-26
2029,-,-,-,-,0.00,-,-,-,-,-,-,1.84,89,HLBY,HLBY-29,2026-06-26
2030,-,-,-,-,0.00,-,-,-,-,-,-,1.86,50,HLBY,HLBY-30,2026-06-26
Q3 2026,-,-,-3.73,15:59,-0.27,2,-,2,-3.73,-3.73,-3.73,-3.73,865,HLBQ,HLBQ3-26,2026-06-26
Q4 2026,-,-,-,-,0.00,-,-,-,-,-,-,-0.50,979,HLBQ,HLBQ4-26,2026-06-26
Q1 2027,-,-,-,-,0.00,-,-,-,-,-,-,2.75,169,HLBQ,HLBQ1-27,2026-06-26
Q2 2027,-,-,-,-,0.00,-,-,-,-,-,-,-1.72,5,HLBQ,HLBQ2-27,2026-06-26
Jun 2026,-,-,-,-,0.00,-,-,-,-,-,-,-17.30,"1,018",HLBM,HLBMJUN-26,2026-06-26
Jul 2026,-,-,-11.75,16:01,-0.25,5,2,7,-11.75,-11.75,-11.75,-11.75,210,HLBM,HLBMJUL-26,2026-06-26
Aug 2026,-,-,-,-,0.00,-,6,6,-,-,-,-8.10,55,HLBM,HLBMAUG-26,2026-06-26
Sep 2026,-,-,-,-,0.00,-,-,-,-,-,-,9.63,43,HLBM,HLBMSEP-26,2026-06-26
2027,-,-,45.70,16:00,0.20,20,18,38,45.35,45.70,45.35,45.78,"3,986",NSBY,NSBY-27,2026-06-26
2028,-,-,43.05,15:54,0.10,4,19,23,43.05,43.05,43.00,43.05,"1,707",NSBY,NSBY-28,2026-06-26
2029,42.50,-,-,-,0.00,-,7,7,-,-,-,43.15,699,NSBY,NSBY-29,2026-06-26
2030,-,-,-,-,0.00,-,6,6,-,-,-,45.00,347,NSBY,NSBY-30,2026-06-26
2031,-,-,-,-,0.00,-,-,-,-,-,-,45.93,148,NSBY,NSBY-31,2026-06-26
2032,-,-,-,-,0.00,-,-,-,-,-,-,48.38,53,NSBY,NSBY-32,2026-06-26
2033,-,-,-,-,0.00,-,-,-,-,-,-,48.88,1,NSBY,NSBY-33,2026-06-26
2034,-,-,-,-,0.00,-,-,-,-,-,-,49.38,1,NSBY,NSBY-34,2026-06-26
2035,-,-,-,-,0.00,-,-,-,-,-,-,49.88,0,NSBY,NSBY-35,2026-06-26
2036,-,-,-,-,0.00,-,-,-,-,-,-,50.13,0,NSBY,NSBY-36,2026-06-26
Q3 2026,-,-,47.35,15:37,0.35,17,66,83,47.00,47.35,47.00,47.38,"5,141",NSBQ,NSBQ3-26,2026-06-26
Q4 2026,-,67.90,67.65,15:59,0.15,21,106,127,67.25,67.70,67.25,67.65,"5,095",NSBQ,NSBQ4-26,2026-06-26
Q1 2027,72.79,-,73.80,15:58,0.25,6,28,34,73.55,73.80,73.55,73.80,"1,266",NSBQ,NSBQ1-27,2026-06-26
Q2 2027,-,-,34.10,14:23,0.10,2,-,2,34.10,34.10,34.10,34.23,457,NSBQ,NSBQ2-27,2026-06-26
Q3 2027,-,-,25.75,14:23,-0.35,7,-,7,26.05,26.10,25.75,25.75,443,NSBQ,NSBQ3-27,2026-06-26
Q4 2027,49.10,-,49.90,14:23,0.40,2,3,5,49.90,49.90,49.90,49.70,445,NSBQ,NSBQ4-27,2026-06-26
Q1 2028,66.60,68.31,67.00,13:14,-0.10,5,-,5,67.00,67.64,67.00,67.00,197,NSBQ,NSBQ1-28,2026-06-26
Q2 2028,-,-,32.90,11:42,0.00,1,-,1,32.90,32.90,32.90,32.90,45,NSBQ,NSBQ2-28,2026-06-26
Q3 2028,-,-,23.80,11:42,-0.20,2,-,2,23.80,23.80,23.80,23.80,51,NSBQ,NSBQ3-28,2026-06-26
Q4 2028,-,-,48.85,11:42,0.10,4,-,4,48.85,48.85,48.85,48.85,84,NSBQ,NSBQ4-28,2026-06-26
Jun 2026,-,-,-,-,0.00,-,-,-,-,-,-,61.93,"5,442",NSBM,NSBMJUN-26,2026-06-26
Jul 2026,40.85,-,41.30,15:53,0.35,53,12,65,41.40,41.75,41.10,41.33,"1,394",NSBM,NSBMJUL-26,2026-06-26
Aug 2026,-,-,48.10,15:56,0.70,44,3,47,47.60,48.10,47.00,48.10,773,NSBM,NSBMAUG-26,2026-06-26
Sep 2026,51.28,-,53.25,15:57,0.30,12,10,22,53.10,53.25,52.80,53.25,559,NSBM,NSBMSEP-26,2026-06-26
Oct 2026,-,-,54.55,14:09,0.80,6,-,6,53.50,54.55,53.50,54.55,137,NSBM,NSBMOCT-26,2026-06-26
Nov 2026,-,-,71.80,14:09,-0.10,7,-,7,71.60,71.80,71.60,71.80,65,NSBM,NSBMNOV-26,2026-06-26
Dec 2026,-,-,76.00,11:26,-0.20,5,-,5,76.00,76.00,76.00,75.80,72,NSBM,NSBMDEC-26,2026-06-26
2027,-,-,1.00,15:21,0.50,4,2,6,0.75,1.00,0.75,1.00,735,HLBY,HLBY-27,2026-06-27
2028,-,-,2.00,15:09,0.05,1,-,1,2.00,2.00,2.00,2.00,328,HLBY,HLBY-28,2026-06-27
2029,-,-,-,-,0.00,-,-,-,-,-,-,1.43,89,HLBY,HLBY-29,2026-06-27
2030,-,-,-,-,0.00,-,-,-,-,-,-,1.75,50,HLBY,HLBY-30,2026-06-27
Q3 2026,-,-,-,-,0.00,-,10,10,-,-,-,-3.80,875,HLBQ,HLBQ3-26,2026-06-27
Q4 2026,-,-,-,-,0.00,-,-,-,-,-,-,-0.50,979,HLBQ,HLBQ4-26,2026-06-27
Q1 2027,-,-,-,-,0.00,-,-,-,-,-,-,2.60,169,HLBQ,HLBQ1-27,2026-06-27
Q2 2027,-,-,-,-,0.00,-,-,-,-,-,-,-1.67,5,HLBQ,HLBQ2-27,2026-06-27
Jun 2026,-,-,-,-,0.00,-,-,-,-,-,-,-17.58,"1,018",HLBM,HLBMJUN-26,2026-06-27
Jul 2026,-,-,-12.10,13:05,-0.35,2,-,2,-11.95,-11.95,-12.10,-12.10,212,HLBM,HLBMJUL-26,2026-06-27
Aug 2026,-,-,-,-,0.00,-,1,1,-,-,-,-8.10,56,HLBM,HLBMAUG-26,2026-06-27
Sep 2026,-,-,9.50,10:08,-0.13,1,-,1,9.50,9.50,9.50,9.50,44,HLBM,HLBMSEP-26,2026-06-27
2027,-,-,45.70,15:59,-0.08,11,20,31,45.90,45.90,45.60,45.70,"3,978",NSBY,NSBY-27,2026-06-27
2028,-,-,-,-,0.00,-,15,15,-,-,-,43.05,"1,715",NSBY,NSBY-28,2026-06-27
2029,42.50,-,-,-,0.00,-,-,-,-,-,-,43.53,699,NSBY,NSBY-29,2026-06-27
2030,-,-,44.90,14:01,-0.10,1,3,4,44.90,44.90,44.90,44.90,348,NSBY,NSBY-30,2026-06-27
2031,-,-,-,-,0.00,-,-,-,-,-,-,45.93,148,NSBY,NSBY-31,2026-06-27
2032,-,-,-,-,0.00,-,-,-,-,-,-,48.38,53,NSBY,NSBY-32,2026-06-27
2033,-,-,-,-,0.00,-,-,-,-,-,-,48.88,1,NSBY,NSBY-33,2026-06-27
2034,-,-,-,-,0.00,-,-,-,-,-,-,49.38,1,NSBY,NSBY-34,2026-06-27
2035,-,-,-,-,0.00,-,-,-,-,-,-,49.88,0,NSBY,NSBY-35,2026-06-27
2036,-,-,-,-,0.00,-,-,-,-,-,-,50.13,0,NSBY,NSBY-36,2026-06-27
Q3 2026,-,-,48.05,15:59,0.67,18,10,28,47.50,48.05,47.50,48.05,"5,104",NSBQ,NSBQ3-26,2026-06-27
Q4 2026,67.50,68.10,67.75,15:15,0.10,28,5,33,67.75,68.00,67.75,67.75,"5,034",NSBQ,NSBQ4-26,2026-06-27
Q1 2027,-,74.30,74.30,15:08,0.50,1,11,12,74.30,74.30,74.30,74.00,"1,267",NSBQ,NSBQ1-27,2026-06-27
Q2 2027,-,-,-,-,0.00,-,1,1,-,-,-,34.35,458,NSBQ,NSBQ2-27,2026-06-27
Q3 2027,-,-,-,-,0.00,-,1,1,-,-,-,25.75,444,NSBQ,NSBQ3-27,2026-06-27
Q4 2027,-,-,49.90,14:59,0.20,1,30,31,49.90,49.90,49.90,50.38,475,NSBQ,NSBQ4-27,2026-06-27
Q1 2028,66.20,-,67.50,14:57,0.50,6,-,6,67.60,67.60,67.50,67.50,203,NSBQ,NSBQ1-28,2026-06-27
Q2 2028,-,33.95,33.10,12:43,0.20,1,-,1,33.10,33.10,33.10,33.10,46,NSBQ,NSBQ2-28,2026-06-27
Q3 2028,-,-,24.00,15:15,0.20,3,-,3,24.00,24.00,24.00,24.00,53,NSBQ,NSBQ3-28,2026-06-27
Q4 2028,-,-,-,-,0.00,-,-,-,-,-,-,49.40,84,NSBQ,NSBQ4-28,2026-06-27
Jun 2026,-,-,-,-,0.00,-,-,-,-,-,-,62.82,"5,442",NSBM,NSBMJUN-26,2026-06-27
Jul 2026,-,42.40,42.00,15:57,0.67,55,46,101,41.50,42.15,41.40,42.00,"1,396",NSBM,NSBMJUL-26,2026-06-27
Aug 2026,-,-,49.00,15:52,0.90,32,10,42,48.70,49.00,48.70,49.00,780,NSBM,NSBMAUG-26,2026-06-27
Sep 2026,-,-,53.50,15:52,0.25,45,-,45,53.50,53.50,53.40,53.50,603,NSBM,NSBMSEP-26,2026-06-27
Oct 2026,-,-,-,-,0.00,-,-,-,-,-,-,54.63,137,NSBM,NSBMOCT-26,2026-06-27
Nov 2026,-,-,-,-,0.00,-,-,-,-,-,-,71.70,65,NSBM,NSBMNOV-26,2026-06-27
Dec 2026,-,-,-,-,0.00,-,-,-,-,-,-,75.95,72,NSBM,NSBMDEC-26,2026-06-27
2027,-,-,1.00,15:21,0.50,4,2,6,0.75,1.00,0.75,1.00,735,HLBY,HLBY-27,2026-06-27
2028,-,-,2.00,15:09,0.05,1,-,1,2.00,2.00,2.00,2.00,328,HLBY,HLBY-28,2026-06-27
2029,-,-,-,-,0.00,-,-,-,-,-,-,1.43,89,HLBY,HLBY-29,2026-06-27
2030,-,-,-,-,0.00,-,-,-,-,-,-,1.75,50,HLBY,HLBY-30,2026-06-27
Q3 2026,-,-,-,-,0.00,-,10,10,-,-,-,-3.80,875,HLBQ,HLBQ3-26,2026-06-27
Q4 2026,-,-,-,-,0.00,-,-,-,-,-,-,-0.50,979,HLBQ,HLBQ4-26,2026-06-27
Q1 2027,-,-,-,-,0.00,-,-,-,-,-,-,2.60,169,HLBQ,HLBQ1-27,2026-06-27
Q2 2027,-,-,-,-,0.00,-,-,-,-,-,-,-1.67,5,HLBQ,HLBQ2-27,2026-06-27
Jun 2026,-,-,-,-,0.00,-,-,-,-,-,-,-17.58,"1,018",HLBM,HLBMJUN-26,2026-06-27
Jul 2026,-,-,-12.10,13:05,-0.35,2,-,2,-11.95,-11.95,-12.10,-12.10,212,HLBM,HLBMJUL-26,2026-06-27
Aug 2026,-,-,-,-,0.00,-,1,1,-,-,-,-8.10,56,HLBM,HLBMAUG-26,2026-06-27
Sep 2026,-,-,9.50,10:08,-0.13,1,-,1,9.50,9.50,9.50,9.50,44,HLBM,HLBMSEP-26,2026-06-27
2027,-,-,45.70,15:59,-0.08,11,20,31,45.90,45.90,45.60,45.70,"3,978",NSBY,NSBY-27,2026-06-27
2028,-,-,-,-,0.00,-,15,15,-,-,-,43.05,"1,715",NSBY,NSBY-28,2026-06-27
2029,42.50,-,-,-,0.00,-,-,-,-,-,-,43.53,699,NSBY,NSBY-29,2026-06-27
2030,-,-,44.90,14:01,-0.10,1,3,4,44.90,44.90,44.90,44.90,348,NSBY,NSBY-30,2026-06-27
2031,-,-,-,-,0.00,-,-,-,-,-,-,45.93,148,NSBY,NSBY-31,2026-06-27
2032,-,-,-,-,0.00,-,-,-,-,-,-,48.38,53,NSBY,NSBY-32,2026-06-27
2033,-,-,-,-,0.00,-,-,-,-,-,-,48.88,1,NSBY,NSBY-33,2026-06-27
2034,-,-,-,-,0.00,-,-,-,-,-,-,49.38,1,NSBY,NSBY-34,2026-06-27
2035,-,-,-,-,0.00,-,-,-,-,-,-,49.88,0,NSBY,NSBY-35,2026-06-27
2036,-,-,-,-,0.00,-,-,-,-,-,-,50.13,0,NSBY,NSBY-36,2026-06-27
Q3 2026,-,-,48.05,15:59,0.67,18,10,28,47.50,48.05,47.50,48.05,"5,104",NSBQ,NSBQ3-26,2026-06-27
Q4 2026,67.50,68.10,67.75,15:15,0.10,28,5,33,67.75,68.00,67.75,67.75,"5,034",NSBQ,NSBQ4-26,2026-06-27
Q1 2027,-,74.30,74.30,15:08,0.50,1,11,12,74.30,74.30,74.30,74.00,"1,267",NSBQ,NSBQ1-27,2026-06-27
Q2 2027,-,-,-,-,0.00,-,1,1,-,-,-,34.35,458,NSBQ,NSBQ2-27,2026-06-27
Q3 2027,-,-,-,-,0.00,-,1,1,-,-,-,25.75,444,NSBQ,NSBQ3-27,2026-06-27
Q4 2027,-,-,49.90,14:59,0.20,1,30,31,49.90,49.90,49.90,50.38,475,NSBQ,NSBQ4-27,2026-06-27
Q1 2028,66.20,-,67.50,14:57,0.50,6,-,6,67.60,67.60,67.50,67.50,203,NSBQ,NSBQ1-28,2026-06-27
Q2 2028,-,33.95,33.10,12:43,0.20,1,-,1,33.10,33.10,33.10,33.10,46,NSBQ,NSBQ2-28,2026-06-27
Q3 2028,-,-,24.00,15:15,0.20,3,-,3,24.00,24.00,24.00,24.00,53,NSBQ,NSBQ3-28,2026-06-27
Q4 2028,-,-,-,-,0.00,-,-,-,-,-,-,49.40,84,NSBQ,NSBQ4-28,2026-06-27
Jun 2026,-,-,-,-,0.00,-,-,-,-,-,-,62.82,"5,442",NSBM,NSBMJUN-26,2026-06-27
Jul 2026,-,42.40,42.00,15:57,0.67,55,46,101,41.50,42.15,41.40,42.00,"1,396",NSBM,NSBMJUL-26,2026-06-27
Aug 2026,-,-,49.00,15:52,0.90,32,10,42,48.70,49.00,48.70,49.00,780,NSBM,NSBMAUG-26,2026-06-27
Sep 2026,-,-,53.50,15:52,0.25,45,-,45,53.50,53.50,53.40,53.50,603,NSBM,NSBMSEP-26,2026-06-27
Oct 2026,-,-,-,-,0.00,-,-,-,-,-,-,54.63,137,NSBM,NSBMOCT-26,2026-06-27
Nov 2026,-,-,-,-,0.00,-,-,-,-,-,-,71.70,65,NSBM,NSBMNOV-26,2026-06-27
Dec 2026,-,-,-,-,0.00,-,-,-,-,-,-,75.95,72,NSBM,NSBMDEC-26,2026-06-27
2027,-,-,1.00,15:21,0.50,4,2,6,0.75,1.00,0.75,1.00,735,HLBY,HLBY-27,2026-06-29
2028,-,-,2.00,15:09,0.05,1,-,1,2.00,2.00,2.00,2.00,328,HLBY,HLBY-28,2026-06-29
2029,-,-,-,-,0.00,-,-,-,-,-,-,1.43,89,HLBY,HLBY-29,2026-06-29
2030,-,-,-,-,0.00,-,-,-,-,-,-,1.75,50,HLBY,HLBY-30,2026-06-29
Q3 2026,-,-,-,-,0.00,-,10,10,-,-,-,-3.80,875,HLBQ,HLBQ3-26,2026-06-29
Q4 2026,-,-,-,-,0.00,-,-,-,-,-,-,-0.50,979,HLBQ,HLBQ4-26,2026-06-29
Q1 2027,-,-,-,-,0.00,-,-,-,-,-,-,2.60,169,HLBQ,HLBQ1-27,2026-06-29
Q2 2027,-,-,-,-,0.00,-,-,-,-,-,-,-1.67,5,HLBQ,HLBQ2-27,2026-06-29
Jun 2026,-,-,-,-,0.00,-,-,-,-,-,-,-17.58,"1,018",HLBM,HLBMJUN-26,2026-06-29
Jul 2026,-,-,-12.10,13:05,-0.35,2,-,2,-11.95,-11.95,-12.10,-12.10,212,HLBM,HLBMJUL-26,2026-06-29
Aug 2026,-,-,-,-,0.00,-,1,1,-,-,-,-8.10,56,HLBM,HLBMAUG-26,2026-06-29
Sep 2026,-,-,9.50,10:08,-0.13,1,-,1,9.50,9.50,9.50,9.50,44,HLBM,HLBMSEP-26,2026-06-29
2027,-,-,45.70,15:59,-0.08,11,20,31,45.90,45.90,45.60,45.70,"3,978",NSBY,NSBY-27,2026-06-29
2028,-,-,-,-,0.00,-,15,15,-,-,-,43.05,"1,715",NSBY,NSBY-28,2026-06-29
2029,42.50,-,-,-,0.00,-,-,-,-,-,-,43.53,699,NSBY,NSBY-29,2026-06-29
2030,-,-,44.90,14:01,-0.10,1,3,4,44.90,44.90,44.90,44.90,348,NSBY,NSBY-30,2026-06-29
2031,-,-,-,-,0.00,-,-,-,-,-,-,45.93,148,NSBY,NSBY-31,2026-06-29
2032,-,-,-,-,0.00,-,-,-,-,-,-,48.38,53,NSBY,NSBY-32,2026-06-29
2033,-,-,-,-,0.00,-,-,-,-,-,-,48.88,1,NSBY,NSBY-33,2026-06-29
2034,-,-,-,-,0.00,-,-,-,-,-,-,49.38,1,NSBY,NSBY-34,2026-06-29
2035,-,-,-,-,0.00,-,-,-,-,-,-,49.88,0,NSBY,NSBY-35,2026-06-29
2036,-,-,-,-,0.00,-,-,-,-,-,-,50.13,0,NSBY,NSBY-36,2026-06-29
Q3 2026,-,-,48.05,15:59,0.67,18,10,28,47.50,48.05,47.50,48.05,"5,104",NSBQ,NSBQ3-26,2026-06-29
Q4 2026,67.50,68.10,67.75,15:15,0.10,28,5,33,67.75,68.00,67.75,67.75,"5,034",NSBQ,NSBQ4-26,2026-06-29
Q1 2027,-,74.30,74.30,15:08,0.50,1,11,12,74.30,74.30,74.30,74.00,"1,267",NSBQ,NSBQ1-27,2026-06-29
Q2 2027,-,-,-,-,0.00,-,1,1,-,-,-,34.35,458,NSBQ,NSBQ2-27,2026-06-29
Q3 2027,-,-,-,-,0.00,-,1,1,-,-,-,25.75,444,NSBQ,NSBQ3-27,2026-06-29
Q4 2027,-,-,49.90,14:59,0.20,1,30,31,49.90,49.90,49.90,50.38,475,NSBQ,NSBQ4-27,2026-06-29
Q1 2028,66.20,-,67.50,14:57,0.50,6,-,6,67.60,67.60,67.50,67.50,203,NSBQ,NSBQ1-28,2026-06-29
Q2 2028,-,33.95,33.10,12:43,0.20,1,-,1,33.10,33.10,33.10,33.10,46,NSBQ,NSBQ2-28,2026-06-29
Q3 2028,-,-,24.00,15:15,0.20,3,-,3,24.00,24.00,24.00,24.00,53,NSBQ,NSBQ3-28,2026-06-29
Q4 2028,-,-,-,-,0.00,-,-,-,-,-,-,49.40,84,NSBQ,NSBQ4-28,2026-06-29
Jun 2026,-,-,-,-,0.00,-,-,-,-,-,-,62.82,"5,442",NSBM,NSBMJUN-26,2026-06-29
Jul 2026,-,42.40,42.00,15:57,0.67,55,46,101,41.50,42.15,41.40,42.00,"1,396",NSBM,NSBMJUL-26,2026-06-29
Aug 2026,-,-,49.00,15:52,0.90,32,10,42,48.70,49.00,48.70,49.00,780,NSBM,NSBMAUG-26,2026-06-29
Sep 2026,-,-,53.50,15:52,0.25,45,-,45,53.50,53.50,53.40,53.50,603,NSBM,NSBMSEP-26,2026-06-29
Oct 2026,-,-,-,-,0.00,-,-,-,-,-,-,54.63,137,NSBM,NSBMOCT-26,2026-06-29
Nov 2026,-,-,-,-,0.00,-,-,-,-,-,-,71.70,65,NSBM,NSBMNOV-26,2026-06-29
Dec 2026,-,-,-,-,0.00,-,-,-,-,-,-,75.95,72,NSBM,NSBMDEC-26,2026-06-29
2027,-,-,-,-,0.00,-,3,3,-,-,-,1.10,737,HLBY,HLBY-27,2026-06-30
2028,-,-,-,-,0.00,-,-,-,-,-,-,2.00,328,HLBY,HLBY-28,2026-06-30
2029,-,-,-,-,0.00,-,-,-,-,-,-,1.96,89,HLBY,HLBY-29,2026-06-30
2030,-,-,-,-,0.00,-,-,-,-,-,-,1.75,50,HLBY,HLBY-30,2026-06-30
Q3 2026,-,-,-,-,0.00,-,1,1,-,-,-,-3.75,876,HLBQ,HLBQ3-26,2026-06-30
Q4 2026,-,-,-0.25,15:47,0.25,3,-,3,-0.25,-0.25,-0.25,-0.25,982,HLBQ,HLBQ4-26,2026-06-30
Q1 2027,-,-,-,-,0.00,-,-,-,-,-,-,2.45,169,HLBQ,HLBQ1-27,2026-06-30
Q2 2027,-,-,-,-,0.00,-,2,2,-,-,-,-1.70,7,HLBQ,HLBQ2-27,2026-06-30
Jun 2026,-,-,-,-,0.00,-,-,-,-,-,-,-19.50,"1,018",HLBM,HLBMJUN-26,2026-06-30
Jul 2026,-,-,-,-,0.00,-,-,-,-,-,-,-12.75,212,HLBM,HLBMJUL-26,2026-06-30
Aug 2026,-,-,-,-,0.00,-,-,-,-,-,-,-9.02,56,HLBM,HLBMAUG-26,2026-06-30
Sep 2026,-,-,-,-,0.00,-,-,-,-,-,-,9.90,44,HLBM,HLBMSEP-26,2026-06-30
2027,-,-,46.55,15:48,0.85,36,20,56,46.00,46.70,46.00,46.55,"4,000",NSBY,NSBY-27,2026-06-30
2028,43.50,44.00,43.60,15:57,0.55,1,13,14,43.60,43.60,43.60,43.63,"1,726",NSBY,NSBY-28,2026-06-30
2029,42.50,-,43.60,15:28,0.07,6,4,10,43.90,43.90,43.60,43.75,708,NSBY,NSBY-29,2026-06-30
2030,-,-,44.90,13:25,0.00,1,-,1,44.90,44.90,44.90,44.90,349,NSBY,NSBY-30,2026-06-30
2031,-,-,-,-,0.00,-,-,-,-,-,-,45.81,148,NSBY,NSBY-31,2026-06-30
2032,-,-,-,-,0.00,-,-,-,-,-,-,48.38,53,NSBY,NSBY-32,2026-06-30
2033,-,-,-,-,0.00,-,-,-,-,-,-,48.88,1,NSBY,NSBY-33,2026-06-30
2034,-,-,-,-,0.00,-,-,-,-,-,-,49.38,1,NSBY,NSBY-34,2026-06-30
2035,-,-,-,-,0.00,-,-,-,-,-,-,49.88,0,NSBY,NSBY-35,2026-06-30
2036,-,-,-,-,0.00,-,-,-,-,-,-,50.13,0,NSBY,NSBY-36,2026-06-30
Q3 2026,-,-,50.45,15:59,2.40,29,38,67,49.10,50.75,49.10,50.45,"5,118",NSBQ,NSBQ3-26,2026-06-30
Q4 2026,-,-,68.90,15:59,1.15,58,24,82,68.15,69.10,68.15,68.90,"5,048",NSBQ,NSBQ4-26,2026-06-30
Q1 2027,-,-,75.00,15:50,1.00,6,9,15,75.25,75.25,75.00,75.00,"1,268",NSBQ,NSBQ1-27,2026-06-30
Q2 2027,-,-,35.50,14:16,1.15,1,4,5,35.50,35.50,35.50,35.50,462,NSBQ,NSBQ2-27,2026-06-30
Q3 2027,-,-,26.30,15:55,0.55,4,15,19,26.20,26.30,26.20,26.30,461,NSBQ,NSBQ3-27,2026-06-30
Q4 2027,-,-,51.00,12:51,0.62,1,-,1,51.00,51.00,51.00,50.73,476,NSBQ,NSBQ4-27,2026-06-30
Q1 2028,-,-,-,-,0.00,-,-,-,-,-,-,68.30,203,NSBQ,NSBQ1-28,2026-06-30
Q2 2028,-,-,-,-,0.00,-,-,-,-,-,-,33.35,46,NSBQ,NSBQ2-28,2026-06-30
Q3 2028,-,-,-,-,0.00,-,-,-,-,-,-,24.00,53,NSBQ,NSBQ3-28,2026-06-30
Q4 2028,-,-,50.10,13:09,0.70,2,-,2,50.10,50.10,50.10,50.10,84,NSBQ,NSBQ4-28,2026-06-30
Jun 2026,-,-,-,-,0.00,-,-,-,-,-,-,64.78,"5,413",NSBM,NSBMJUN-26,2026-06-30
Jul 2026,-,-,45.00,15:59,3.00,112,52,164,44.20,45.60,44.20,45.00,"1,441",NSBM,NSBMJUL-26,2026-06-30
Aug 2026,-,-,51.50,14:30,2.50,37,34,71,50.75,52.25,50.75,51.45,815,NSBM,NSBMAUG-26,2026-06-30
Sep 2026,-,-,55.40,14:38,1.90,10,5,15,55.30,55.50,55.30,55.40,611,NSBM,NSBMSEP-26,2026-06-30
Oct 2026,-,-,-,-,0.00,-,-,-,-,-,-,55.50,137,NSBM,NSBMOCT-26,2026-06-30
Nov 2026,-,-,-,-,0.00,-,-,-,-,-,-,73.25,65,NSBM,NSBMNOV-26,2026-06-30
Dec 2026,-,-,-,-,0.00,-,-,-,-,-,-,78.50,72,NSBM,NSBMDEC-26,2026-06-30
2027,-,-,-,-,-,-,-,-,-,-,-,-,-,HLBY,HLBY-27,2026-07-01
2028,-,-,-,-,-,-,-,-,-,-,-,-,-,HLBY,HLBY-28,2026-07-01
2029,-,-,-,-,-,-,-,-,-,-,-,-,-,HLBY,HLBY-29,2026-07-01
2030,-,-,-,-,-,-,-,-,-,-,-,-,-,HLBY,HLBY-30,2026-07-01
2027,-,-,47.35,15:39,0.80,14,20,34,46.55,47.35,46.55,47.40,"4,007",NSBY,NSBY-27,2026-07-01
2028,-,-,43.90,15:51,0.27,2,6,8,43.90,43.90,43.90,44.05,"1,732",NSBY,NSBY-28,2026-07-01
2029,42.50,-,44.10,15:45,0.35,5,16,21,43.85,44.10,43.85,44.10,726,NSBY,NSBY-29,2026-07-01
2030,-,-,-,-,-,-,-,-,-,-,-,-,-,NSBY,NSBY-30,2026-07-01
2031,-,-,-,-,-,-,-,-,-,-,-,-,-,NSBY,NSBY-31,2026-07-01
2032,-,-,-,-,-,-,-,-,-,-,-,-,-,NSBY,NSBY-32,2026-07-01
2033,-,-,-,-,-,-,-,-,-,-,-,-,-,NSBY,NSBY-33,2026-07-01
2034,-,-,-,-,-,-,-,-,-,-,-,-,-,NSBY,NSBY-34,2026-07-01
2035,-,-,-,-,-,-,-,-,-,-,-,-,-,NSBY,NSBY-35,2026-07-01
2036,-,-,-,-,-,-,-,-,-,-,-,-,-,NSBY,NSBY-36,2026-07-01
Q3 2026,-,-,51.65,15:59,1.20,42,21,63,49.95,51.65,49.95,51.65,0,NSBQ,NSBQ3-26,2026-07-01
Q4 2026,-,-,69.40,15:46,0.50,24,10,34,68.50,69.40,68.50,69.40,"5,031",NSBQ,NSBQ4-26,2026-07-01
Q1 2027,-,-,75.85,15:04,0.85,6,10,16,75.30,75.85,75.30,75.90,"1,272",NSBQ,NSBQ1-27,2026-07-01
Q2 2027,-,-,35.65,14:47,0.15,1,-,1,35.65,35.65,35.65,35.89,462,NSBQ,NSBQ2-27,2026-07-01
Q3 2027,-,-,27.00,15:52,0.70,11,-,11,26.50,27.00,26.50,27.00,455,NSBQ,NSBQ3-27,2026-07-01
Q4 2027,50.20,-,51.60,15:51,0.87,8,-,8,51.50,51.60,51.50,52.00,483,NSBQ,NSBQ4-27,2026-07-01
Q1 2028,-,69.40,68.80,15:04,0.50,2,4,6,68.65,68.80,68.65,68.80,207,NSBQ,NSBQ1-28,2026-07-01
Q2 2028,-,-,-,-,-,-,-,-,-,-,-,-,-,NSBQ,NSBQ2-28,2026-07-01
Q3 2028,-,-,24.15,15:57,0.15,1,-,1,24.15,24.15,24.15,24.15,53,NSBQ,NSBQ3-28,2026-07-01
Q4 2028,-,-,-,-,-,-,-,-,-,-,-,-,-,NSBQ,NSBQ4-28,2026-07-01
2027,-,-,-,-,0.00,-,1,1,-,-,-,1.20,737,HLBY,HLBY-27,2026-07-02
2028,-,-,-,-,0.00,-,1,1,-,-,-,2.15,329,HLBY,HLBY-28,2026-07-02
2029,-,-,-,-,0.00,-,-,-,-,-,-,2.35,89,HLBY,HLBY-29,2026-07-02
2030,-,-,-,-,0.00,-,-,-,-,-,-,1.80,50,HLBY,HLBY-30,2026-07-02
Q4 2026,-,-,-,-,0.00,-,3,3,-,-,-,-0.20,985,HLBQ,HLBQ4-26,2026-07-02
Q1 2027,-,-,-,-,0.00,-,-,-,-,-,-,2.30,169,HLBQ,HLBQ1-27,2026-07-02
Q2 2027,-,-,-,-,0.00,-,-,-,-,-,-,-1.86,7,HLBQ,HLBQ2-27,2026-07-02
Q3 2027,-,-,0.51,09:07,0.00,6,-,6,-0.99,0.51,-0.99,0.51,6,HLBQ,HLBQ3-27,2026-07-02
Jul 2026,-,-,-,-,0.00,-,-,-,-,-,-,-16.95,932,HLBM,HLBMJUL-26,2026-07-02
Aug 2026,-,-,-,-,0.00,-,6,6,-,-,-,-8.40,898,HLBM,HLBMAUG-26,2026-07-02
Sep 2026,-,-,-,-,0.00,-,-,-,-,-,-,9.77,882,HLBM,HLBMSEP-26,2026-07-02
Oct 2026,-,-,-,-,0.00,-,-,-,-,-,-,8.38,0,HLBM,HLBMOCT-26,2026-07-02
2027,-,-,47.60,16:05,0.20,16,32,48,47.85,47.85,47.50,47.60,"4,026",NSBY,NSBY-27,2026-07-02
2028,-,-,-,-,0.00,-,29,29,-,-,-,44.40,"1,747",NSBY,NSBY-28,2026-07-02
2029,42.50,-,-,-,0.00,-,15,15,-,-,-,44.40,736,NSBY,NSBY-29,2026-07-02
2030,-,-,-,-,0.00,-,-,-,-,-,-,44.89,349,NSBY,NSBY-30,2026-07-02
2031,-,-,-,-,0.00,-,-,-,-,-,-,45.70,178,NSBY,NSBY-31,2026-07-02
2032,-,-,-,-,0.00,-,-,-,-,-,-,48.38,53,NSBY,NSBY-32,2026-07-02
2033,-,-,-,-,0.00,-,-,-,-,-,-,48.88,1,NSBY,NSBY-33,2026-07-02
2034,-,-,-,-,0.00,-,-,-,-,-,-,49.38,1,NSBY,NSBY-34,2026-07-02
2035,-,-,-,-,0.00,-,-,-,-,-,-,49.88,0,NSBY,NSBY-35,2026-07-02
2036,-,-,-,-,0.00,-,-,-,-,-,-,50.13,0,NSBY,NSBY-36,2026-07-02
Q4 2026,-,-,69.25,15:11,-0.15,34,52,86,69.60,69.80,69.25,69.30,"5,082",NSBQ,NSBQ4-26,2026-07-02
Q1 2027,-,-,76.25,15:24,0.35,6,23,29,76.50,76.50,76.25,76.10,"1,268",NSBQ,NSBQ1-27,2026-07-02
Q2 2027,-,-,36.25,14:10,0.36,2,-,2,36.25,36.25,36.25,36.25,461,NSBQ,NSBQ2-27,2026-07-02
Q3 2027,-,-,27.40,15:10,0.40,10,-,10,27.15,27.40,27.15,27.35,457,NSBQ,NSBQ3-27,2026-07-02
Q4 2027,-,-,51.70,14:10,-0.30,4,-,4,51.95,51.95,51.70,51.70,483,NSBQ,NSBQ4-27,2026-07-02
Q1 2028,-,70.25,-,-,0.00,-,-,-,-,-,-,69.08,206,NSBQ,NSBQ1-28,2026-07-02
Q2 2028,-,-,35.51,14:20,1.50,1,-,1,35.51,35.51,35.51,35.51,47,NSBQ,NSBQ2-28,2026-07-02
Q3 2028,-,-,24.20,14:40,0.05,1,-,1,24.20,24.20,24.20,24.20,54,NSBQ,NSBQ3-28,2026-07-02
Q4 2028,-,-,-,-,0.00,-,-,-,-,-,-,49.79,84,NSBQ,NSBQ4-28,2026-07-02
Jul 2026,-,-,45.75,15:50,0.02,16,-,16,46.50,46.50,45.75,45.75,"5,669",NSBM,NSBMJUL-26,2026-07-02
Aug 2026,48.25,-,52.00,16:01,-0.25,108,21,129,51.05,52.80,51.00,51.95,"5,263",NSBM,NSBMAUG-26,2026-07-02
Sep 2026,-,-,57.25,15:54,0.60,42,-,42,56.75,57.50,56.75,57.25,"5,277",NSBM,NSBMSEP-26,2026-07-02
Oct 2026,-,-,-,-,0.00,-,-,-,-,-,-,57.10,137,NSBM,NSBMOCT-26,2026-07-02
Nov 2026,-,-,-,-,0.00,-,-,-,-,-,-,73.50,65,NSBM,NSBMNOV-26,2026-07-02
Dec 2026,-,-,-,-,0.00,-,7,7,-,-,-,78.75,80,NSBM,NSBMDEC-26,2026-07-02
Jan 2027,-,-,-,-,0.00,-,-,-,-,-,-,80.50,0,NSBM,NSBMJAN-27,2026-07-02
2027,-,-,-,-,0.00,-,4,4,-,-,-,1.25,738,HLBY,HLBY-27,2026-07-03
2028,-,-,-,-,0.00,-,-,-,-,-,-,2.07,329,HLBY,HLBY-28,2026-07-03
2029,-,-,-,-,0.00,-,-,-,-,-,-,2.34,89,HLBY,HLBY-29,2026-07-03
2030,-,-,-,-,0.00,-,-,-,-,-,-,1.79,50,HLBY,HLBY-30,2026-07-03
Q4 2026,-,-,0.15,14:56,0.35,3,-,3,1.37,1.37,0.15,0.15,988,HLBQ,HLBQ4-26,2026-07-03
Q1 2027,-,-,-,-,0.00,-,-,-,-,-,-,2.65,169,HLBQ,HLBQ1-27,2026-07-03
Q2 2027,-,-,-,-,0.00,-,-,-,-,-,-,-2.25,7,HLBQ,HLBQ2-27,2026-07-03
Q3 2027,-,-,-,-,0.00,-,-,-,-,-,-,0.50,6,HLBQ,HLBQ3-27,2026-07-03
Jul 2026,-,-,-,-,0.00,-,-,-,-,-,-,-17.87,932,HLBM,HLBMJUL-26,2026-07-03
Aug 2026,-,-,-10.90,15:53,-2.50,5,-,5,-8.80,-8.80,-10.90,-10.90,903,HLBM,HLBMAUG-26,2026-07-03
Sep 2026,-,-,9.50,13:24,-0.27,2,4,6,9.50,9.50,9.50,9.50,884,HLBM,HLBMSEP-26,2026-07-03
Oct 2026,-,-,-,-,0.00,-,-,-,-,-,-,8.60,0,HLBM,HLBMOCT-26,2026-07-03
2027,-,-,48.25,16:06,0.65,12,20,32,48.15,48.25,48.10,48.25,"4,022",NSBY,NSBY-27,2026-07-03
2028,44.25,-,44.75,15:58,0.35,10,17,27,44.90,44.90,44.75,44.75,"1,766",NSBY,NSBY-28,2026-07-03
2029,42.50,-,-,-,0.00,-,9,9,-,-,-,44.50,740,NSBY,NSBY-29,2026-07-03
2030,-,-,-,-,0.00,-,-,-,-,-,-,45.29,349,NSBY,NSBY-30,2026-07-03
2031,-,-,-,-,0.00,-,3,3,-,-,-,46.00,181,NSBY,NSBY-31,2026-07-03
2032,-,-,-,-,0.00,-,-,-,-,-,-,48.38,53,NSBY,NSBY-32,2026-07-03
2033,-,-,-,-,0.00,-,-,-,-,-,-,48.88,1,NSBY,NSBY-33,2026-07-03
2034,-,-,-,-,0.00,-,-,-,-,-,-,49.38,1,NSBY,NSBY-34,2026-07-03
2035,-,-,-,-,0.00,-,-,-,-,-,-,49.88,0,NSBY,NSBY-35,2026-07-03
2036,-,-,-,-,0.00,-,-,-,-,-,-,50.13,0,NSBY,NSBY-36,2026-07-03
Q4 2026,-,71.47,70.95,15:59,1.65,48,17,65,70.00,71.10,70.00,70.94,"5,087",NSBQ,NSBQ4-26,2026-07-03
Q1 2027,-,-,77.30,16:01,1.20,29,18,47,76.75,77.30,76.75,77.27,"1,298",NSBQ,NSBQ1-27,2026-07-03
Q2 2027,-,-,36.85,15:59,0.60,6,14,20,36.85,36.85,36.85,36.85,481,NSBQ,NSBQ2-27,2026-07-03
Q3 2027,-,-,27.55,15:58,0.20,7,-,7,27.75,27.75,27.55,27.55,464,NSBQ,NSBQ3-27,2026-07-03
Q4 2027,-,-,52.30,15:59,0.60,2,18,20,52.40,52.40,52.30,52.30,498,NSBQ,NSBQ4-27,2026-07-03
Q1 2028,-,-,69.85,15:39,0.77,3,-,3,70.60,70.60,69.85,69.88,209,NSBQ,NSBQ1-28,2026-07-03
Q2 2028,-,-,-,-,0.00,-,-,-,-,-,-,35.02,47,NSBQ,NSBQ2-28,2026-07-03
Q3 2028,-,-,24.50,13:36,0.30,3,-,3,24.50,24.50,24.50,24.50,57,NSBQ,NSBQ3-28,2026-07-03
Q4 2028,-,-,50.50,15:12,0.71,1,-,1,50.50,50.50,50.50,50.50,84,NSBQ,NSBQ4-28,2026-07-03
Jul 2026,-,-,47.90,15:53,2.15,11,-,11,51.00,51.00,47.90,47.90,"5,677",NSBM,NSBMJUL-26,2026-07-03
Aug 2026,49.60,-,54.75,15:59,2.80,100,1,101,52.75,54.75,52.75,54.62,"5,267",NSBM,NSBMAUG-26,2026-07-03
Sep 2026,-,-,59.65,15:59,2.40,34,11,45,58.25,59.65,58.25,59.58,"5,279",NSBM,NSBMSEP-26,2026-07-03
Oct 2026,56.81,-,58.75,15:52,1.65,4,-,4,58.00,58.75,58.00,58.75,139,NSBM,NSBMOCT-26,2026-07-03
Nov 2026,-,-,-,-,0.00,-,-,-,-,-,-,73.75,65,NSBM,NSBMNOV-26,2026-07-03
Dec 2026,-,-,-,-,0.00,-,-,-,-,-,-,79.19,76,NSBM,NSBMDEC-26,2026-07-03
Jan 2027,-,-,-,-,0.00,-,-,-,-,-,-,81.09,0,NSBM,NSBMJAN-27,2026-07-03
2027,-,-,1.25,14:46,0.00,1,-,1,1.25,1.25,1.25,1.25,738,HLBY,HLBY-27,2026-07-04
2028,-,-,-,-,0.00,-,-,-,-,-,-,2.04,329,HLBY,HLBY-28,2026-07-04
2029,-,-,-,-,0.00,-,-,-,-,-,-,2.30,89,HLBY,HLBY-29,2026-07-04
2030,-,-,-,-,0.00,-,-,-,-,-,-,1.77,50,HLBY,HLBY-30,2026-07-04
Q4 2026,-,-,-,-,0.00,-,3,3,-,-,-,0.15,991,HLBQ,HLBQ4-26,2026-07-04
Q1 2027,-,3.20,2.55,15:09,-0.10,4,-,4,2.50,2.55,2.50,2.55,171,HLBQ,HLBQ1-27,2026-07-04
Q2 2027,-,-,-,-,0.00,-,-,-,-,-,-,-2.15,7,HLBQ,HLBQ2-27,2026-07-04
Q3 2027,-,-,-,-,0.00,-,-,-,-,-,-,0.03,6,HLBQ,HLBQ3-27,2026-07-04
Jul 2026,-,-,-,-,0.00,-,-,-,-,-,-,-18.00,932,HLBM,HLBMJUL-26,2026-07-04
Aug 2026,-,-,-,-,0.00,-,-,-,-,-,-,-11.18,903,HLBM,HLBMAUG-26,2026-07-04
Sep 2026,-,-,-,-,0.00,-,1,1,-,-,-,9.00,885,HLBM,HLBMSEP-26,2026-07-04
Oct 2026,-,-,-,-,0.00,-,-,-,-,-,-,7.95,0,HLBM,HLBMOCT-26,2026-07-04
2027,-,-,48.55,15:59,0.30,10,14,24,48.55,48.80,48.55,48.55,"4,035",NSBY,NSBY-27,2026-07-04
2028,-,-,45.05,15:53,0.30,4,19,23,44.90,45.10,44.90,44.90,"1,780",NSBY,NSBY-28,2026-07-04
2029,42.50,-,44.90,12:42,0.40,1,2,3,44.90,44.90,44.90,44.85,741,NSBY,NSBY-29,2026-07-04
2030,-,-,45.50,14:54,0.21,1,3,4,45.50,45.50,45.50,45.30,352,NSBY,NSBY-30,2026-07-04
2031,-,-,-,-,0.00,-,-,-,-,-,-,46.45,181,NSBY,NSBY-31,2026-07-04
2032,-,-,-,-,0.00,-,-,-,-,-,-,48.38,53,NSBY,NSBY-32,2026-07-04
2033,-,-,-,-,0.00,-,-,-,-,-,-,48.88,1,NSBY,NSBY-33,2026-07-04
2034,-,-,-,-,0.00,-,-,-,-,-,-,49.38,1,NSBY,NSBY-34,2026-07-04
2035,-,-,-,-,0.00,-,-,-,-,-,-,49.88,0,NSBY,NSBY-35,2026-07-04
2036,-,-,-,-,0.00,-,-,-,-,-,-,50.13,0,NSBY,NSBY-36,2026-07-04
Q4 2026,72.70,-,72.95,16:04,2.01,53,18,71,72.15,73.95,72.15,72.95,"5,102",NSBQ,NSBQ4-26,2026-07-04
Q1 2027,-,-,78.60,16:05,1.33,30,14,44,78.00,78.95,78.00,78.60,"1,300",NSBQ,NSBQ1-27,2026-07-04
Q2 2027,-,-,36.54,15:57,-0.31,21,5,26,37.25,37.40,36.54,36.54,494,NSBQ,NSBQ2-27,2026-07-04
Q3 2027,-,-,27.70,15:57,0.15,8,-,8,27.80,27.80,27.70,27.70,472,NSBQ,NSBQ3-27,2026-07-04
Q4 2027,-,-,52.20,15:57,-0.10,3,-,3,52.15,52.20,52.15,52.20,500,NSBQ,NSBQ4-27,2026-07-04
Q1 2028,-,-,-,-,0.00,-,-,-,-,-,-,69.33,208,NSBQ,NSBQ1-28,2026-07-04
Q2 2028,-,-,-,-,0.00,-,-,-,-,-,-,34.90,47,NSBQ,NSBQ2-28,2026-07-04
Q3 2028,-,-,-,-,0.00,-,-,-,-,-,-,24.50,57,NSBQ,NSBQ3-28,2026-07-04
Q4 2028,-,-,50.90,13:29,0.40,1,-,1,50.90,50.90,50.90,50.90,85,NSBQ,NSBQ4-28,2026-07-04
Jul 2026,-,-,50.00,16:02,2.10,17,10,27,53.00,53.00,50.00,50.10,"5,671",NSBM,NSBMJUL-26,2026-07-04
Aug 2026,-,-,57.25,16:05,2.63,85,25,110,56.70,58.05,56.70,57.26,"5,257",NSBM,NSBMAUG-26,2026-07-04
Sep 2026,-,-,61.75,15:33,2.17,27,-,27,60.60,62.40,60.60,61.75,"5,274",NSBM,NSBMSEP-26,2026-07-04
Oct 2026,60.75,-,62.00,15:47,3.25,4,5,9,60.80,62.00,60.80,61.90,144,NSBM,NSBMOCT-26,2026-07-04
Nov 2026,-,78.25,76.95,15:39,3.20,4,3,7,75.00,76.95,75.00,76.90,69,NSBM,NSBMNOV-26,2026-07-04
Dec 2026,-,-,80.40,13:05,1.21,1,-,1,80.40,80.40,80.40,80.40,77,NSBM,NSBMDEC-26,2026-07-04
Jan 2027,-,-,-,-,0.00,-,-,-,-,-,-,81.72,0,NSBM,NSBMJAN-27,2026-07-04
2027,-,-,1.25,14:46,0.00,1,-,1,1.25,1.25,1.25,1.25,738,HLBY,HLBY-27,2026-07-04
2028,-,-,-,-,0.00,-,-,-,-,-,-,2.04,329,HLBY,HLBY-28,2026-07-04
2029,-,-,-,-,0.00,-,-,-,-,-,-,2.30,89,HLBY,HLBY-29,2026-07-04
2030,-,-,-,-,0.00,-,-,-,-,-,-,1.77,50,HLBY,HLBY-30,2026-07-04
Q4 2026,-,-,-,-,0.00,-,3,3,-,-,-,0.15,991,HLBQ,HLBQ4-26,2026-07-04
Q1 2027,-,3.20,2.55,15:09,-0.10,4,-,4,2.50,2.55,2.50,2.55,171,HLBQ,HLBQ1-27,2026-07-04
Q2 2027,-,-,-,-,0.00,-,-,-,-,-,-,-2.15,7,HLBQ,HLBQ2-27,2026-07-04
Q3 2027,-,-,-,-,0.00,-,-,-,-,-,-,0.03,6,HLBQ,HLBQ3-27,2026-07-04
Jul 2026,-,-,-,-,0.00,-,-,-,-,-,-,-18.00,932,HLBM,HLBMJUL-26,2026-07-04
Aug 2026,-,-,-,-,0.00,-,-,-,-,-,-,-11.18,903,HLBM,HLBMAUG-26,2026-07-04
Sep 2026,-,-,-,-,0.00,-,1,1,-,-,-,9.00,885,HLBM,HLBMSEP-26,2026-07-04
Oct 2026,-,-,-,-,0.00,-,-,-,-,-,-,7.95,0,HLBM,HLBMOCT-26,2026-07-04
2027,-,-,48.55,15:59,0.30,10,14,24,48.55,48.80,48.55,48.55,"4,035",NSBY,NSBY-27,2026-07-04
2028,-,-,45.05,15:53,0.30,4,19,23,44.90,45.10,44.90,44.90,"1,780",NSBY,NSBY-28,2026-07-04
2029,42.50,-,44.90,12:42,0.40,1,2,3,44.90,44.90,44.90,44.85,741,NSBY,NSBY-29,2026-07-04
2030,-,-,45.50,14:54,0.21,1,3,4,45.50,45.50,45.50,45.30,352,NSBY,NSBY-30,2026-07-04
2031,-,-,-,-,0.00,-,-,-,-,-,-,46.45,181,NSBY,NSBY-31,2026-07-04
2032,-,-,-,-,0.00,-,-,-,-,-,-,48.38,53,NSBY,NSBY-32,2026-07-04
2033,-,-,-,-,0.00,-,-,-,-,-,-,48.88,1,NSBY,NSBY-33,2026-07-04
2034,-,-,-,-,0.00,-,-,-,-,-,-,49.38,1,NSBY,NSBY-34,2026-07-04
2035,-,-,-,-,0.00,-,-,-,-,-,-,49.88,0,NSBY,NSBY-35,2026-07-04
2036,-,-,-,-,0.00,-,-,-,-,-,-,50.13,0,NSBY,NSBY-36,2026-07-04
Q4 2026,72.70,-,72.95,16:04,2.01,53,18,71,72.15,73.95,72.15,72.95,"5,102",NSBQ,NSBQ4-26,2026-07-04
Q1 2027,-,-,78.60,16:05,1.33,30,14,44,78.00,78.95,78.00,78.60,"1,300",NSBQ,NSBQ1-27,2026-07-04
Q2 2027,-,-,36.54,15:57,-0.31,21,5,26,37.25,37.40,36.54,36.54,494,NSBQ,NSBQ2-27,2026-07-04
Q3 2027,-,-,27.70,15:57,0.15,8,-,8,27.80,27.80,27.70,27.70,472,NSBQ,NSBQ3-27,2026-07-04
Q4 2027,-,-,52.20,15:57,-0.10,3,-,3,52.15,52.20,52.15,52.20,500,NSBQ,NSBQ4-27,2026-07-04
Q1 2028,-,-,-,-,0.00,-,-,-,-,-,-,69.33,208,NSBQ,NSBQ1-28,2026-07-04
Q2 2028,-,-,-,-,0.00,-,-,-,-,-,-,34.90,47,NSBQ,NSBQ2-28,2026-07-04
Q3 2028,-,-,-,-,0.00,-,-,-,-,-,-,24.50,57,NSBQ,NSBQ3-28,2026-07-04
Q4 2028,-,-,50.90,13:29,0.40,1,-,1,50.90,50.90,50.90,50.90,85,NSBQ,NSBQ4-28,2026-07-04
Jul 2026,-,-,50.00,16:02,2.10,17,10,27,53.00,53.00,50.00,50.10,"5,671",NSBM,NSBMJUL-26,2026-07-04
Aug 2026,-,-,57.25,16:05,2.63,85,25,110,56.70,58.05,56.70,57.26,"5,257",NSBM,NSBMAUG-26,2026-07-04
Sep 2026,-,-,61.75,15:33,2.17,27,-,27,60.60,62.40,60.60,61.75,"5,274",NSBM,NSBMSEP-26,2026-07-04
Oct 2026,60.75,-,62.00,15:47,3.25,4,5,9,60.80,62.00,60.80,61.90,144,NSBM,NSBMOCT-26,2026-07-04
Nov 2026,-,78.25,76.95,15:39,3.20,4,3,7,75.00,76.95,75.00,76.90,69,NSBM,NSBMNOV-26,2026-07-04
Dec 2026,-,-,80.40,13:05,1.21,1,-,1,80.40,80.40,80.40,80.40,77,NSBM,NSBMDEC-26,2026-07-04
Jan 2027,-,-,-,-,0.00,-,-,-,-,-,-,81.72,0,NSBM,NSBMJAN-27,2026-07-04
2027,-,-,1.25,14:46,0.00,1,-,1,1.25,1.25,1.25,1.25,738,HLBY,HLBY-27,2026-07-06
2028,-,-,-,-,0.00,-,-,-,-,-,-,2.04,329,HLBY,HLBY-28,2026-07-06
2029,-,-,-,-,0.00,-,-,-,-,-,-,2.30,89,HLBY,HLBY-29,2026-07-06
2030,-,-,-,-,0.00,-,-,-,-,-,-,1.77,50,HLBY,HLBY-30,2026-07-06
Q4 2026,-,-,-,-,0.00,-,3,3,-,-,-,0.15,991,HLBQ,HLBQ4-26,2026-07-06
Q1 2027,-,3.20,2.55,15:09,-0.10,4,-,4,2.50,2.55,2.50,2.55,171,HLBQ,HLBQ1-27,2026-07-06
Q2 2027,-,-,-,-,0.00,-,-,-,-,-,-,-2.15,7,HLBQ,HLBQ2-27,2026-07-06
Q3 2027,-,-,-,-,0.00,-,-,-,-,-,-,0.03,6,HLBQ,HLBQ3-27,2026-07-06
Jul 2026,-,-,-,-,0.00,-,-,-,-,-,-,-18.00,932,HLBM,HLBMJUL-26,2026-07-06
Aug 2026,-,-,-,-,0.00,-,-,-,-,-,-,-11.18,903,HLBM,HLBMAUG-26,2026-07-06
Sep 2026,-,-,-,-,0.00,-,1,1,-,-,-,9.00,885,HLBM,HLBMSEP-26,2026-07-06
Oct 2026,-,-,-,-,0.00,-,-,-,-,-,-,7.95,0,HLBM,HLBMOCT-26,2026-07-06
2027,-,-,48.55,15:59,0.30,10,14,24,48.55,48.80,48.55,48.55,"4,035",NSBY,NSBY-27,2026-07-06
2028,-,-,45.05,15:53,0.30,4,19,23,44.90,45.10,44.90,44.90,"1,780",NSBY,NSBY-28,2026-07-06
2029,42.50,-,44.90,12:42,0.40,1,2,3,44.90,44.90,44.90,44.85,741,NSBY,NSBY-29,2026-07-06
2030,-,-,45.50,14:54,0.21,1,3,4,45.50,45.50,45.50,45.30,352,NSBY,NSBY-30,2026-07-06
2031,-,-,-,-,0.00,-,-,-,-,-,-,46.45,181,NSBY,NSBY-31,2026-07-06
2032,-,-,-,-,0.00,-,-,-,-,-,-,48.38,53,NSBY,NSBY-32,2026-07-06
2033,-,-,-,-,0.00,-,-,-,-,-,-,48.88,1,NSBY,NSBY-33,2026-07-06
2034,-,-,-,-,0.00,-,-,-,-,-,-,49.38,1,NSBY,NSBY-34,2026-07-06
2035,-,-,-,-,0.00,-,-,-,-,-,-,49.88,0,NSBY,NSBY-35,2026-07-06
2036,-,-,-,-,0.00,-,-,-,-,-,-,50.13,0,NSBY,NSBY-36,2026-07-06
Q4 2026,72.70,-,72.95,16:04,2.01,53,18,71,72.15,73.95,72.15,72.95,"5,102",NSBQ,NSBQ4-26,2026-07-06
Q1 2027,-,-,78.60,16:05,1.33,30,14,44,78.00,78.95,78.00,78.60,"1,300",NSBQ,NSBQ1-27,2026-07-06
Q2 2027,-,-,36.54,15:57,-0.31,21,5,26,37.25,37.40,36.54,36.54,494,NSBQ,NSBQ2-27,2026-07-06
Q3 2027,-,-,27.70,15:57,0.15,8,-,8,27.80,27.80,27.70,27.70,472,NSBQ,NSBQ3-27,2026-07-06
Q4 2027,-,-,52.20,15:57,-0.10,3,-,3,52.15,52.20,52.15,52.20,500,NSBQ,NSBQ4-27,2026-07-06
Q1 2028,-,-,-,-,0.00,-,-,-,-,-,-,69.33,208,NSBQ,NSBQ1-28,2026-07-06
Q2 2028,-,-,-,-,0.00,-,-,-,-,-,-,34.90,47,NSBQ,NSBQ2-28,2026-07-06
Q3 2028,-,-,-,-,0.00,-,-,-,-,-,-,24.50,57,NSBQ,NSBQ3-28,2026-07-06
Q4 2028,-,-,50.90,13:29,0.40,1,-,1,50.90,50.90,50.90,50.90,85,NSBQ,NSBQ4-28,2026-07-06
Jul 2026,-,-,50.00,16:02,2.10,17,10,27,53.00,53.00,50.00,50.10,"5,671",NSBM,NSBMJUL-26,2026-07-06
Aug 2026,-,-,57.25,16:05,2.63,85,25,110,56.70,58.05,56.70,57.26,"5,257",NSBM,NSBMAUG-26,2026-07-06
Sep 2026,-,-,61.75,15:33,2.17,27,-,27,60.60,62.40,60.60,61.75,"5,274",NSBM,NSBMSEP-26,2026-07-06
Oct 2026,60.75,-,62.00,15:47,3.25,4,5,9,60.80,62.00,60.80,61.90,144,NSBM,NSBMOCT-26,2026-07-06
Nov 2026,-,78.25,76.95,15:39,3.20,4,3,7,75.00,76.95,75.00,76.90,69,NSBM,NSBMNOV-26,2026-07-06
Dec 2026,-,-,80.40,13:05,1.21,1,-,1,80.40,80.40,80.40,80.40,77,NSBM,NSBMDEC-26,2026-07-06
Jan 2027,-,-,-,-,0.00,-,-,-,-,-,-,81.72,0,NSBM,NSBMJAN-27,2026-07-06
2027,-,-,-,-,0.00,-,8,8,-,-,-,1.25,746,HLBY,HLBY-27,2026-07-07
2028,-,-,-,-,0.00,-,-,-,-,-,-,2.25,329,HLBY,HLBY-28,2026-07-07
2029,-,-,-,-,0.00,-,-,-,-,-,-,2.92,89,HLBY,HLBY-29,2026-07-07
2030,-,-,-,-,0.00,-,-,-,-,-,-,1.74,50,HLBY,HLBY-30,2026-07-07
Q4 2026,-,-,-,-,0.00,-,-,-,-,-,-,0.25,991,HLBQ,HLBQ4-26,2026-07-07
Q1 2027,-,-,-,-,0.00,-,-,-,-,-,-,2.53,171,HLBQ,HLBQ1-27,2026-07-07
Q2 2027,-,-,-,-,0.00,-,1,1,-,-,-,-2.00,8,HLBQ,HLBQ2-27,2026-07-07
Q3 2027,-,-,-,-,0.00,-,-,-,-,-,-,-0.09,6,HLBQ,HLBQ3-27,2026-07-07
Jul 2026,-,-,-,-,0.00,-,-,-,-,-,-,-18.82,932,HLBM,HLBMJUL-26,2026-07-07
Aug 2026,-,-,-,-,0.00,-,-,-,-,-,-,-10.97,903,HLBM,HLBMAUG-26,2026-07-07
Sep 2026,-,-,-,-,0.00,-,-,-,-,-,-,9.47,885,HLBM,HLBMSEP-26,2026-07-07
Oct 2026,-,-,-,-,0.00,-,3,3,-,-,-,8.00,3,HLBM,HLBMOCT-26,2026-07-07
2027,-,-,48.15,15:49,-0.40,14,4,18,48.35,48.40,48.15,48.00,"4,040",NSBY,NSBY-27,2026-07-07
2028,-,-,-,-,0.00,-,7,7,-,-,-,44.45,"1,786",NSBY,NSBY-28,2026-07-07
2029,42.50,-,44.40,15:58,-0.45,3,-,3,44.75,44.75,44.40,44.40,744,NSBY,NSBY-29,2026-07-07
2030,-,-,-,-,0.00,-,-,-,-,-,-,45.56,352,NSBY,NSBY-30,2026-07-07
2031,-,-,-,-,0.00,-,-,-,-,-,-,46.45,181,NSBY,NSBY-31,2026-07-07
2032,-,-,-,-,0.00,-,-,-,-,-,-,48.38,53,NSBY,NSBY-32,2026-07-07
2033,-,-,-,-,0.00,-,-,-,-,-,-,48.88,1,NSBY,NSBY-33,2026-07-07
2034,-,-,-,-,0.00,-,-,-,-,-,-,49.38,1,NSBY,NSBY-34,2026-07-07
2035,-,-,-,-,0.00,-,-,-,-,-,-,49.88,0,NSBY,NSBY-35,2026-07-07
2036,-,-,-,-,0.00,-,-,-,-,-,-,50.13,0,NSBY,NSBY-36,2026-07-07
Q4 2026,72.20,-,72.45,15:59,-0.50,24,-,24,73.15,73.15,72.40,72.48,"5,108",NSBQ,NSBQ4-26,2026-07-07
Q1 2027,-,-,78.55,15:31,-0.05,13,-,13,78.60,78.60,78.30,78.55,"1,307",NSBQ,NSBQ1-27,2026-07-07
Q2 2027,-,-,-,-,0.00,-,1,1,-,-,-,36.25,484,NSBQ,NSBQ2-27,2026-07-07
Q3 2027,-,-,-,-,0.00,-,-,-,-,-,-,27.50,470,NSBQ,NSBQ3-27,2026-07-07
Q4 2027,-,-,-,-,0.00,-,-,-,-,-,-,51.40,500,NSBQ,NSBQ4-27,2026-07-07
Q1 2028,-,-,70.50,15:16,1.17,1,-,1,70.50,70.50,70.50,69.75,209,NSBQ,NSBQ1-28,2026-07-07
Q2 2028,-,-,35.55,15:53,0.65,3,-,3,35.55,35.55,35.55,35.55,50,NSBQ,NSBQ2-28,2026-07-07
Q3 2028,-,-,-,-,0.00,-,-,-,-,-,-,24.00,57,NSBQ,NSBQ3-28,2026-07-07
Q4 2028,-,-,-,-,0.00,-,-,-,-,-,-,50.00,85,NSBQ,NSBQ4-28,2026-07-07
Jul 2026,-,-,-,-,0.00,-,-,-,-,-,-,51.75,"5,671",NSBM,NSBMJUL-26,2026-07-07
Aug 2026,-,-,58.00,15:59,0.74,68,3,71,59.94,60.00,57.25,58.00,"5,250",NSBM,NSBMAUG-26,2026-07-07
Sep 2026,-,62.90,61.90,13:15,0.15,3,-,3,61.90,61.90,61.90,61.90,"5,271",NSBM,NSBMSEP-26,2026-07-07
Oct 2026,60.40,-,61.90,15:27,0.00,2,-,2,62.00,62.00,61.90,61.90,145,NSBM,NSBMOCT-26,2026-07-07
Nov 2026,-,-,77.00,15:28,0.10,5,-,5,77.00,77.00,77.00,76.75,71,NSBM,NSBMNOV-26,2026-07-07
Dec 2026,79.35,83.64,79.89,14:11,-0.51,2,-,2,79.89,79.89,79.89,79.35,79,NSBM,NSBMDEC-26,2026-07-07
Jan 2027,-,83.99,-,-,0.00,-,-,-,-,-,-,82.75,0,NSBM,NSBMJAN-27,2026-07-07
2027,-,-,-,-,0.00,-,1,1,-,-,-,1.20,745,HLBY,HLBY-27,2026-07-07
2028,-,-,-,-,0.00,-,7,7,-,-,-,2.20,332,HLBY,HLBY-28,2026-07-07
2029,-,-,-,-,0.00,-,-,-,-,-,-,2.92,89,HLBY,HLBY-29,2026-07-07
2030,-,-,-,-,0.00,-,-,-,-,-,-,1.74,50,HLBY,HLBY-30,2026-07-07
Q4 2026,-,-,-,-,0.00,-,4,4,-,-,-,0.20,995,HLBQ,HLBQ4-26,2026-07-07
Q1 2027,-,3.40,2.70,14:21,0.17,2,6,8,2.70,2.70,2.70,2.75,169,HLBQ,HLBQ1-27,2026-07-07
Q2 2027,-,-,-,-,0.00,-,-,-,-,-,-,-2.03,8,HLBQ,HLBQ2-27,2026-07-07
Q3 2027,-,-,-,-,0.00,-,-,-,-,-,-,-0.15,6,HLBQ,HLBQ3-27,2026-07-07
Jul 2026,-,-,-,-,0.00,-,-,-,-,-,-,-19.74,932,HLBM,HLBMJUL-26,2026-07-07
Aug 2026,-,-,-11.25,15:49,-0.28,1,-,1,-11.25,-11.25,-11.25,-11.25,904,HLBM,HLBMAUG-26,2026-07-07
Sep 2026,-,-,-,-,0.00,-,-,-,-,-,-,9.38,885,HLBM,HLBMSEP-26,2026-07-07
Oct 2026,-,-,-,-,0.00,-,-,-,-,-,-,8.43,3,HLBM,HLBMOCT-26,2026-07-07
2027,-,-,48.20,15:59,0.20,12,2,14,48.50,48.50,48.20,48.20,"4,047",NSBY,NSBY-27,2026-07-07
2028,-,-,44.40,15:38,-0.05,8,10,18,44.45,44.45,44.30,44.40,"1,793",NSBY,NSBY-28,2026-07-07
2029,42.50,-,44.35,13:55,-0.05,1,-,1,44.35,44.35,44.35,44.35,744,NSBY,NSBY-29,2026-07-07
2030,-,-,-,-,0.00,-,-,-,-,-,-,45.56,352,NSBY,NSBY-30,2026-07-07
2031,-,-,-,-,0.00,-,-,-,-,-,-,46.45,181,NSBY,NSBY-31,2026-07-07
2032,-,-,-,-,0.00,-,-,-,-,-,-,48.38,53,NSBY,NSBY-32,2026-07-07
2033,-,-,-,-,0.00,-,-,-,-,-,-,48.88,1,NSBY,NSBY-33,2026-07-07
2034,-,-,-,-,0.00,-,-,-,-,-,-,49.38,1,NSBY,NSBY-34,2026-07-07
2035,-,-,-,-,0.00,-,-,-,-,-,-,49.88,0,NSBY,NSBY-35,2026-07-07
2036,-,-,-,-,0.00,-,-,-,-,-,-,50.13,0,NSBY,NSBY-36,2026-07-07
Q4 2026,-,73.05,72.85,15:54,0.37,55,18,73,72.65,72.85,72.60,72.85,"5,134",NSBQ,NSBQ4-26,2026-07-07
Q1 2027,-,-,78.70,15:41,0.15,19,4,23,78.70,78.85,78.70,78.75,"1,321",NSBQ,NSBQ1-27,2026-07-07
Q2 2027,-,-,36.35,15:30,0.10,1,-,1,36.35,36.35,36.35,36.35,485,NSBQ,NSBQ2-27,2026-07-07
Q3 2027,-,-,-,-,0.00,-,-,-,-,-,-,27.80,470,NSBQ,NSBQ3-27,2026-07-07
Q4 2027,-,-,-,-,0.00,-,-,-,-,-,-,51.90,500,NSBQ,NSBQ4-27,2026-07-07
Q1 2028,-,-,-,-,0.00,-,-,-,-,-,-,70.33,209,NSBQ,NSBQ1-28,2026-07-07
Q2 2028,-,-,-,-,0.00,-,-,-,-,-,-,35.04,50,NSBQ,NSBQ2-28,2026-07-07
Q3 2028,-,-,-,-,0.00,-,-,-,-,-,-,24.05,57,NSBQ,NSBQ3-28,2026-07-07
Q4 2028,-,-,-,-,0.00,-,-,-,-,-,-,50.00,85,NSBQ,NSBQ4-28,2026-07-07
Jul 2026,-,-,-,-,0.00,-,-,-,-,-,-,51.00,"5,666",NSBM,NSBMJUL-26,2026-07-07
Aug 2026,-,-,58.30,15:56,0.30,53,19,72,58.40,58.40,58.00,58.30,"5,278",NSBM,NSBMAUG-26,2026-07-07
Sep 2026,-,-,62.15,15:57,0.25,57,-,57,62.15,62.15,62.10,62.15,"5,318",NSBM,NSBMSEP-26,2026-07-07
Oct 2026,61.65,-,-,-,0.00,-,2,2,-,-,-,62.00,144,NSBM,NSBMOCT-26,2026-07-07
Nov 2026,-,-,-,-,0.00,-,-,-,-,-,-,76.85,66,NSBM,NSBMNOV-26,2026-07-07
Dec 2026,-,-,-,-,0.00,-,-,-,-,-,-,79.45,79,NSBM,NSBMDEC-26,2026-07-07
Jan 2027,-,-,-,-,0.00,-,-,-,-,-,-,83.56,0,NSBM,NSBMJAN-27,2026-07-07
2027,-,-,-,-,0.00,-,1,1,-,-,-,1.00,745,HLBY,HLBY-27,2026-07-09
2028,-,-,-,-,0.00,-,-,-,-,-,-,2.14,332,HLBY,HLBY-28,2026-07-09
2029,-,-,-,-,0.00,-,-,-,-,-,-,2.93,89,HLBY,HLBY-29,2026-07-09
2030,-,-,-,-,0.00,-,-,-,-,-,-,1.75,50,HLBY,HLBY-30,2026-07-09
Q4 2026,-,-,0.25,15:01,0.05,3,2,5,0.24,0.25,0.24,0.25,997,HLBQ,HLBQ4-26,2026-07-09
Q1 2027,-,-,2.50,11:55,-0.25,4,-,4,2.50,2.50,2.50,2.50,172,HLBQ,HLBQ1-27,2026-07-09
Q2 2027,-,-,-,-,0.00,-,-,-,-,-,-,-1.98,8,HLBQ,HLBQ2-27,2026-07-09
Q3 2027,-,-,-,-,0.00,-,-,-,-,-,-,-0.18,6,HLBQ,HLBQ3-27,2026-07-09
Jul 2026,-,-,-,-,0.00,-,-,-,-,-,-,-21.96,932,HLBM,HLBMJUL-26,2026-07-09
Aug 2026,-,-,-12.50,14:29,-1.25,2,10,12,-11.50,-11.50,-12.50,-12.50,916,HLBM,HLBMAUG-26,2026-07-09
Sep 2026,-,-,-,-,0.00,-,3,3,-,-,-,9.20,889,HLBM,HLBMSEP-26,2026-07-09
Oct 2026,-,-,-,-,0.00,-,-,-,-,-,-,7.97,3,HLBM,HLBMOCT-26,2026-07-09
2027,-,-,48.75,15:59,0.55,8,24,32,48.40,48.75,48.40,48.70,"4,073",NSBY,NSBY-27,2026-07-09
2028,42.54,47.05,44.50,15:59,0.10,3,8,11,44.55,44.55,44.50,44.50,"1,797",NSBY,NSBY-28,2026-07-09
2029,42.50,-,44.25,15:50,-0.10,2,-,2,44.25,44.25,44.25,44.25,744,NSBY,NSBY-29,2026-07-09
2030,-,-,-,-,0.00,-,-,-,-,-,-,45.31,352,NSBY,NSBY-30,2026-07-09
2031,-,-,-,-,0.00,-,-,-,-,-,-,46.44,181,NSBY,NSBY-31,2026-07-09
2032,-,-,-,-,0.00,-,-,-,-,-,-,48.38,53,NSBY,NSBY-32,2026-07-09
2033,-,-,-,-,0.00,-,-,-,-,-,-,48.88,1,NSBY,NSBY-33,2026-07-09
2034,-,-,-,-,0.00,-,-,-,-,-,-,49.38,1,NSBY,NSBY-34,2026-07-09
2035,-,-,-,-,0.00,-,-,-,-,-,-,49.88,0,NSBY,NSBY-35,2026-07-09
2036,-,-,-,-,0.00,-,-,-,-,-,-,50.13,0,NSBY,NSBY-36,2026-07-09
Q4 2026,-,-,74.85,15:58,2.00,71,-,71,74.50,75.00,74.50,74.85,"5,165",NSBQ,NSBQ4-26,2026-07-09
Q1 2027,80.00,-,79.95,15:39,1.20,14,13,27,79.85,80.05,79.85,80.35,"1,329",NSBQ,NSBQ1-27,2026-07-09
Q2 2027,-,-,36.18,14:35,-0.17,4,10,14,36.60,36.65,36.18,36.40,497,NSBQ,NSBQ2-27,2026-07-09
Q3 2027,-,-,27.90,15:56,0.10,14,10,24,27.91,27.91,27.50,27.90,492,NSBQ,NSBQ3-27,2026-07-09
Q4 2027,-,-,51.55,14:35,-0.35,3,10,13,51.90,51.90,51.50,51.80,512,NSBQ,NSBQ4-27,2026-07-09
Q1 2028,-,-,70.95,13:01,0.62,1,-,1,70.95,70.95,70.95,70.23,210,NSBQ,NSBQ1-28,2026-07-09
Q2 2028,-,-,35.55,15:48,0.51,3,-,3,35.55,35.55,35.55,35.55,53,NSBQ,NSBQ2-28,2026-07-09
Q3 2028,-,-,-,-,0.00,-,-,-,-,-,-,23.50,57,NSBQ,NSBQ3-28,2026-07-09
Q4 2028,-,-,-,-,0.00,-,2,2,-,-,-,50.75,87,NSBQ,NSBQ4-28,2026-07-09
Jul 2026,-,-,54.00,14:45,3.00,8,-,8,54.00,54.00,54.00,54.00,"5,666",NSBM,NSBMJUL-26,2026-07-09
Aug 2026,-,-,59.95,15:58,1.65,78,35,113,59.25,60.25,59.25,59.98,"5,312",NSBM,NSBMAUG-26,2026-07-09
Sep 2026,-,68.30,64.00,15:59,1.85,31,7,38,64.50,64.50,63.85,64.00,"5,344",NSBM,NSBMSEP-26,2026-07-09
Oct 2026,62.78,-,64.70,15:59,2.70,3,5,8,63.40,64.75,63.40,64.70,151,NSBM,NSBMOCT-26,2026-07-09
Nov 2026,-,-,78.51,08:49,1.66,3,-,3,78.51,78.51,78.51,78.51,66,NSBM,NSBMNOV-26,2026-07-09
Dec 2026,-,-,81.10,10:33,1.65,3,1,4,81.10,81.10,81.10,81.55,81,NSBM,NSBMDEC-26,2026-07-09
Jan 2027,-,-,83.65,09:59,0.09,1,-,1,83.65,83.65,83.65,84.00,1,NSBM,NSBMJAN-27,2026-07-09
2027,-,-,-,-,0.00,-,4,4,-,-,-,0.65,748,HLBY,HLBY-27,2026-07-10
2028,-,-,-,-,0.00,-,-,-,-,-,-,2.14,332,HLBY,HLBY-28,2026-07-10
2029,-,-,-,-,0.00,-,-,-,-,-,-,2.47,89,HLBY,HLBY-29,2026-07-10
2030,-,-,-,-,0.00,-,-,-,-,-,-,1.75,50,HLBY,HLBY-30,2026-07-10
Q4 2026,-,-,-,-,0.00,-,-,-,-,-,-,0.25,997,HLBQ,HLBQ4-26,2026-07-10
Q1 2027,-,-,2.50,14:51,0.00,1,-,1,2.50,2.50,2.50,2.50,172,HLBQ,HLBQ1-27,2026-07-10
Q2 2027,-,-,-,-,0.00,-,-,-,-,-,-,-1.89,8,HLBQ,HLBQ2-27,2026-07-10
Q3 2027,-,-,-,-,0.00,-,-,-,-,-,-,-0.27,6,HLBQ,HLBQ3-27,2026-07-10
Jul 2026,-,-,-,-,0.00,-,-,-,-,-,-,-23.59,932,HLBM,HLBMJUL-26,2026-07-10
Aug 2026,-,-,-,-,0.00,-,-,-,-,-,-,-12.95,916,HLBM,HLBMAUG-26,2026-07-10
Sep 2026,-,-,-,-,0.00,-,7,7,-,-,-,9.25,896,HLBM,HLBMSEP-26,2026-07-10
Oct 2026,-,-,-,-,0.00,-,-,-,-,-,-,8.18,3,HLBM,HLBMOCT-26,2026-07-10
2027,-,-,49.20,15:56,0.50,17,34,51,48.93,49.23,48.93,49.20,"4,107",NSBY,NSBY-27,2026-07-10
2028,-,-,44.70,15:44,0.20,8,7,15,44.50,44.70,44.50,44.70,"1,806",NSBY,NSBY-28,2026-07-10
2029,42.50,-,44.30,15:17,0.05,2,1,3,44.30,44.30,44.30,44.30,744,NSBY,NSBY-29,2026-07-10
2030,-,-,45.31,10:29,0.00,1,-,1,45.31,45.31,45.31,45.31,352,NSBY,NSBY-30,2026-07-10
2031,-,-,-,-,0.00,-,-,-,-,-,-,46.14,181,NSBY,NSBY-31,2026-07-10
2032,-,-,-,-,0.00,-,-,-,-,-,-,48.38,53,NSBY,NSBY-32,2026-07-10
2033,-,-,-,-,0.00,-,-,-,-,-,-,48.88,1,NSBY,NSBY-33,2026-07-10
2034,-,-,-,-,0.00,-,-,-,-,-,-,49.38,1,NSBY,NSBY-34,2026-07-10
2035,-,-,-,-,0.00,-,-,-,-,-,-,49.88,0,NSBY,NSBY-35,2026-07-10
2036,-,-,-,-,0.00,-,-,-,-,-,-,50.13,0,NSBY,NSBY-36,2026-07-10
Q4 2026,-,-,76.35,15:59,1.50,31,14,45,75.30,76.35,75.30,76.15,"5,175",NSBQ,NSBQ4-26,2026-07-10
Q1 2027,-,-,80.95,15:52,0.60,4,7,11,80.75,80.95,80.75,81.20,"1,327",NSBQ,NSBQ1-27,2026-07-10
Q2 2027,-,-,36.10,14:07,-0.30,3,5,8,36.70,36.70,36.10,36.65,492,NSBQ,NSBQ2-27,2026-07-10
Q3 2027,-,-,28.20,14:07,0.30,1,-,1,28.20,28.20,28.20,28.20,482,NSBQ,NSBQ3-27,2026-07-10
Q4 2027,-,-,52.00,15:27,0.20,2,2,4,51.75,52.00,51.75,52.00,505,NSBQ,NSBQ4-27,2026-07-10
Q1 2028,-,-,-,-,0.00,-,-,-,-,-,-,70.60,210,NSBQ,NSBQ1-28,2026-07-10
Q2 2028,-,-,-,-,0.00,-,-,-,-,-,-,35.05,53,NSBQ,NSBQ2-28,2026-07-10
Q3 2028,-,-,-,-,0.00,-,-,-,-,-,-,24.05,57,NSBQ,NSBQ3-28,2026-07-10
Q4 2028,-,-,50.80,10:23,0.05,1,-,1,50.80,50.80,50.80,50.80,87,NSBQ,NSBQ4-28,2026-07-10
Jul 2026,-,-,56.00,15:39,2.00,27,-,27,54.00,56.00,54.00,56.00,"5,666",NSBM,NSBMJUL-26,2026-07-10
Aug 2026,-,-,61.90,15:58,1.92,86,7,93,60.25,61.90,60.25,61.90,"5,288",NSBM,NSBMAUG-26,2026-07-10
Sep 2026,-,-,65.80,15:59,1.80,8,1,9,64.70,65.80,64.70,65.80,"5,340",NSBM,NSBMSEP-26,2026-07-10
Oct 2026,64.60,-,65.00,15:30,0.30,3,-,3,64.80,65.00,64.80,65.00,151,NSBM,NSBMOCT-26,2026-07-10
Nov 2026,-,-,-,-,0.00,-,-,-,-,-,-,79.84,66,NSBM,NSBMNOV-26,2026-07-10
Dec 2026,-,-,-,-,0.00,-,-,-,-,-,-,82.36,81,NSBM,NSBMDEC-26,2026-07-10
Jan 2027,-,-,-,-,0.00,-,-,-,-,-,-,84.59,1,NSBM,NSBMJAN-27,2026-07-10
2027,-,-,-,-,0.00,-,-,-,-,-,-,0.19,748,HLBY,HLBY-27,2026-07-10
2028,-,-,-,-,0.00,-,-,-,-,-,-,1.95,332,HLBY,HLBY-28,2026-07-10
2029,-,-,-,-,0.00,-,-,-,-,-,-,1.97,89,HLBY,HLBY-29,2026-07-10
2030,-,-,-,-,0.00,-,-,-,-,-,-,1.74,50,HLBY,HLBY-30,2026-07-10
Q4 2026,-,-,0.45,15:17,0.20,1,1,2,0.45,0.45,0.45,0.45,998,HLBQ,HLBQ4-26,2026-07-10
Q1 2027,-,-,-,-,0.00,-,6,6,-,-,-,2.50,178,HLBQ,HLBQ1-27,2026-07-10
Q2 2027,-,-,-,-,0.00,-,-,-,-,-,-,-1.98,8,HLBQ,HLBQ2-27,2026-07-10
Q3 2027,-,-,-,-,0.00,-,-,-,-,-,-,-0.30,6,HLBQ,HLBQ3-27,2026-07-10
Jul 2026,-,-,-,-,0.00,-,-,-,-,-,-,-25.27,932,HLBM,HLBMJUL-26,2026-07-10
Aug 2026,-,-,-14.17,15:59,-1.22,4,-,4,-14.00,-14.00,-14.17,-14.13,917,HLBM,HLBMAUG-26,2026-07-10
Sep 2026,-,-,-,-,0.00,-,3,3,-,-,-,9.10,899,HLBM,HLBMSEP-26,2026-07-10
Oct 2026,-,-,-,-,0.00,-,-,-,-,-,-,8.82,3,HLBM,HLBMOCT-26,2026-07-10
2027,-,-,49.10,15:40,-0.10,10,41,51,49.20,49.20,49.00,49.00,"4,137",NSBY,NSBY-27,2026-07-10
2028,-,-,44.70,11:01,0.00,5,9,14,44.70,44.70,44.70,44.70,"1,805",NSBY,NSBY-28,2026-07-10
2029,42.50,-,44.25,12:14,-0.05,2,5,7,44.25,44.25,44.25,44.20,743,NSBY,NSBY-29,2026-07-10
2030,-,-,-,-,0.00,-,-,-,-,-,-,45.38,352,NSBY,NSBY-30,2026-07-10
2031,-,-,-,-,0.00,-,-,-,-,-,-,46.14,181,NSBY,NSBY-31,2026-07-10
2032,-,-,-,-,0.00,-,-,-,-,-,-,48.38,53,NSBY,NSBY-32,2026-07-10
2033,-,-,-,-,0.00,-,-,-,-,-,-,48.88,1,NSBY,NSBY-33,2026-07-10
2034,-,-,-,-,0.00,-,-,-,-,-,-,49.38,1,NSBY,NSBY-34,2026-07-10
2035,-,-,-,-,0.00,-,-,-,-,-,-,49.88,0,NSBY,NSBY-35,2026-07-10
2036,-,-,-,-,0.00,-,-,-,-,-,-,50.13,0,NSBY,NSBY-36,2026-07-10
Q4 2026,-,-,76.70,16:02,0.55,50,41,91,76.50,76.70,75.70,76.50,"5,225",NSBQ,NSBQ4-26,2026-07-10
Q1 2027,-,-,81.10,16:00,-0.10,30,56,86,81.20,81.20,80.70,81.10,"1,335",NSBQ,NSBQ1-27,2026-07-10
Q2 2027,-,-,-,-,0.00,-,-,-,-,-,-,36.77,492,NSBQ,NSBQ2-27,2026-07-10
Q3 2027,-,-,28.00,15:34,-0.20,2,3,5,28.00,28.00,28.00,28.00,482,NSBQ,NSBQ3-27,2026-07-10
Q4 2027,-,-,-,-,0.00,-,5,5,-,-,-,51.90,510,NSBQ,NSBQ4-27,2026-07-10
Q1 2028,-,-,70.60,15:15,0.00,4,-,4,72.10,72.10,70.60,70.60,211,NSBQ,NSBQ1-28,2026-07-10
Q2 2028,-,-,-,-,0.00,-,-,-,-,-,-,34.93,53,NSBQ,NSBQ2-28,2026-07-10
Q3 2028,-,-,-,-,0.00,-,-,-,-,-,-,23.85,57,NSBQ,NSBQ3-28,2026-07-10
Q4 2028,-,-,-,-,0.00,-,-,-,-,-,-,50.45,87,NSBQ,NSBQ4-28,2026-07-10
Jul 2026,-,-,53.50,15:56,-2.50,14,-,14,55.00,55.00,53.00,53.50,"5,680",NSBM,NSBMJUL-26,2026-07-10
Aug 2026,-,-,61.15,15:51,-0.75,58,5,63,63.00,63.00,61.15,61.15,"5,328",NSBM,NSBMAUG-26,2026-07-10
Sep 2026,-,67.60,65.45,15:41,-0.35,62,1,63,67.10,67.10,65.45,65.45,"5,337",NSBM,NSBMSEP-26,2026-07-10
Oct 2026,65.00,67.20,65.10,14:36,0.10,12,3,15,65.75,65.75,65.00,65.65,164,NSBM,NSBMOCT-26,2026-07-10
Nov 2026,-,-,-,-,0.00,-,-,-,-,-,-,80.75,66,NSBM,NSBMNOV-26,2026-07-10
Dec 2026,-,-,82.25,13:44,-0.11,1,-,1,82.25,82.25,82.25,82.25,82,NSBM,NSBMDEC-26,2026-07-10
Jan 2027,-,-,-,-,0.00,-,-,-,-,-,-,85.40,1,NSBM,NSBMJAN-27,2026-07-10
2027,-,-,-,-,0.00,-,-,-,-,-,-,0.19,748,HLBY,HLBY-27,2026-07-11
2028,-,-,-,-,0.00,-,-,-,-,-,-,1.95,332,HLBY,HLBY-28,2026-07-11
2029,-,-,-,-,0.00,-,-,-,-,-,-,1.97,89,HLBY,HLBY-29,2026-07-11
2030,-,-,-,-,0.00,-,-,-,-,-,-,1.74,50,HLBY,HLBY-30,2026-07-11
Q4 2026,-,-,0.45,15:17,0.20,1,1,2,0.45,0.45,0.45,0.45,998,HLBQ,HLBQ4-26,2026-07-11
Q1 2027,-,-,-,-,0.00,-,6,6,-,-,-,2.50,178,HLBQ,HLBQ1-27,2026-07-11
Q2 2027,-,-,-,-,0.00,-,-,-,-,-,-,-1.98,8,HLBQ,HLBQ2-27,2026-07-11
Q3 2027,-,-,-,-,0.00,-,-,-,-,-,-,-0.30,6,HLBQ,HLBQ3-27,2026-07-11
Jul 2026,-,-,-,-,0.00,-,-,-,-,-,-,-25.27,932,HLBM,HLBMJUL-26,2026-07-11
Aug 2026,-,-,-14.17,15:59,-1.22,4,-,4,-14.00,-14.00,-14.17,-14.13,917,HLBM,HLBMAUG-26,2026-07-11
Sep 2026,-,-,-,-,0.00,-,3,3,-,-,-,9.10,899,HLBM,HLBMSEP-26,2026-07-11
Oct 2026,-,-,-,-,0.00,-,-,-,-,-,-,8.82,3,HLBM,HLBMOCT-26,2026-07-11
2027,-,-,49.10,15:40,-0.10,10,41,51,49.20,49.20,49.00,49.00,"4,137",NSBY,NSBY-27,2026-07-11
2028,-,-,44.70,11:01,0.00,5,9,14,44.70,44.70,44.70,44.70,"1,805",NSBY,NSBY-28,2026-07-11
2029,42.50,-,44.25,12:14,-0.05,2,5,7,44.25,44.25,44.25,44.20,743,NSBY,NSBY-29,2026-07-11
2030,-,-,-,-,0.00,-,-,-,-,-,-,45.38,352,NSBY,NSBY-30,2026-07-11
2031,-,-,-,-,0.00,-,-,-,-,-,-,46.14,181,NSBY,NSBY-31,2026-07-11
2032,-,-,-,-,0.00,-,-,-,-,-,-,48.38,53,NSBY,NSBY-32,2026-07-11
2033,-,-,-,-,0.00,-,-,-,-,-,-,48.88,1,NSBY,NSBY-33,2026-07-11
2034,-,-,-,-,0.00,-,-,-,-,-,-,49.38,1,NSBY,NSBY-34,2026-07-11
2035,-,-,-,-,0.00,-,-,-,-,-,-,49.88,0,NSBY,NSBY-35,2026-07-11
2036,-,-,-,-,0.00,-,-,-,-,-,-,50.13,0,NSBY,NSBY-36,2026-07-11
Q4 2026,-,-,76.70,16:02,0.55,50,41,91,76.50,76.70,75.70,76.50,"5,225",NSBQ,NSBQ4-26,2026-07-11
Q1 2027,-,-,81.10,16:00,-0.10,30,56,86,81.20,81.20,80.70,81.10,"1,335",NSBQ,NSBQ1-27,2026-07-11
Q2 2027,-,-,-,-,0.00,-,-,-,-,-,-,36.77,492,NSBQ,NSBQ2-27,2026-07-11
Q3 2027,-,-,28.00,15:34,-0.20,2,3,5,28.00,28.00,28.00,28.00,482,NSBQ,NSBQ3-27,2026-07-11
Q4 2027,-,-,-,-,0.00,-,5,5,-,-,-,51.90,510,NSBQ,NSBQ4-27,2026-07-11
Q1 2028,-,-,70.60,15:15,0.00,4,-,4,72.10,72.10,70.60,70.60,211,NSBQ,NSBQ1-28,2026-07-11
Q2 2028,-,-,-,-,0.00,-,-,-,-,-,-,34.93,53,NSBQ,NSBQ2-28,2026-07-11
Q3 2028,-,-,-,-,0.00,-,-,-,-,-,-,23.85,57,NSBQ,NSBQ3-28,2026-07-11
Q4 2028,-,-,-,-,0.00,-,-,-,-,-,-,50.45,87,NSBQ,NSBQ4-28,2026-07-11
Jul 2026,-,-,53.50,15:56,-2.50,14,-,14,55.00,55.00,53.00,53.50,"5,680",NSBM,NSBMJUL-26,2026-07-11
Aug 2026,-,-,61.15,15:51,-0.75,58,5,63,63.00,63.00,61.15,61.15,"5,328",NSBM,NSBMAUG-26,2026-07-11
Sep 2026,-,67.60,65.45,15:41,-0.35,62,1,63,67.10,67.10,65.45,65.45,"5,337",NSBM,NSBMSEP-26,2026-07-11
Oct 2026,65.00,67.20,65.10,14:36,0.10,12,3,15,65.75,65.75,65.00,65.65,164,NSBM,NSBMOCT-26,2026-07-11
Nov 2026,-,-,-,-,0.00,-,-,-,-,-,-,80.75,66,NSBM,NSBMNOV-26,2026-07-11
Dec 2026,-,-,82.25,13:44,-0.11,1,-,1,82.25,82.25,82.25,82.25,82,NSBM,NSBMDEC-26,2026-07-11
Jan 2027,-,-,-,-,0.00,-,-,-,-,-,-,85.40,1,NSBM,NSBMJAN-27,2026-07-11
2027,-,-,-,-,0.00,-,-,-,-,-,-,0.19,748,HLBY,HLBY-27,2026-07-12
2028,-,-,-,-,0.00,-,-,-,-,-,-,1.95,332,HLBY,HLBY-28,2026-07-12
2029,-,-,-,-,0.00,-,-,-,-,-,-,1.97,89,HLBY,HLBY-29,2026-07-12
2030,-,-,-,-,0.00,-,-,-,-,-,-,1.74,50,HLBY,HLBY-30,2026-07-12
Q4 2026,-,-,0.45,15:17,0.20,1,1,2,0.45,0.45,0.45,0.45,998,HLBQ,HLBQ4-26,2026-07-12
Q1 2027,-,-,-,-,0.00,-,6,6,-,-,-,2.50,178,HLBQ,HLBQ1-27,2026-07-12
Q2 2027,-,-,-,-,0.00,-,-,-,-,-,-,-1.98,8,HLBQ,HLBQ2-27,2026-07-12
Q3 2027,-,-,-,-,0.00,-,-,-,-,-,-,-0.30,6,HLBQ,HLBQ3-27,2026-07-12
Jul 2026,-,-,-,-,0.00,-,-,-,-,-,-,-25.27,932,HLBM,HLBMJUL-26,2026-07-12
Aug 2026,-,-,-14.17,15:59,-1.22,4,-,4,-14.00,-14.00,-14.17,-14.13,917,HLBM,HLBMAUG-26,2026-07-12
Sep 2026,-,-,-,-,0.00,-,3,3,-,-,-,9.10,899,HLBM,HLBMSEP-26,2026-07-12
Oct 2026,-,-,-,-,0.00,-,-,-,-,-,-,8.82,3,HLBM,HLBMOCT-26,2026-07-12
2027,-,-,49.10,15:40,-0.10,10,41,51,49.20,49.20,49.00,49.00,"4,137",NSBY,NSBY-27,2026-07-12
2028,-,-,44.70,11:01,0.00,5,9,14,44.70,44.70,44.70,44.70,"1,805",NSBY,NSBY-28,2026-07-12
2029,42.50,-,44.25,12:14,-0.05,2,5,7,44.25,44.25,44.25,44.20,743,NSBY,NSBY-29,2026-07-12
2030,-,-,-,-,0.00,-,-,-,-,-,-,45.38,352,NSBY,NSBY-30,2026-07-12
2031,-,-,-,-,0.00,-,-,-,-,-,-,46.14,181,NSBY,NSBY-31,2026-07-12
2032,-,-,-,-,0.00,-,-,-,-,-,-,48.38,53,NSBY,NSBY-32,2026-07-12
2033,-,-,-,-,0.00,-,-,-,-,-,-,48.88,1,NSBY,NSBY-33,2026-07-12
2034,-,-,-,-,0.00,-,-,-,-,-,-,49.38,1,NSBY,NSBY-34,2026-07-12
2035,-,-,-,-,0.00,-,-,-,-,-,-,49.88,0,NSBY,NSBY-35,2026-07-12
2036,-,-,-,-,0.00,-,-,-,-,-,-,50.13,0,NSBY,NSBY-36,2026-07-12
Q4 2026,-,-,76.70,16:02,0.55,50,41,91,76.50,76.70,75.70,76.50,"5,225",NSBQ,NSBQ4-26,2026-07-12
Q1 2027,-,-,81.10,16:00,-0.10,30,56,86,81.20,81.20,80.70,81.10,"1,335",NSBQ,NSBQ1-27,2026-07-12
Q2 2027,-,-,-,-,0.00,-,-,-,-,-,-,36.77,492,NSBQ,NSBQ2-27,2026-07-12
Q3 2027,-,-,28.00,15:34,-0.20,2,3,5,28.00,28.00,28.00,28.00,482,NSBQ,NSBQ3-27,2026-07-12
Q4 2027,-,-,-,-,0.00,-,5,5,-,-,-,51.90,510,NSBQ,NSBQ4-27,2026-07-12
Q1 2028,-,-,70.60,15:15,0.00,4,-,4,72.10,72.10,70.60,70.60,211,NSBQ,NSBQ1-28,2026-07-12
Q2 2028,-,-,-,-,0.00,-,-,-,-,-,-,34.93,53,NSBQ,NSBQ2-28,2026-07-12
Q3 2028,-,-,-,-,0.00,-,-,-,-,-,-,23.85,57,NSBQ,NSBQ3-28,2026-07-12
Q4 2028,-,-,-,-,0.00,-,-,-,-,-,-,50.45,87,NSBQ,NSBQ4-28,2026-07-12
Jul 2026,-,-,53.50,15:56,-2.50,14,-,14,55.00,55.00,53.00,53.50,"5,680",NSBM,NSBMJUL-26,2026-07-12
Aug 2026,-,-,61.15,15:51,-0.75,58,5,63,63.00,63.00,61.15,61.15,"5,328",NSBM,NSBMAUG-26,2026-07-12
Sep 2026,-,67.60,65.45,15:41,-0.35,62,1,63,67.10,67.10,65.45,65.45,"5,337",NSBM,NSBMSEP-26,2026-07-12
Oct 2026,65.00,67.20,65.10,14:36,0.10,12,3,15,65.75,65.75,65.00,65.65,164,NSBM,NSBMOCT-26,2026-07-12
Nov 2026,-,-,-,-,0.00,-,-,-,-,-,-,80.75,66,NSBM,NSBMNOV-26,2026-07-12
Dec 2026,-,-,82.25,13:44,-0.11,1,-,1,82.25,82.25,82.25,82.25,82,NSBM,NSBMDEC-26,2026-07-12
Jan 2027,-,-,-,-,0.00,-,-,-,-,-,-,85.40,1,NSBM,NSBMJAN-27,2026-07-12
2027,-,-,-,-,0.00,-,-,-,-,-,-,-0.19,748,HLBY,HLBY-27,2026-07-13
2028,-,-,-,-,0.00,-,-,-,-,-,-,2.23,332,HLBY,HLBY-28,2026-07-13
2029,-,-,-,-,0.00,-,-,-,-,-,-,2.53,89,HLBY,HLBY-29,2026-07-13
2030,-,-,-,-,0.00,-,-,-,-,-,-,1.70,50,HLBY,HLBY-30,2026-07-13
Q4 2026,-,-,-,-,0.00,-,6,6,-,-,-,0.25,"1,004",HLBQ,HLBQ4-26,2026-07-13
Q1 2027,-,-,-,-,0.00,-,3,3,-,-,-,2.50,181,HLBQ,HLBQ1-27,2026-07-13
Q2 2027,-,-,-,-,0.00,-,-,-,-,-,-,-2.04,8,HLBQ,HLBQ2-27,2026-07-13
Q3 2027,-,-,-,-,0.00,-,-,-,-,-,-,-0.58,6,HLBQ,HLBQ3-27,2026-07-13
Jul 2026,-,-,-,-,0.00,-,-,-,-,-,-,-28.76,932,HLBM,HLBMJUL-26,2026-07-13
Aug 2026,-,-,-,-,0.00,-,-,-,-,-,-,-14.50,917,HLBM,HLBMAUG-26,2026-07-13
Sep 2026,-,-,-,-,0.00,-,-,-,-,-,-,8.43,899,HLBM,HLBMSEP-26,2026-07-13
Oct 2026,-,-,-,-,0.00,-,-,-,-,-,-,7.97,3,HLBM,HLBMOCT-26,2026-07-13
2027,-,-,50.00,15:48,1.00,11,28,39,49.50,50.00,49.50,50.00,"4,166",NSBY,NSBY-27,2026-07-13
2028,-,-,-,-,0.00,-,3,3,-,-,-,44.70,"1,808",NSBY,NSBY-28,2026-07-13
2029,42.50,-,-,-,0.00,-,-,-,-,-,-,44.88,743,NSBY,NSBY-29,2026-07-13
2030,-,-,-,-,0.00,-,-,-,-,-,-,45.13,352,NSBY,NSBY-30,2026-07-13
2031,-,-,-,-,0.00,-,-,-,-,-,-,45.88,181,NSBY,NSBY-31,2026-07-13
2032,-,-,-,-,0.00,-,-,-,-,-,-,48.38,53,NSBY,NSBY-32,2026-07-13
2033,-,-,-,-,0.00,-,-,-,-,-,-,48.88,1,NSBY,NSBY-33,2026-07-13
2034,-,-,-,-,0.00,-,-,-,-,-,-,49.38,1,NSBY,NSBY-34,2026-07-13
2035,-,-,-,-,0.00,-,-,-,-,-,-,49.88,0,NSBY,NSBY-35,2026-07-13
2036,-,-,-,-,0.00,-,-,-,-,-,-,50.13,0,NSBY,NSBY-36,2026-07-13
Q4 2026,-,-,79.10,15:43,2.60,56,1,57,79.50,79.50,79.00,79.10,"5,237",NSBQ,NSBQ4-26,2026-07-13
Q1 2027,-,-,83.20,15:52,2.10,18,6,24,83.35,83.40,83.05,83.20,"1,341",NSBQ,NSBQ1-27,2026-07-13
Q2 2027,-,-,36.95,12:10,0.18,2,-,2,36.95,36.95,36.95,37.25,492,NSBQ,NSBQ2-27,2026-07-13
Q3 2027,-,-,-,-,0.00,-,-,-,-,-,-,28.20,480,NSBQ,NSBQ3-27,2026-07-13
Q4 2027,-,-,-,-,0.00,-,5,5,-,-,-,52.00,515,NSBQ,NSBQ4-27,2026-07-13
Q1 2028,-,-,-,-,0.00,-,-,-,-,-,-,71.23,211,NSBQ,NSBQ1-28,2026-07-13
Q2 2028,-,-,-,-,0.00,-,-,-,-,-,-,35.10,53,NSBQ,NSBQ2-28,2026-07-13
Q3 2028,-,-,-,-,0.00,-,-,-,-,-,-,24.02,57,NSBQ,NSBQ3-28,2026-07-13
Q4 2028,-,-,-,-,0.00,-,-,-,-,-,-,50.40,87,NSBQ,NSBQ4-28,2026-07-13
Jul 2026,-,-,-,-,0.00,-,-,-,-,-,-,54.75,"5,678",NSBM,NSBMJUL-26,2026-07-13
Aug 2026,-,-,63.20,15:59,2.05,52,20,72,63.70,64.00,63.10,63.20,"5,346",NSBM,NSBMAUG-26,2026-07-13
Sep 2026,-,-,67.25,15:53,1.80,10,-,10,67.70,67.74,67.25,67.25,"5,340",NSBM,NSBMSEP-26,2026-07-13
Oct 2026,66.25,-,67.95,10:40,2.30,3,-,3,67.95,68.05,67.95,67.90,166,NSBM,NSBMOCT-26,2026-07-13
Nov 2026,-,-,-,-,0.00,-,-,-,-,-,-,83.50,66,NSBM,NSBMNOV-26,2026-07-13
Dec 2026,-,-,-,-,0.00,-,-,-,-,-,-,84.72,82,NSBM,NSBMDEC-26,2026-07-13
Jan 2027,-,-,-,-,0.00,-,-,-,-,-,-,87.71,1,NSBM,NSBMJAN-27,2026-07-13
2027,-,-,-,-,0.00,-,13,13,-,-,-,-0.20,759,HLBY,HLBY-27,2026-07-14
2028,-,-,-,-,0.00,-,-,-,-,-,-,2.17,332,HLBY,HLBY-28,2026-07-14
2029,-,-,-,-,0.00,-,-,-,-,-,-,2.11,89,HLBY,HLBY-29,2026-07-14
2030,-,-,-,-,0.00,-,-,-,-,-,-,1.69,50,HLBY,HLBY-30,2026-07-14
Q4 2026,-,-,0.05,14:41,-0.20,1,6,7,0.05,0.05,0.05,0.05,"1,009",HLBQ,HLBQ4-26,2026-07-14
Q1 2027,-,-,-,-,0.00,-,-,-,-,-,-,2.44,181,HLBQ,HLBQ1-27,2026-07-14
Q2 2027,-,-,-,-,0.00,-,-,-,-,-,-,-2.32,8,HLBQ,HLBQ2-27,2026-07-14
Q3 2027,-,-,-,-,0.00,-,-,-,-,-,-,-0.74,6,HLBQ,HLBQ3-27,2026-07-14
Jul 2026,-,-,-,-,0.00,-,-,-,-,-,-,-30.36,932,HLBM,HLBMJUL-26,2026-07-14
Aug 2026,-,-,-14.50,15:41,0.00,1,1,2,-14.50,-14.50,-14.50,-14.50,919,HLBM,HLBMAUG-26,2026-07-14
Sep 2026,-,-,9.15,13:44,0.72,6,-,6,9.17,9.17,9.15,9.15,902,HLBM,HLBMSEP-26,2026-07-14
Oct 2026,-,-,8.54,13:01,0.57,3,1,4,8.54,8.54,8.54,8.50,7,HLBM,HLBMOCT-26,2026-07-14
2027,-,-,50.80,15:34,0.80,8,48,56,51.00,51.00,50.70,50.80,"4,201",NSBY,NSBY-27,2026-07-14
2028,-,-,45.05,15:24,0.35,2,-,2,45.30,45.30,45.05,45.05,"1,810",NSBY,NSBY-28,2026-07-14
2029,42.50,-,44.60,15:59,-0.28,2,1,3,44.85,44.85,44.60,44.60,745,NSBY,NSBY-29,2026-07-14
2030,-,-,-,-,0.00,-,-,-,-,-,-,45.50,352,NSBY,NSBY-30,2026-07-14
2031,-,-,-,-,0.00,-,-,-,-,-,-,46.19,181,NSBY,NSBY-31,2026-07-14
2032,-,-,-,-,0.00,-,-,-,-,-,-,48.38,53,NSBY,NSBY-32,2026-07-14
2033,-,-,-,-,0.00,-,-,-,-,-,-,48.88,1,NSBY,NSBY-33,2026-07-14
2034,-,-,-,-,0.00,-,-,-,-,-,-,49.38,1,NSBY,NSBY-34,2026-07-14
2035,-,-,-,-,0.00,-,-,-,-,-,-,49.88,0,NSBY,NSBY-35,2026-07-14
2036,-,-,-,-,0.00,-,-,-,-,-,-,50.13,0,NSBY,NSBY-36,2026-07-14
Q4 2026,-,-,80.45,15:51,1.35,28,62,90,79.90,80.50,79.90,80.33,"5,282",NSBQ,NSBQ4-26,2026-07-14
Q1 2027,81.15,-,84.15,15:59,0.95,18,6,24,84.50,84.50,84.00,84.18,"1,350",NSBQ,NSBQ1-27,2026-07-14
Q2 2027,-,-,38.15,15:54,0.90,2,-,2,38.00,38.15,38.00,38.15,492,NSBQ,NSBQ2-27,2026-07-14
Q3 2027,-,-,28.70,14:17,0.50,2,-,2,28.70,28.70,28.70,28.70,481,NSBQ,NSBQ3-27,2026-07-14
Q4 2027,-,-,-,-,0.00,-,-,-,-,-,-,52.50,515,NSBQ,NSBQ4-27,2026-07-14
Q1 2028,-,-,-,-,0.00,-,3,3,-,-,-,71.50,211,NSBQ,NSBQ1-28,2026-07-14
Q2 2028,-,-,-,-,0.00,-,-,-,-,-,-,35.54,53,NSBQ,NSBQ2-28,2026-07-14
Q3 2028,-,-,-,-,0.00,-,-,-,-,-,-,24.47,57,NSBQ,NSBQ3-28,2026-07-14
Q4 2028,-,-,-,-,0.00,-,-,-,-,-,-,50.22,87,NSBQ,NSBQ4-28,2026-07-14
Jul 2026,-,-,-,-,0.00,-,-,-,-,-,-,55.00,"5,678",NSBM,NSBMJUL-26,2026-07-14
Aug 2026,-,64.25,63.80,15:15,0.60,51,16,67,64.15,65.00,63.80,63.75,"5,383",NSBM,NSBMAUG-26,2026-07-14
Sep 2026,68.30,-,68.90,15:53,1.65,20,3,23,68.50,68.90,68.50,68.90,"5,353",NSBM,NSBMSEP-26,2026-07-14
Oct 2026,-,-,68.60,13:54,0.70,4,-,4,68.40,68.60,68.40,69.73,169,NSBM,NSBMOCT-26,2026-07-14
Nov 2026,-,-,-,-,0.00,-,-,-,-,-,-,84.75,66,NSBM,NSBMNOV-26,2026-07-14
Dec 2026,-,-,-,-,0.00,-,-,-,-,-,-,85.75,82,NSBM,NSBMDEC-26,2026-07-14
Jan 2027,-,-,-,-,0.00,-,-,-,-,-,-,87.89,1,NSBM,NSBMJAN-27,2026-07-14
2027,-,-,-,-,0.00,-,2,2,-,-,-,-0.20,760,HLBY,HLBY-27,2026-07-15
2028,-,-,-,-,0.00,-,4,4,-,-,-,2.00,335,HLBY,HLBY-28,2026-07-15
2029,-,-,-,-,0.00,-,-,-,-,-,-,2.00,89,HLBY,HLBY-29,2026-07-15
2030,-,-,-,-,0.00,-,-,-,-,-,-,1.63,50,HLBY,HLBY-30,2026-07-15
Q4 2026,-,-,0.05,15:13,0.00,1,2,3,0.05,0.05,0.05,0.05,"1,012",HLBQ,HLBQ4-26,2026-07-15
Q1 2027,-,-,-,-,0.00,-,6,6,-,-,-,2.25,187,HLBQ,HLBQ1-27,2026-07-15
Q2 2027,-,-,-,-,0.00,-,-,-,-,-,-,-2.05,8,HLBQ,HLBQ2-27,2026-07-15
Q3 2027,-,-,-,-,0.00,-,-,-,-,-,-,-0.88,6,HLBQ,HLBQ3-27,2026-07-15
Jul 2026,-,-,-,-,0.00,-,-,-,-,-,-,-32.43,932,HLBM,HLBMJUL-26,2026-07-15
Aug 2026,-,-,-15.50,15:36,-1.00,2,2,4,-15.00,-15.00,-15.50,-15.50,918,HLBM,HLBMAUG-26,2026-07-15
Sep 2026,-,-,-,-,0.00,-,-,-,-,-,-,9.64,902,HLBM,HLBMSEP-26,2026-07-15
Oct 2026,-,-,-,-,0.00,-,-,-,-,-,-,7.85,7,HLBM,HLBMOCT-26,2026-07-15
2027,-,-,51.45,15:10,0.65,3,31,34,51.25,51.45,51.25,51.45,"4,223",NSBY,NSBY-27,2026-07-15
2028,-,-,45.30,14:55,0.25,1,5,6,45.30,45.30,45.30,45.25,"1,815",NSBY,NSBY-28,2026-07-15
2029,42.50,-,44.70,13:51,0.10,1,1,2,44.70,44.70,44.70,44.70,745,NSBY,NSBY-29,2026-07-15
2030,-,-,-,-,0.00,-,-,-,-,-,-,45.50,352,NSBY,NSBY-30,2026-07-15
2031,-,-,-,-,0.00,-,-,-,-,-,-,46.19,181,NSBY,NSBY-31,2026-07-15
2032,-,-,-,-,0.00,-,-,-,-,-,-,48.38,53,NSBY,NSBY-32,2026-07-15
2033,-,-,-,-,0.00,-,-,-,-,-,-,48.88,1,NSBY,NSBY-33,2026-07-15
2034,-,-,-,-,0.00,-,-,-,-,-,-,49.38,1,NSBY,NSBY-34,2026-07-15
2035,-,-,-,-,0.00,-,-,-,-,-,-,49.88,0,NSBY,NSBY-35,2026-07-15
2036,-,-,-,-,0.00,-,-,-,-,-,-,50.13,0,NSBY,NSBY-36,2026-07-15
Q4 2026,-,83.05,82.90,15:51,2.57,41,55,96,81.25,82.90,81.25,82.90,"5,329",NSBQ,NSBQ4-26,2026-07-15
Q1 2027,-,-,86.25,15:50,2.07,17,1,18,85.00,86.25,85.00,86.15,"1,350",NSBQ,NSBQ1-27,2026-07-15
Q2 2027,-,-,-,-,0.00,-,-,-,-,-,-,38.86,491,NSBQ,NSBQ2-27,2026-07-15
Q3 2027,-,-,-,-,0.00,-,-,-,-,-,-,29.29,479,NSBQ,NSBQ3-27,2026-07-15
Q4 2027,-,-,53.00,15:44,0.50,1,-,1,53.00,53.00,53.00,53.00,515,NSBQ,NSBQ4-27,2026-07-15
Q1 2028,-,-,-,-,0.00,-,-,-,-,-,-,71.65,211,NSBQ,NSBQ1-28,2026-07-15
Q2 2028,-,-,-,-,0.00,-,-,-,-,-,-,35.48,53,NSBQ,NSBQ2-28,2026-07-15
Q3 2028,-,-,-,-,0.00,-,-,-,-,-,-,24.40,57,NSBQ,NSBQ3-28,2026-07-15
Q4 2028,-,-,-,-,0.00,-,-,-,-,-,-,50.24,87,NSBQ,NSBQ4-28,2026-07-15
Jul 2026,-,-,-,-,0.00,-,-,-,-,-,-,54.95,"5,678",NSBM,NSBMJUL-26,2026-07-15
Aug 2026,-,-,64.75,15:53,1.00,62,-,62,63.70,64.75,63.50,64.75,"5,398",NSBM,NSBMAUG-26,2026-07-15
Sep 2026,66.50,-,70.30,15:50,1.40,19,-,19,69.75,70.30,69.50,70.30,"5,359",NSBM,NSBMSEP-26,2026-07-15
Oct 2026,-,-,71.50,13:22,1.77,16,-,16,70.00,71.50,70.00,72.50,174,NSBM,NSBMOCT-26,2026-07-15
Nov 2026,-,-,86.91,13:22,2.16,3,-,3,86.91,86.91,86.91,86.91,69,NSBM,NSBMNOV-26,2026-07-15
Dec 2026,-,-,87.92,12:43,2.17,3,-,3,87.92,87.92,87.92,87.92,85,NSBM,NSBMDEC-26,2026-07-15
Jan 2027,-,-,90.52,14:36,2.63,3,-,3,90.52,90.52,90.52,90.52,4,NSBM,NSBMJAN-27,2026-07-15
2027,-,-,-,-,0.00,-,4,4,-,-,-,-0.10,761,HLBY,HLBY-27,2026-07-16
2028,-,-,-,-,0.00,-,-,-,-,-,-,2.26,335,HLBY,HLBY-28,2026-07-16
2029,-,-,-,-,0.00,-,-,-,-,-,-,2.05,89,HLBY,HLBY-29,2026-07-16
2030,-,-,-,-,0.00,-,-,-,-,-,-,1.64,50,HLBY,HLBY-30,2026-07-16
Q4 2026,-,-,-,-,0.00,-,5,5,-,-,-,0.05,"1,013",HLBQ,HLBQ4-26,2026-07-16
Q1 2027,-,-,-,-,0.00,-,-,-,-,-,-,2.65,187,HLBQ,HLBQ1-27,2026-07-16
Q2 2027,-,-,-,-,0.00,-,-,-,-,-,-,-1.71,8,HLBQ,HLBQ2-27,2026-07-16
Q3 2027,-,-,-,-,0.00,-,-,-,-,-,-,-0.80,6,HLBQ,HLBQ3-27,2026-07-16
Jul 2026,-,-,-,-,0.00,-,-,-,-,-,-,-33.50,932,HLBM,HLBMJUL-26,2026-07-16
Aug 2026,-,-,-,-,0.00,-,-,-,-,-,-,-15.50,918,HLBM,HLBMAUG-26,2026-07-16
Sep 2026,-,-,-,-,0.00,-,-,-,-,-,-,9.80,902,HLBM,HLBMSEP-26,2026-07-16
Oct 2026,-,-,7.90,14:47,0.05,1,-,1,7.90,7.90,7.90,7.90,8,HLBM,HLBMOCT-26,2026-07-16
2027,-,-,51.70,16:05,0.25,5,33,38,51.25,51.70,51.25,51.70,"4,245",NSBY,NSBY-27,2026-07-16
2028,43.25,-,45.00,15:00,-0.25,4,6,10,45.00,45.00,45.00,45.00,"1,822",NSBY,NSBY-28,2026-07-16
2029,42.50,-,44.25,15:54,-0.45,3,-,3,44.25,44.25,44.25,44.25,744,NSBY,NSBY-29,2026-07-16
2030,-,-,-,-,0.00,-,-,-,-,-,-,45.50,352,NSBY,NSBY-30,2026-07-16
2031,-,-,-,-,0.00,-,-,-,-,-,-,46.19,181,NSBY,NSBY-31,2026-07-16
2032,-,-,-,-,0.00,-,-,-,-,-,-,48.38,53,NSBY,NSBY-32,2026-07-16
2033,-,-,-,-,0.00,-,-,-,-,-,-,48.88,1,NSBY,NSBY-33,2026-07-16
2034,-,-,-,-,0.00,-,-,-,-,-,-,49.38,1,NSBY,NSBY-34,2026-07-16
2035,-,-,-,-,0.00,-,-,-,-,-,-,49.88,0,NSBY,NSBY-35,2026-07-16
2036,-,-,-,-,0.00,-,-,-,-,-,-,50.13,0,NSBY,NSBY-36,2026-07-16
Q4 2026,-,-,82.65,15:43,-0.25,28,37,65,81.90,83.00,81.90,82.75,"5,364",NSBQ,NSBQ4-26,2026-07-16
Q1 2027,-,-,-,-,0.00,-,1,1,-,-,-,85.75,"1,350",NSBQ,NSBQ1-27,2026-07-16
Q2 2027,-,-,-,-,0.00,-,-,-,-,-,-,38.78,491,NSBQ,NSBQ2-27,2026-07-16
Q3 2027,-,-,-,-,0.00,-,-,-,-,-,-,29.10,479,NSBQ,NSBQ3-27,2026-07-16
Q4 2027,-,-,-,-,0.00,-,6,6,-,-,-,53.00,520,NSBQ,NSBQ4-27,2026-07-16
Q1 2028,-,-,-,-,0.00,-,-,-,-,-,-,71.65,211,NSBQ,NSBQ1-28,2026-07-16
Q2 2028,-,-,-,-,0.00,-,-,-,-,-,-,35.19,53,NSBQ,NSBQ2-28,2026-07-16
Q3 2028,-,-,-,-,0.00,-,-,-,-,-,-,24.12,57,NSBQ,NSBQ3-28,2026-07-16
Q4 2028,-,-,-,-,0.00,-,-,-,-,-,-,49.42,87,NSBQ,NSBQ4-28,2026-07-16
Jul 2026,-,-,-,-,0.00,-,-,-,-,-,-,54.95,"5,678",NSBM,NSBMJUL-26,2026-07-16
Aug 2026,62.01,-,62.75,15:52,-2.00,67,17,84,63.85,63.85,61.85,62.75,"5,428",NSBM,NSBMAUG-26,2026-07-16
Sep 2026,-,70.24,69.87,15:41,-0.43,11,25,36,69.50,69.87,69.50,69.87,"5,365",NSBM,NSBMSEP-26,2026-07-16
Oct 2026,-,-,71.65,14:50,-0.85,4,6,10,71.70,71.70,71.60,71.60,178,NSBM,NSBMOCT-26,2026-07-16
Nov 2026,-,-,86.91,14:45,0.00,4,2,6,86.91,86.91,86.91,86.90,75,NSBM,NSBMNOV-26,2026-07-16
Dec 2026,-,-,87.92,12:31,0.00,2,2,4,87.92,87.92,87.92,88.69,91,NSBM,NSBMDEC-26,2026-07-16
Jan 2027,-,-,-,-,0.00,-,-,-,-,-,-,90.71,4,NSBM,NSBMJAN-27,2026-07-16
2027,-,-,-,-,0.00,-,12,12,-,-,-,-0.20,773,HLBY,HLBY-27,2026-07-17
2028,-,-,-,-,0.00,-,-,-,-,-,-,2.06,335,HLBY,HLBY-28,2026-07-17
2029,-,-,-,-,0.00,-,-,-,-,-,-,1.78,89,HLBY,HLBY-29,2026-07-17
2030,-,-,-,-,0.00,-,-,-,-,-,-,1.66,50,HLBY,HLBY-30,2026-07-17
Q4 2026,-,-,-,-,0.00,-,-,-,-,-,-,-0.89,"1,013",HLBQ,HLBQ4-26,2026-07-17
Q1 2027,-,-,-,-,0.00,-,6,6,-,-,-,2.70,193,HLBQ,HLBQ1-27,2026-07-17
Q2 2027,-,-,-,-,0.00,-,1,1,-,-,-,-1.70,9,HLBQ,HLBQ2-27,2026-07-17
Q3 2027,-,-,-,-,0.00,-,-,-,-,-,-,-1.08,6,HLBQ,HLBQ3-27,2026-07-17
Jul 2026,-,-,-,-,0.00,-,-,-,-,-,-,-33.47,932,HLBM,HLBMJUL-26,2026-07-17
Aug 2026,-,-,-16.00,09:29,-0.50,1,-,1,-16.00,-16.00,-16.00,-16.00,919,HLBM,HLBMAUG-26,2026-07-17
Sep 2026,-,-,8.64,15:55,-1.16,5,-,5,7.14,8.64,7.14,8.64,905,HLBM,HLBMSEP-26,2026-07-17
Oct 2026,-,-,8.40,13:30,0.50,3,-,3,8.40,8.40,8.40,8.42,11,HLBM,HLBMOCT-26,2026-07-17
2027,-,-,52.50,15:55,0.80,5,27,32,51.90,52.50,51.90,52.58,"4,269",NSBY,NSBY-27,2026-07-17
2028,-,-,45.00,15:17,0.00,1,1,2,45.00,45.00,45.00,45.25,"1,823",NSBY,NSBY-28,2026-07-17
2029,42.50,-,-,-,0.00,-,-,-,-,-,-,44.60,744,NSBY,NSBY-29,2026-07-17
2030,-,-,-,-,0.00,-,-,-,-,-,-,45.50,352,NSBY,NSBY-30,2026-07-17
2031,-,-,-,-,0.00,-,-,-,-,-,-,46.19,181,NSBY,NSBY-31,2026-07-17
2032,-,-,-,-,0.00,-,-,-,-,-,-,48.38,53,NSBY,NSBY-32,2026-07-17
2033,-,-,-,-,0.00,-,-,-,-,-,-,48.88,1,NSBY,NSBY-33,2026-07-17
2034,-,-,-,-,0.00,-,-,-,-,-,-,49.38,1,NSBY,NSBY-34,2026-07-17
2035,-,-,-,-,0.00,-,-,-,-,-,-,49.88,0,NSBY,NSBY-35,2026-07-17
2036,-,-,-,-,0.00,-,-,-,-,-,-,50.13,0,NSBY,NSBY-36,2026-07-17
Q4 2026,-,85.70,85.60,15:59,2.85,61,29,90,83.50,86.25,83.50,85.60,"5,427",NSBQ,NSBQ4-26,2026-07-17
Q1 2027,-,-,88.50,15:40,2.75,38,8,46,86.50,88.50,86.50,88.50,"1,360",NSBQ,NSBQ1-27,2026-07-17
Q2 2027,-,-,39.55,14:05,0.77,7,-,7,39.75,39.75,39.55,39.98,498,NSBQ,NSBQ2-27,2026-07-17
Q3 2027,-,-,30.00,14:22,0.90,10,-,10,30.00,30.00,30.00,30.00,483,NSBQ,NSBQ3-27,2026-07-17
Q4 2027,-,-,-,-,0.00,-,-,-,-,-,-,53.00,520,NSBQ,NSBQ4-27,2026-07-17
Q1 2028,-,-,-,-,0.00,-,5,5,-,-,-,72.05,216,NSBQ,NSBQ1-28,2026-07-17
Q2 2028,-,-,-,-,0.00,-,-,-,-,-,-,35.97,53,NSBQ,NSBQ2-28,2026-07-17
Q3 2028,-,-,-,-,0.00,-,-,-,-,-,-,24.35,57,NSBQ,NSBQ3-28,2026-07-17
Q4 2028,-,-,-,-,0.00,-,-,-,-,-,-,49.33,87,NSBQ,NSBQ4-28,2026-07-17
Jul 2026,-,-,-,-,0.00,-,-,-,-,-,-,58.00,"5,678",NSBM,NSBMJUL-26,2026-07-17
Aug 2026,-,-,64.90,15:59,2.15,61,20,81,62.75,65.00,62.75,64.90,"5,422",NSBM,NSBMAUG-26,2026-07-17
Sep 2026,71.85,-,73.30,15:59,3.43,46,20,66,69.80,73.30,69.80,73.25,"5,386",NSBM,NSBMSEP-26,2026-07-17
Oct 2026,-,-,74.25,11:39,2.65,2,5,7,73.25,74.25,73.25,74.25,177,NSBM,NSBMOCT-26,2026-07-17
Nov 2026,-,-,89.10,11:39,2.20,12,2,14,88.00,89.10,88.00,90.00,87,NSBM,NSBMNOV-26,2026-07-17
Dec 2026,-,-,90.22,15:15,1.53,9,1,10,90.22,92.17,90.22,91.00,98,NSBM,NSBMDEC-26,2026-07-17
Jan 2027,-,-,92.23,10:34,1.52,3,-,3,92.23,92.23,92.23,92.23,7,NSBM,NSBMJAN-27,2026-07-17
2027,-,-,-,-,0.00,-,12,12,-,-,-,-0.20,773,HLBY,HLBY-27,2026-07-18
2028,-,-,-,-,0.00,-,-,-,-,-,-,2.06,335,HLBY,HLBY-28,2026-07-18
2029,-,-,-,-,0.00,-,-,-,-,-,-,1.78,89,HLBY,HLBY-29,2026-07-18
2030,-,-,-,-,0.00,-,-,-,-,-,-,1.66,50,HLBY,HLBY-30,2026-07-18
Q4 2026,-,-,-,-,0.00,-,-,-,-,-,-,-0.89,"1,013",HLBQ,HLBQ4-26,2026-07-18
Q1 2027,-,-,-,-,0.00,-,6,6,-,-,-,2.70,193,HLBQ,HLBQ1-27,2026-07-18
Q2 2027,-,-,-,-,0.00,-,1,1,-,-,-,-1.70,9,HLBQ,HLBQ2-27,2026-07-18
Q3 2027,-,-,-,-,0.00,-,-,-,-,-,-,-1.08,6,HLBQ,HLBQ3-27,2026-07-18
Jul 2026,-,-,-,-,0.00,-,-,-,-,-,-,-33.47,932,HLBM,HLBMJUL-26,2026-07-18
Aug 2026,-,-,-16.00,09:29,-0.50,1,-,1,-16.00,-16.00,-16.00,-16.00,919,HLBM,HLBMAUG-26,2026-07-18
Sep 2026,-,-,8.64,15:55,-1.16,5,-,5,7.14,8.64,7.14,8.64,905,HLBM,HLBMSEP-26,2026-07-18
Oct 2026,-,-,8.40,13:30,0.50,3,-,3,8.40,8.40,8.40,8.42,11,HLBM,HLBMOCT-26,2026-07-18
2027,-,-,52.50,15:55,0.80,5,27,32,51.90,52.50,51.90,52.58,"4,269",NSBY,NSBY-27,2026-07-18
2028,-,-,45.00,15:17,0.00,1,1,2,45.00,45.00,45.00,45.25,"1,823",NSBY,NSBY-28,2026-07-18
2029,42.50,-,-,-,0.00,-,-,-,-,-,-,44.60,744,NSBY,NSBY-29,2026-07-18
2030,-,-,-,-,0.00,-,-,-,-,-,-,45.50,352,NSBY,NSBY-30,2026-07-18
2031,-,-,-,-,0.00,-,-,-,-,-,-,46.19,181,NSBY,NSBY-31,2026-07-18
2032,-,-,-,-,0.00,-,-,-,-,-,-,48.38,53,NSBY,NSBY-32,2026-07-18
2033,-,-,-,-,0.00,-,-,-,-,-,-,48.88,1,NSBY,NSBY-33,2026-07-18
2034,-,-,-,-,0.00,-,-,-,-,-,-,49.38,1,NSBY,NSBY-34,2026-07-18
2035,-,-,-,-,0.00,-,-,-,-,-,-,49.88,0,NSBY,NSBY-35,2026-07-18
2036,-,-,-,-,0.00,-,-,-,-,-,-,50.13,0,NSBY,NSBY-36,2026-07-18
Q4 2026,-,85.70,85.60,15:59,2.85,61,29,90,83.50,86.25,83.50,85.60,"5,427",NSBQ,NSBQ4-26,2026-07-18
Q1 2027,-,-,88.50,15:40,2.75,38,8,46,86.50,88.50,86.50,88.50,"1,360",NSBQ,NSBQ1-27,2026-07-18
Q2 2027,-,-,39.55,14:05,0.77,7,-,7,39.75,39.75,39.55,39.98,498,NSBQ,NSBQ2-27,2026-07-18
Q3 2027,-,-,30.00,14:22,0.90,10,-,10,30.00,30.00,30.00,30.00,483,NSBQ,NSBQ3-27,2026-07-18
Q4 2027,-,-,-,-,0.00,-,-,-,-,-,-,53.00,520,NSBQ,NSBQ4-27,2026-07-18
Q1 2028,-,-,-,-,0.00,-,5,5,-,-,-,72.05,216,NSBQ,NSBQ1-28,2026-07-18
Q2 2028,-,-,-,-,0.00,-,-,-,-,-,-,35.97,53,NSBQ,NSBQ2-28,2026-07-18
Q3 2028,-,-,-,-,0.00,-,-,-,-,-,-,24.35,57,NSBQ,NSBQ3-28,2026-07-18
Q4 2028,-,-,-,-,0.00,-,-,-,-,-,-,49.33,87,NSBQ,NSBQ4-28,2026-07-18
Jul 2026,-,-,-,-,0.00,-,-,-,-,-,-,58.00,"5,678",NSBM,NSBMJUL-26,2026-07-18
Aug 2026,-,-,64.90,15:59,2.15,61,20,81,62.75,65.00,62.75,64.90,"5,422",NSBM,NSBMAUG-26,2026-07-18
Sep 2026,71.85,-,73.30,15:59,3.43,46,20,66,69.80,73.30,69.80,73.25,"5,386",NSBM,NSBMSEP-26,2026-07-18
Oct 2026,-,-,74.25,11:39,2.65,2,5,7,73.25,74.25,73.25,74.25,177,NSBM,NSBMOCT-26,2026-07-18
Nov 2026,-,-,89.10,11:39,2.20,12,2,14,88.00,89.10,88.00,90.00,87,NSBM,NSBMNOV-26,2026-07-18
Dec 2026,-,-,90.22,15:15,1.53,9,1,10,90.22,92.17,90.22,91.00,98,NSBM,NSBMDEC-26,2026-07-18
Jan 2027,-,-,92.23,10:34,1.52,3,-,3,92.23,92.23,92.23,92.23,7,NSBM,NSBMJAN-27,2026-07-18
2027,-,-,-,-,0.00,-,12,12,-,-,-,-0.20,773,HLBY,HLBY-27,2026-07-19
2028,-,-,-,-,0.00,-,-,-,-,-,-,2.06,335,HLBY,HLBY-28,2026-07-19
2029,-,-,-,-,0.00,-,-,-,-,-,-,1.78,89,HLBY,HLBY-29,2026-07-19
2030,-,-,-,-,0.00,-,-,-,-,-,-,1.66,50,HLBY,HLBY-30,2026-07-19
Q4 2026,-,-,-,-,0.00,-,-,-,-,-,-,-0.89,"1,013",HLBQ,HLBQ4-26,2026-07-19
Q1 2027,-,-,-,-,0.00,-,6,6,-,-,-,2.70,193,HLBQ,HLBQ1-27,2026-07-19
Q2 2027,-,-,-,-,0.00,-,1,1,-,-,-,-1.70,9,HLBQ,HLBQ2-27,2026-07-19
Q3 2027,-,-,-,-,0.00,-,-,-,-,-,-,-1.08,6,HLBQ,HLBQ3-27,2026-07-19
Jul 2026,-,-,-,-,0.00,-,-,-,-,-,-,-33.47,932,HLBM,HLBMJUL-26,2026-07-19
Aug 2026,-,-,-16.00,09:29,-0.50,1,-,1,-16.00,-16.00,-16.00,-16.00,919,HLBM,HLBMAUG-26,2026-07-19
Sep 2026,-,-,8.64,15:55,-1.16,5,-,5,7.14,8.64,7.14,8.64,905,HLBM,HLBMSEP-26,2026-07-19
Oct 2026,-,-,8.40,13:30,0.50,3,-,3,8.40,8.40,8.40,8.42,11,HLBM,HLBMOCT-26,2026-07-19
2027,-,-,52.50,15:55,0.80,5,27,32,51.90,52.50,51.90,52.58,"4,269",NSBY,NSBY-27,2026-07-19
2028,-,-,45.00,15:17,0.00,1,1,2,45.00,45.00,45.00,45.25,"1,823",NSBY,NSBY-28,2026-07-19
2029,42.50,-,-,-,0.00,-,-,-,-,-,-,44.60,744,NSBY,NSBY-29,2026-07-19
2030,-,-,-,-,0.00,-,-,-,-,-,-,45.50,352,NSBY,NSBY-30,2026-07-19
2031,-,-,-,-,0.00,-,-,-,-,-,-,46.19,181,NSBY,NSBY-31,2026-07-19
2032,-,-,-,-,0.00,-,-,-,-,-,-,48.38,53,NSBY,NSBY-32,2026-07-19
2033,-,-,-,-,0.00,-,-,-,-,-,-,48.88,1,NSBY,NSBY-33,2026-07-19
2034,-,-,-,-,0.00,-,-,-,-,-,-,49.38,1,NSBY,NSBY-34,2026-07-19
2035,-,-,-,-,0.00,-,-,-,-,-,-,49.88,0,NSBY,NSBY-35,2026-07-19
2036,-,-,-,-,0.00,-,-,-,-,-,-,50.13,0,NSBY,NSBY-36,2026-07-19
Q4 2026,-,85.70,85.60,15:59,2.85,61,29,90,83.50,86.25,83.50,85.60,"5,427",NSBQ,NSBQ4-26,2026-07-19
Q1 2027,-,-,88.50,15:40,2.75,38,8,46,86.50,88.50,86.50,88.50,"1,360",NSBQ,NSBQ1-27,2026-07-19
Q2 2027,-,-,39.55,14:05,0.77,7,-,7,39.75,39.75,39.55,39.98,498,NSBQ,NSBQ2-27,2026-07-19
Q3 2027,-,-,30.00,14:22,0.90,10,-,10,30.00,30.00,30.00,30.00,483,NSBQ,NSBQ3-27,2026-07-19
Q4 2027,-,-,-,-,0.00,-,-,-,-,-,-,53.00,520,NSBQ,NSBQ4-27,2026-07-19
Q1 2028,-,-,-,-,0.00,-,5,5,-,-,-,72.05,216,NSBQ,NSBQ1-28,2026-07-19
Q2 2028,-,-,-,-,0.00,-,-,-,-,-,-,35.97,53,NSBQ,NSBQ2-28,2026-07-19
Q3 2028,-,-,-,-,0.00,-,-,-,-,-,-,24.35,57,NSBQ,NSBQ3-28,2026-07-19
Q4 2028,-,-,-,-,0.00,-,-,-,-,-,-,49.33,87,NSBQ,NSBQ4-28,2026-07-19
Jul 2026,-,-,-,-,0.00,-,-,-,-,-,-,58.00,"5,678",NSBM,NSBMJUL-26,2026-07-19
Aug 2026,-,-,64.90,15:59,2.15,61,20,81,62.75,65.00,62.75,64.90,"5,422",NSBM,NSBMAUG-26,2026-07-19
Sep 2026,71.85,-,73.30,15:59,3.43,46,20,66,69.80,73.30,69.80,73.25,"5,386",NSBM,NSBMSEP-26,2026-07-19
Oct 2026,-,-,74.25,11:39,2.65,2,5,7,73.25,74.25,73.25,74.25,177,NSBM,NSBMOCT-26,2026-07-19
Nov 2026,-,-,89.10,11:39,2.20,12,2,14,88.00,89.10,88.00,90.00,87,NSBM,NSBMNOV-26,2026-07-19
Dec 2026,-,-,90.22,15:15,1.53,9,1,10,90.22,92.17,90.22,91.00,98,NSBM,NSBMDEC-26,2026-07-19
Jan 2027,-,-,92.23,10:34,1.52,3,-,3,92.23,92.23,92.23,92.23,7,NSBM,NSBMJAN-27,2026-07-19
2027,-,-,-,-,0.00,-,3,3,-,-,-,-0.40,776,HLBY,HLBY-27,2026-07-20
2028,-,-,-,-,0.00,-,-,-,-,-,-,1.86,335,HLBY,HLBY-28,2026-07-20
2029,-,-,-,-,0.00,-,-,-,-,-,-,1.56,89,HLBY,HLBY-29,2026-07-20
2030,-,-,-,-,0.00,-,-,-,-,-,-,1.64,50,HLBY,HLBY-30,2026-07-20
Q4 2026,-,-,-,-,0.00,-,-,-,-,-,-,-0.68,"1,013",HLBQ,HLBQ4-26,2026-07-20
Q1 2027,-,-,-,-,0.00,-,-,-,-,-,-,3.18,193,HLBQ,HLBQ1-27,2026-07-20
Q2 2027,-,-,-,-,0.00,-,-,-,-,-,-,-1.49,9,HLBQ,HLBQ2-27,2026-07-20
Q3 2027,-,-,-,-,0.00,-,-,-,-,-,-,-1.16,6,HLBQ,HLBQ3-27,2026-07-20
Jul 2026,-,-,-,-,0.00,-,-,-,-,-,-,-34.83,932,HLBM,HLBMJUL-26,2026-07-20
Aug 2026,-,-,-,-,0.00,-,4,4,-,-,-,-14.92,923,HLBM,HLBMAUG-26,2026-07-20
Sep 2026,-,-,-,-,0.00,-,-,-,-,-,-,8.30,905,HLBM,HLBMSEP-26,2026-07-20
Oct 2026,-,-,-,-,0.00,-,-,-,-,-,-,8.44,11,HLBM,HLBMOCT-26,2026-07-20
2027,-,-,52.30,15:58,-0.28,18,19,37,52.35,52.35,51.90,52.30,"4,291",NSBY,NSBY-27,2026-07-20
2028,-,-,45.25,15:45,0.00,3,-,3,45.60,45.60,45.25,45.25,"1,824",NSBY,NSBY-28,2026-07-20
2029,42.50,-,-,-,0.00,-,-,-,-,-,-,44.60,744,NSBY,NSBY-29,2026-07-20
2030,-,-,-,-,0.00,-,-,-,-,-,-,45.50,352,NSBY,NSBY-30,2026-07-20
2031,-,-,-,-,0.00,-,-,-,-,-,-,46.19,181,NSBY,NSBY-31,2026-07-20
2032,-,-,-,-,0.00,-,-,-,-,-,-,48.38,53,NSBY,NSBY-32,2026-07-20
2033,-,-,-,-,0.00,-,-,-,-,-,-,48.88,1,NSBY,NSBY-33,2026-07-20
2034,-,-,-,-,0.00,-,-,-,-,-,-,49.38,1,NSBY,NSBY-34,2026-07-20
2035,-,-,-,-,0.00,-,-,-,-,-,-,49.88,0,NSBY,NSBY-35,2026-07-20
2036,-,-,-,-,0.00,-,-,-,-,-,-,50.13,0,NSBY,NSBY-36,2026-07-20
Q4 2026,-,86.05,85.95,15:30,0.35,57,10,67,86.30,86.30,85.45,85.95,"5,455",NSBQ,NSBQ4-26,2026-07-20
Q1 2027,-,88.50,88.40,15:30,-0.10,10,-,10,88.40,88.40,88.33,88.40,"1,362",NSBQ,NSBQ1-27,2026-07-20
Q2 2027,-,-,39.30,13:39,-0.68,3,-,3,39.30,39.30,39.30,39.35,501,NSBQ,NSBQ2-27,2026-07-20
Q3 2027,-,-,-,-,0.00,-,-,-,-,-,-,29.67,483,NSBQ,NSBQ3-27,2026-07-20
Q4 2027,-,-,-,-,0.00,-,-,-,-,-,-,52.98,520,NSBQ,NSBQ4-27,2026-07-20
Q1 2028,-,-,-,-,0.00,-,4,4,-,-,-,72.00,220,NSBQ,NSBQ1-28,2026-07-20
Q2 2028,-,-,-,-,0.00,-,-,-,-,-,-,35.38,53,NSBQ,NSBQ2-28,2026-07-20
Q3 2028,-,-,-,-,0.00,-,-,-,-,-,-,24.31,57,NSBQ,NSBQ3-28,2026-07-20
Q4 2028,-,-,-,-,0.00,-,-,-,-,-,-,49.17,87,NSBQ,NSBQ4-28,2026-07-20
Jul 2026,-,-,-,-,0.00,-,-,-,-,-,-,58.80,"5,678",NSBM,NSBMJUL-26,2026-07-20
Aug 2026,-,-,64.50,16:13,-0.40,93,43,136,64.50,64.50,62.50,64.50,"5,482",NSBM,NSBMAUG-26,2026-07-20
Sep 2026,-,75.20,74.75,13:56,1.50,31,36,67,73.75,75.00,73.75,74.75,"5,394",NSBM,NSBMSEP-26,2026-07-20
Oct 2026,-,-,74.20,14:47,-0.05,3,-,3,74.20,74.20,74.20,74.20,180,NSBM,NSBMOCT-26,2026-07-20
Nov 2026,-,-,-,-,0.00,-,-,-,-,-,-,90.50,87,NSBM,NSBMNOV-26,2026-07-20
Dec 2026,-,-,-,-,0.00,-,-,-,-,-,-,92.00,98,NSBM,NSBMDEC-26,2026-07-20
Jan 2027,-,-,-,-,0.00,-,-,-,-,-,-,91.90,7,NSBM,NSBMJAN-27,2026-07-20
2027,-,-,-,-,0.00,-,-,-,-,-,-,-0.69,776,HLBY,HLBY-27,2026-07-21
2028,-,-,-,-,0.00,-,-,-,-,-,-,1.77,335,HLBY,HLBY-28,2026-07-21
2029,-,-,-,-,0.00,-,-,-,-,-,-,1.56,89,HLBY,HLBY-29,2026-07-21
2030,-,-,-,-,0.00,-,-,-,-,-,-,1.61,50,HLBY,HLBY-30,2026-07-21
Q4 2026,-,-,-,-,0.00,-,-,-,-,-,-,-1.47,"1,013",HLBQ,HLBQ4-26,2026-07-21
Q1 2027,-,-,-,-,0.00,-,-,-,-,-,-,3.23,193,HLBQ,HLBQ1-27,2026-07-21
Q2 2027,-,-,-,-,0.00,-,-,-,-,-,-,-1.55,9,HLBQ,HLBQ2-27,2026-07-21
Q3 2027,-,-,-,-,0.00,-,-,-,-,-,-,-1.21,6,HLBQ,HLBQ3-27,2026-07-21
Jul 2026,-,-,-,-,0.00,-,-,-,-,-,-,-35.16,932,HLBM,HLBMJUL-26,2026-07-21
Aug 2026,-,-,-16.60,15:13,-1.68,30,1,31,-15.35,-15.35,-16.60,-16.60,951,HLBM,HLBMAUG-26,2026-07-21
Sep 2026,-,-,-,-,0.00,-,-,-,-,-,-,8.41,905,HLBM,HLBMSEP-26,2026-07-21
Oct 2026,-,-,-,-,0.00,-,-,-,-,-,-,8.36,11,HLBM,HLBMOCT-26,2026-07-21
2027,-,53.00,53.00,15:52,0.70,5,25,30,52.55,53.00,52.55,53.00,"4,305",NSBY,NSBY-27,2026-07-21
2028,-,45.75,45.35,15:47,0.10,3,2,5,45.40,45.40,45.35,45.35,"1,829",NSBY,NSBY-28,2026-07-21
2029,42.50,-,44.60,15:57,0.00,3,-,3,44.60,44.60,44.60,44.60,743,NSBY,NSBY-29,2026-07-21
2030,-,-,-,-,0.00,-,-,-,-,-,-,45.50,352,NSBY,NSBY-30,2026-07-21
2031,-,-,-,-,0.00,-,-,-,-,-,-,46.19,181,NSBY,NSBY-31,2026-07-21
2032,-,-,-,-,0.00,-,-,-,-,-,-,48.38,53,NSBY,NSBY-32,2026-07-21
2033,-,-,-,-,0.00,-,-,-,-,-,-,48.88,1,NSBY,NSBY-33,2026-07-21
2034,-,-,-,-,0.00,-,-,-,-,-,-,49.38,1,NSBY,NSBY-34,2026-07-21
2035,-,-,-,-,0.00,-,-,-,-,-,-,49.88,0,NSBY,NSBY-35,2026-07-21
2036,-,-,-,-,0.00,-,-,-,-,-,-,50.13,0,NSBY,NSBY-36,2026-07-21
Q4 2026,-,-,86.50,15:47,0.55,50,21,71,85.60,86.60,85.60,86.50,"5,484",NSBQ,NSBQ4-26,2026-07-21
Q1 2027,-,-,88.80,15:47,0.40,20,3,23,88.45,88.80,88.45,88.80,"1,380",NSBQ,NSBQ1-27,2026-07-21
Q2 2027,39.50,-,-,-,0.00,-,-,-,-,-,-,40.19,501,NSBQ,NSBQ2-27,2026-07-21
Q3 2027,-,-,-,-,0.00,-,-,-,-,-,-,30.36,483,NSBQ,NSBQ3-27,2026-07-21
Q4 2027,-,-,-,-,0.00,-,-,-,-,-,-,53.34,520,NSBQ,NSBQ4-27,2026-07-21
Q1 2028,-,-,-,-,0.00,-,-,-,-,-,-,72.05,220,NSBQ,NSBQ1-28,2026-07-21
Q2 2028,-,-,-,-,0.00,-,-,-,-,-,-,35.50,53,NSBQ,NSBQ2-28,2026-07-21
Q3 2028,-,-,-,-,0.00,-,-,-,-,-,-,24.43,57,NSBQ,NSBQ3-28,2026-07-21
Q4 2028,-,-,-,-,0.00,-,-,-,-,-,-,49.01,87,NSBQ,NSBQ4-28,2026-07-21
Jul 2026,-,-,-,-,0.00,-,-,-,-,-,-,58.00,"5,678",NSBM,NSBMJUL-26,2026-07-21
Aug 2026,-,-,64.10,16:03,-0.40,159,97,256,64.00,64.10,63.40,64.01,"5,623",NSBM,NSBMAUG-26,2026-07-21
Sep 2026,-,-,75.60,16:04,0.85,97,86,183,75.00,75.60,74.95,75.51,"5,450",NSBM,NSBMSEP-26,2026-07-21
Oct 2026,73.19,-,75.20,15:59,1.00,1,-,1,75.20,75.20,75.20,75.20,181,NSBM,NSBMOCT-26,2026-07-21
Nov 2026,-,-,90.95,15:54,0.45,5,-,5,90.95,90.95,90.95,90.95,92,NSBM,NSBMNOV-26,2026-07-21
Dec 2026,-,-,-,-,0.00,-,-,-,-,-,-,92.75,98,NSBM,NSBMDEC-26,2026-07-21
Jan 2027,-,-,-,-,0.00,-,-,-,-,-,-,92.59,7,NSBM,NSBMJAN-27,2026-07-21
2027,-,-,-,-,0.00,-,3,3,-,-,-,-0.75,779,HLBY,HLBY-27,2026-07-22
2028,-,-,-,-,0.00,-,1,1,-,-,-,2.00,335,HLBY,HLBY-28,2026-07-22
2029,-,-,-,-,0.00,-,-,-,-,-,-,1.31,89,HLBY,HLBY-29,2026-07-22
2030,-,-,-,-,0.00,-,-,-,-,-,-,1.54,50,HLBY,HLBY-30,2026-07-22
Q4 2026,-,-,-,-,0.00,-,4,4,-,-,-,-2.00,"1,012",HLBQ,HLBQ4-26,2026-07-22
Q1 2027,-,-,-,-,0.00,-,1,1,-,-,-,2.00,194,HLBQ,HLBQ1-27,2026-07-22
Q2 2027,-,-,-,-,0.00,-,-,-,-,-,-,-2.02,9,HLBQ,HLBQ2-27,2026-07-22
Q3 2027,-,-,-,-,0.00,-,-,-,-,-,-,-0.94,6,HLBQ,HLBQ3-27,2026-07-22
Jul 2026,-,-,-,-,0.00,-,-,-,-,-,-,-36.45,932,HLBM,HLBMJUL-26,2026-07-22
Aug 2026,-,-,-21.50,15:45,-4.90,25,-,25,-17.00,-17.00,-21.50,-21.60,957,HLBM,HLBMAUG-26,2026-07-22
Sep 2026,-,-,-,-,0.00,-,5,5,-,-,-,7.50,910,HLBM,HLBMSEP-26,2026-07-22
Oct 2026,-,-,-,-,0.00,-,-,-,-,-,-,6.14,11,HLBM,HLBMOCT-26,2026-07-22
2027,-,-,54.15,16:08,1.15,21,18,39,53.00,54.32,53.00,54.15,"4,329",NSBY,NSBY-27,2026-07-22
2028,-,46.00,45.85,16:06,0.50,4,10,14,45.75,45.85,45.75,45.85,"1,840",NSBY,NSBY-28,2026-07-22
2029,42.50,-,45.00,15:59,0.40,1,4,5,45.00,45.00,45.00,45.00,743,NSBY,NSBY-29,2026-07-22
2030,-,-,-,-,0.00,-,-,-,-,-,-,46.20,352,NSBY,NSBY-30,2026-07-22
2031,-,-,-,-,0.00,-,-,-,-,-,-,46.15,181,NSBY,NSBY-31,2026-07-22
2032,-,-,-,-,0.00,-,-,-,-,-,-,48.38,53,NSBY,NSBY-32,2026-07-22
2033,-,-,-,-,0.00,-,-,-,-,-,-,48.88,1,NSBY,NSBY-33,2026-07-22
2034,-,-,-,-,0.00,-,-,-,-,-,-,49.38,1,NSBY,NSBY-34,2026-07-22
2035,-,-,-,-,0.00,-,-,-,-,-,-,49.88,0,NSBY,NSBY-35,2026-07-22
2036,-,-,-,-,0.00,-,-,-,-,-,-,50.13,0,NSBY,NSBY-36,2026-07-22
Q4 2026,-,-,91.87,15:37,5.37,56,28,84,88.25,92.00,88.25,91.87,"5,507",NSBQ,NSBQ4-26,2026-07-22
Q1 2027,92.35,92.90,92.77,15:37,3.97,17,1,18,90.25,92.77,90.25,92.80,"1,378",NSBQ,NSBQ1-27,2026-07-22
Q2 2027,41.50,-,41.71,15:26,1.52,3,-,3,41.50,41.71,41.50,41.71,502,NSBQ,NSBQ2-27,2026-07-22
Q3 2027,-,-,29.50,15:26,-0.86,11,8,19,30.69,30.75,29.50,29.55,492,NSBQ,NSBQ3-27,2026-07-22
Q4 2027,-,-,54.15,15:26,0.81,3,-,3,54.00,54.15,54.00,54.15,518,NSBQ,NSBQ4-27,2026-07-22
Q1 2028,-,-,-,-,0.00,-,1,1,-,-,-,72.25,221,NSBQ,NSBQ1-28,2026-07-22
Q2 2028,-,-,-,-,0.00,-,-,-,-,-,-,36.08,53,NSBQ,NSBQ2-28,2026-07-22
Q3 2028,-,-,-,-,0.00,-,-,-,-,-,-,25.01,57,NSBQ,NSBQ3-28,2026-07-22
Q4 2028,-,-,-,-,0.00,-,-,-,-,-,-,49.11,87,NSBQ,NSBQ4-28,2026-07-22
Jul 2026,-,-,-,-,0.00,-,-,-,-,-,-,58.00,"5,678",NSBM,NSBMJUL-26,2026-07-22
Aug 2026,-,-,67.95,16:02,3.94,129,65,194,66.00,67.95,66.00,67.75,"5,565",NSBM,NSBMAUG-26,2026-07-22
Sep 2026,80.35,-,80.90,16:02,5.39,111,54,165,78.00,80.90,78.00,80.75,"5,493",NSBM,NSBMSEP-26,2026-07-22
Oct 2026,-,-,81.20,15:33,6.00,8,-,8,77.00,81.20,77.00,81.20,187,NSBM,NSBMOCT-26,2026-07-22
Nov 2026,-,-,-,-,0.00,-,-,-,-,-,-,96.00,92,NSBM,NSBMNOV-26,2026-07-22
Dec 2026,-,-,98.00,13:38,5.25,3,-,3,96.00,98.00,96.00,97.50,101,NSBM,NSBMDEC-26,2026-07-22
Jan 2027,-,-,-,-,0.00,-,-,-,-,-,-,97.37,7,NSBM,NSBMJAN-27,2026-07-22
2027,-,-,-,-,0.00,-,-,-,-,-,-,-0.75,779,HLBY,HLBY-27,2026-07-23
2028,-,-,-,-,0.00,-,-,-,-,-,-,1.99,335,HLBY,HLBY-28,2026-07-23
2029,-,-,-,-,0.00,-,-,-,-,-,-,1.31,89,HLBY,HLBY-29,2026-07-23
2030,-,-,-,-,0.00,-,-,-,-,-,-,1.52,50,HLBY,HLBY-30,2026-07-23
Q4 2026,-,-,-,-,0.00,-,-,-,-,-,-,-1.94,"1,012",HLBQ,HLBQ4-26,2026-07-23
Q1 2027,-,-,-,-,0.00,-,3,3,-,-,-,1.70,197,HLBQ,HLBQ1-27,2026-07-23
Q2 2027,-,-,-,-,0.00,-,-,-,-,-,-,-2.33,9,HLBQ,HLBQ2-27,2026-07-23
Q3 2027,-,-,-,-,0.00,-,-,-,-,-,-,-0.99,6,HLBQ,HLBQ3-27,2026-07-23
Jul 2026,-,-,-,-,0.00,-,-,-,-,-,-,-37.44,932,HLBM,HLBMJUL-26,2026-07-23
Aug 2026,-,-,-23.62,15:56,-2.02,3,5,8,-23.62,-23.62,-23.62,-23.80,952,HLBM,HLBMAUG-26,2026-07-23
Sep 2026,-,-,-,-,0.00,-,2,2,-,-,-,7.20,912,HLBM,HLBMSEP-26,2026-07-23
Oct 2026,-,-,-,-,0.00,-,1,1,-,-,-,5.90,12,HLBM,HLBMOCT-26,2026-07-23
2027,-,54.50,54.15,15:57,0.00,11,6,17,54.25,54.25,54.00,54.25,"4,336",NSBY,NSBY-27,2026-07-23
2028,45.65,-,46.05,15:29,0.20,7,5,12,46.00,46.20,46.00,45.85,"1,851",NSBY,NSBY-28,2026-07-23
2029,42.50,-,45.00,15:16,0.00,1,-,1,45.00,45.00,45.00,45.00,743,NSBY,NSBY-29,2026-07-23
2030,-,-,-,-,0.00,-,-,-,-,-,-,45.59,352,NSBY,NSBY-30,2026-07-23
2031,-,-,-,-,0.00,-,-,-,-,-,-,46.30,181,NSBY,NSBY-31,2026-07-23
2032,-,-,-,-,0.00,-,-,-,-,-,-,48.38,53,NSBY,NSBY-32,2026-07-23
2033,-,-,-,-,0.00,-,-,-,-,-,-,48.88,1,NSBY,NSBY-33,2026-07-23
2034,-,-,-,-,0.00,-,-,-,-,-,-,49.38,1,NSBY,NSBY-34,2026-07-23
2035,-,-,-,-,0.00,-,-,-,-,-,-,49.88,0,NSBY,NSBY-35,2026-07-23
2036,-,-,-,-,0.00,-,-,-,-,-,-,50.13,0,NSBY,NSBY-36,2026-07-23
Q4 2026,-,-,92.15,15:48,0.28,58,37,95,93.50,93.75,92.13,92.20,"5,535",NSBQ,NSBQ4-26,2026-07-23
Q1 2027,-,93.25,93.00,15:48,0.20,25,3,28,94.20,94.20,93.00,93.10,"1,393",NSBQ,NSBQ1-27,2026-07-23
Q2 2027,-,-,42.70,09:58,0.99,2,-,2,42.70,42.70,42.70,42.40,502,NSBQ,NSBQ2-27,2026-07-23
Q3 2027,-,-,-,-,0.00,-,-,-,-,-,-,29.51,490,NSBQ,NSBQ3-27,2026-07-23
Q4 2027,-,-,-,-,0.00,-,3,3,-,-,-,54.30,521,NSBQ,NSBQ4-27,2026-07-23
Q1 2028,-,-,-,-,0.00,-,-,-,-,-,-,73.38,221,NSBQ,NSBQ1-28,2026-07-23
Q2 2028,-,-,-,-,0.00,-,-,-,-,-,-,36.82,53,NSBQ,NSBQ2-28,2026-07-23
Q3 2028,-,-,-,-,0.00,-,-,-,-,-,-,25.45,57,NSBQ,NSBQ3-28,2026-07-23
Q4 2028,-,-,-,-,0.00,-,-,-,-,-,-,49.19,87,NSBQ,NSBQ4-28,2026-07-23
Jul 2026,-,-,-,-,0.00,-,-,-,-,-,-,58.00,"5,678",NSBM,NSBMJUL-26,2026-07-23
Aug 2026,-,68.46,66.55,15:45,-1.20,27,-,27,68.35,68.40,66.55,66.66,"5,462",NSBM,NSBMAUG-26,2026-07-23
Sep 2026,79.16,-,79.05,15:45,-1.70,25,2,27,80.75,80.75,78.85,79.16,"5,507",NSBM,NSBMSEP-26,2026-07-23
Oct 2026,-,-,81.00,14:30,-0.20,2,-,2,81.20,81.20,81.00,81.30,188,NSBM,NSBMOCT-26,2026-07-23
Nov 2026,-,-,-,-,0.00,-,-,-,-,-,-,96.50,92,NSBM,NSBMNOV-26,2026-07-23
Dec 2026,-,-,97.50,14:45,0.00,1,-,1,97.50,97.50,97.50,97.50,102,NSBM,NSBMDEC-26,2026-07-23
Jan 2027,-,-,-,-,0.00,-,-,-,-,-,-,97.38,7,NSBM,NSBMJAN-27,2026-07-23
2027,-,-,-,-,0.00,-,-,-,-,-,-,-0.90,779,HLBY,HLBY-27,2026-07-25
2028,-,-,-,-,0.00,-,-,-,-,-,-,2.01,335,HLBY,HLBY-28,2026-07-25
2029,-,-,-,-,0.00,-,-,-,-,-,-,1.32,89,HLBY,HLBY-29,2026-07-25
2030,-,-,-,-,0.00,-,-,-,-,-,-,1.51,50,HLBY,HLBY-30,2026-07-25
Q4 2026,-,-,-,-,0.00,-,-,-,-,-,-,-2.42,"1,012",HLBQ,HLBQ4-26,2026-07-25
Q1 2027,-,-,-,-,0.00,-,-,-,-,-,-,1.86,197,HLBQ,HLBQ1-27,2026-07-25
Q2 2027,-,-,-,-,0.00,-,-,-,-,-,-,-2.05,9,HLBQ,HLBQ2-27,2026-07-25
Q3 2027,-,-,-,-,0.00,-,-,-,-,-,-,-0.93,6,HLBQ,HLBQ3-27,2026-07-25
Jul 2026,-,-,-,-,0.00,-,-,-,-,-,-,-36.74,932,HLBM,HLBMJUL-26,2026-07-25
Aug 2026,-,-,-,-,0.00,-,11,11,-,-,-,-23.25,963,HLBM,HLBMAUG-26,2026-07-25
Sep 2026,-,-,-,-,0.00,-,-,-,-,-,-,7.41,912,HLBM,HLBMSEP-26,2026-07-25
Oct 2026,-,-,-,-,0.00,-,-,-,-,-,-,5.92,12,HLBM,HLBMOCT-26,2026-07-25
2027,-,54.75,54.60,15:57,0.35,17,9,26,53.50,54.60,53.50,54.60,"4,344",NSBY,NSBY-27,2026-07-25
2028,45.56,-,-,-,0.00,-,3,3,-,-,-,45.80,"1,851",NSBY,NSBY-28,2026-07-25
2029,42.50,-,-,-,0.00,-,-,-,-,-,-,45.07,743,NSBY,NSBY-29,2026-07-25
2030,-,-,-,-,0.00,-,-,-,-,-,-,45.66,352,NSBY,NSBY-30,2026-07-25
2031,-,-,-,-,0.00,-,-,-,-,-,-,46.30,181,NSBY,NSBY-31,2026-07-25
2032,-,-,-,-,0.00,-,-,-,-,-,-,48.38,53,NSBY,NSBY-32,2026-07-25
2033,-,-,-,-,0.00,-,-,-,-,-,-,48.88,1,NSBY,NSBY-33,2026-07-25
2034,-,-,-,-,0.00,-,-,-,-,-,-,49.38,1,NSBY,NSBY-34,2026-07-25
2035,-,-,-,-,0.00,-,-,-,-,-,-,49.88,0,NSBY,NSBY-35,2026-07-25
2036,-,-,-,-,0.00,-,-,-,-,-,-,50.13,0,NSBY,NSBY-36,2026-07-25
Q4 2026,-,92.35,91.50,16:04,-0.70,46,21,67,91.50,91.50,90.00,91.50,"5,549",NSBQ,NSBQ4-26,2026-07-25
Q1 2027,92.60,-,92.00,16:02,-1.10,9,3,12,91.29,92.00,91.29,92.75,"1,398",NSBQ,NSBQ1-27,2026-07-25
Q2 2027,40.29,-,41.50,15:44,-0.90,2,1,3,41.50,41.50,41.50,42.00,503,NSBQ,NSBQ2-27,2026-07-25
Q3 2027,-,-,29.31,11:15,-0.20,6,-,6,29.21,29.31,29.21,30.35,496,NSBQ,NSBQ3-27,2026-07-25
Q4 2027,-,-,-,-,0.00,-,-,-,-,-,-,53.98,521,NSBQ,NSBQ4-27,2026-07-25
Q1 2028,-,-,-,-,0.00,-,-,-,-,-,-,72.76,221,NSBQ,NSBQ1-28,2026-07-25
Q2 2028,-,-,-,-,0.00,-,-,-,-,-,-,36.22,53,NSBQ,NSBQ2-28,2026-07-25
Q3 2028,-,-,-,-,0.00,-,-,-,-,-,-,25.45,57,NSBQ,NSBQ3-28,2026-07-25
Q4 2028,-,-,-,-,0.00,-,-,-,-,-,-,49.04,87,NSBQ,NSBQ4-28,2026-07-25
Jul 2026,-,-,-,-,0.00,-,-,-,-,-,-,55.00,"5,678",NSBM,NSBMJUL-26,2026-07-25
Aug 2026,-,-,65.25,15:59,-1.41,66,14,80,65.50,65.50,63.50,65.35,"5,464",NSBM,NSBMAUG-26,2026-07-25
Sep 2026,77.85,-,79.20,15:30,0.04,14,1,15,78.15,79.20,77.21,79.20,"5,513",NSBM,NSBMSEP-26,2026-07-25
Oct 2026,-,-,81.25,15:52,-0.05,3,1,4,80.50,81.25,80.50,81.25,190,NSBM,NSBMOCT-26,2026-07-25
Nov 2026,-,-,94.50,14:56,-2.00,7,1,8,93.74,94.50,93.74,95.50,99,NSBM,NSBMNOV-26,2026-07-25
Dec 2026,-,-,-,-,0.00,-,1,1,-,-,-,96.75,103,NSBM,NSBMDEC-26,2026-07-25
Jan 2027,-,-,-,-,0.00,-,-,-,-,-,-,96.86,7,NSBM,NSBMJAN-27,2026-07-25
2027,-,-,-,-,0.00,-,-,-,-,-,-,-0.90,779,HLBY,HLBY-27,2026-07-25
2028,-,-,-,-,0.00,-,-,-,-,-,-,2.01,335,HLBY,HLBY-28,2026-07-25
2029,-,-,-,-,0.00,-,-,-,-,-,-,1.32,89,HLBY,HLBY-29,2026-07-25
2030,-,-,-,-,0.00,-,-,-,-,-,-,1.51,50,HLBY,HLBY-30,2026-07-25
Q4 2026,-,-,-,-,0.00,-,-,-,-,-,-,-2.42,"1,012",HLBQ,HLBQ4-26,2026-07-25
Q1 2027,-,-,-,-,0.00,-,-,-,-,-,-,1.86,197,HLBQ,HLBQ1-27,2026-07-25
Q2 2027,-,-,-,-,0.00,-,-,-,-,-,-,-2.05,9,HLBQ,HLBQ2-27,2026-07-25
Q3 2027,-,-,-,-,0.00,-,-,-,-,-,-,-0.93,6,HLBQ,HLBQ3-27,2026-07-25
Jul 2026,-,-,-,-,0.00,-,-,-,-,-,-,-36.74,932,HLBM,HLBMJUL-26,2026-07-25
Aug 2026,-,-,-,-,0.00,-,11,11,-,-,-,-23.25,963,HLBM,HLBMAUG-26,2026-07-25
Sep 2026,-,-,-,-,0.00,-,-,-,-,-,-,7.41,912,HLBM,HLBMSEP-26,2026-07-25
Oct 2026,-,-,-,-,0.00,-,-,-,-,-,-,5.92,12,HLBM,HLBMOCT-26,2026-07-25
2027,-,54.75,54.60,15:57,0.35,17,9,26,53.50,54.60,53.50,54.60,"4,344",NSBY,NSBY-27,2026-07-25
2028,45.56,-,-,-,0.00,-,3,3,-,-,-,45.80,"1,851",NSBY,NSBY-28,2026-07-25
2029,42.50,-,-,-,0.00,-,-,-,-,-,-,45.07,743,NSBY,NSBY-29,2026-07-25
2030,-,-,-,-,0.00,-,-,-,-,-,-,45.66,352,NSBY,NSBY-30,2026-07-25
2031,-,-,-,-,0.00,-,-,-,-,-,-,46.30,181,NSBY,NSBY-31,2026-07-25
2032,-,-,-,-,0.00,-,-,-,-,-,-,48.38,53,NSBY,NSBY-32,2026-07-25
2033,-,-,-,-,0.00,-,-,-,-,-,-,48.88,1,NSBY,NSBY-33,2026-07-25
2034,-,-,-,-,0.00,-,-,-,-,-,-,49.38,1,NSBY,NSBY-34,2026-07-25
2035,-,-,-,-,0.00,-,-,-,-,-,-,49.88,0,NSBY,NSBY-35,2026-07-25
2036,-,-,-,-,0.00,-,-,-,-,-,-,50.13,0,NSBY,NSBY-36,2026-07-25
Q4 2026,-,92.35,91.50,16:04,-0.70,46,21,67,91.50,91.50,90.00,91.50,"5,549",NSBQ,NSBQ4-26,2026-07-25
Q1 2027,92.60,-,92.00,16:02,-1.10,9,3,12,91.29,92.00,91.29,92.75,"1,398",NSBQ,NSBQ1-27,2026-07-25
Q2 2027,40.29,-,41.50,15:44,-0.90,2,1,3,41.50,41.50,41.50,42.00,503,NSBQ,NSBQ2-27,2026-07-25
Q3 2027,-,-,29.31,11:15,-0.20,6,-,6,29.21,29.31,29.21,30.35,496,NSBQ,NSBQ3-27,2026-07-25
Q4 2027,-,-,-,-,0.00,-,-,-,-,-,-,53.98,521,NSBQ,NSBQ4-27,2026-07-25
Q1 2028,-,-,-,-,0.00,-,-,-,-,-,-,72.76,221,NSBQ,NSBQ1-28,2026-07-25
Q2 2028,-,-,-,-,0.00,-,-,-,-,-,-,36.22,53,NSBQ,NSBQ2-28,2026-07-25
Q3 2028,-,-,-,-,0.00,-,-,-,-,-,-,25.45,57,NSBQ,NSBQ3-28,2026-07-25
Q4 2028,-,-,-,-,0.00,-,-,-,-,-,-,49.04,87,NSBQ,NSBQ4-28,2026-07-25
Jul 2026,-,-,-,-,0.00,-,-,-,-,-,-,55.00,"5,678",NSBM,NSBMJUL-26,2026-07-25
Aug 2026,-,-,65.25,15:59,-1.41,66,14,80,65.50,65.50,63.50,65.35,"5,464",NSBM,NSBMAUG-26,2026-07-25
Sep 2026,77.85,-,79.20,15:30,0.04,14,1,15,78.15,79.20,77.21,79.20,"5,513",NSBM,NSBMSEP-26,2026-07-25
Oct 2026,-,-,81.25,15:52,-0.05,3,1,4,80.50,81.25,80.50,81.25,190,NSBM,NSBMOCT-26,2026-07-25
Nov 2026,-,-,94.50,14:56,-2.00,7,1,8,93.74,94.50,93.74,95.50,99,NSBM,NSBMNOV-26,2026-07-25
Dec 2026,-,-,-,-,0.00,-,1,1,-,-,-,96.75,103,NSBM,NSBMDEC-26,2026-07-25
Jan 2027,-,-,-,-,0.00,-,-,-,-,-,-,96.86,7,NSBM,NSBMJAN-27,2026-07-25
2027,-,-,-,-,0.00,-,-,-,-,-,-,-0.90,779,HLBY,HLBY-27,2026-07-26
2028,-,-,-,-,0.00,-,-,-,-,-,-,2.01,335,HLBY,HLBY-28,2026-07-26
2029,-,-,-,-,0.00,-,-,-,-,-,-,1.32,89,HLBY,HLBY-29,2026-07-26
2030,-,-,-,-,0.00,-,-,-,-,-,-,1.51,50,HLBY,HLBY-30,2026-07-26
Q4 2026,-,-,-,-,0.00,-,-,-,-,-,-,-2.42,"1,012",HLBQ,HLBQ4-26,2026-07-26
Q1 2027,-,-,-,-,0.00,-,-,-,-,-,-,1.86,197,HLBQ,HLBQ1-27,2026-07-26
Q2 2027,-,-,-,-,0.00,-,-,-,-,-,-,-2.05,9,HLBQ,HLBQ2-27,2026-07-26
Q3 2027,-,-,-,-,0.00,-,-,-,-,-,-,-0.93,6,HLBQ,HLBQ3-27,2026-07-26
Jul 2026,-,-,-,-,0.00,-,-,-,-,-,-,-36.74,932,HLBM,HLBMJUL-26,2026-07-26
Aug 2026,-,-,-,-,0.00,-,11,11,-,-,-,-23.25,963,HLBM,HLBMAUG-26,2026-07-26
Sep 2026,-,-,-,-,0.00,-,-,-,-,-,-,7.41,912,HLBM,HLBMSEP-26,2026-07-26
Oct 2026,-,-,-,-,0.00,-,-,-,-,-,-,5.92,12,HLBM,HLBMOCT-26,2026-07-26
2027,-,54.75,54.60,15:57,0.35,17,9,26,53.50,54.60,53.50,54.60,"4,344",NSBY,NSBY-27,2026-07-26
2028,45.56,-,-,-,0.00,-,3,3,-,-,-,45.80,"1,851",NSBY,NSBY-28,2026-07-26
2029,42.50,-,-,-,0.00,-,-,-,-,-,-,45.07,743,NSBY,NSBY-29,2026-07-26
2030,-,-,-,-,0.00,-,-,-,-,-,-,45.66,352,NSBY,NSBY-30,2026-07-26
2031,-,-,-,-,0.00,-,-,-,-,-,-,46.30,181,NSBY,NSBY-31,2026-07-26
2032,-,-,-,-,0.00,-,-,-,-,-,-,48.38,53,NSBY,NSBY-32,2026-07-26
2033,-,-,-,-,0.00,-,-,-,-,-,-,48.88,1,NSBY,NSBY-33,2026-07-26
2034,-,-,-,-,0.00,-,-,-,-,-,-,49.38,1,NSBY,NSBY-34,2026-07-26
2035,-,-,-,-,0.00,-,-,-,-,-,-,49.88,0,NSBY,NSBY-35,2026-07-26
2036,-,-,-,-,0.00,-,-,-,-,-,-,50.13,0,NSBY,NSBY-36,2026-07-26
Q4 2026,-,92.35,91.50,16:04,-0.70,46,21,67,91.50,91.50,90.00,91.50,"5,549",NSBQ,NSBQ4-26,2026-07-26
Q1 2027,92.60,-,92.00,16:02,-1.10,9,3,12,91.29,92.00,91.29,92.75,"1,398",NSBQ,NSBQ1-27,2026-07-26
Q2 2027,40.29,-,41.50,15:44,-0.90,2,1,3,41.50,41.50,41.50,42.00,503,NSBQ,NSBQ2-27,2026-07-26
Q3 2027,-,-,29.31,11:15,-0.20,6,-,6,29.21,29.31,29.21,30.35,496,NSBQ,NSBQ3-27,2026-07-26
Q4 2027,-,-,-,-,0.00,-,-,-,-,-,-,53.98,521,NSBQ,NSBQ4-27,2026-07-26
Q1 2028,-,-,-,-,0.00,-,-,-,-,-,-,72.76,221,NSBQ,NSBQ1-28,2026-07-26
Q2 2028,-,-,-,-,0.00,-,-,-,-,-,-,36.22,53,NSBQ,NSBQ2-28,2026-07-26
Q3 2028,-,-,-,-,0.00,-,-,-,-,-,-,25.45,57,NSBQ,NSBQ3-28,2026-07-26
Q4 2028,-,-,-,-,0.00,-,-,-,-,-,-,49.04,87,NSBQ,NSBQ4-28,2026-07-26
Jul 2026,-,-,-,-,0.00,-,-,-,-,-,-,55.00,"5,678",NSBM,NSBMJUL-26,2026-07-26
Aug 2026,-,-,65.25,15:59,-1.41,66,14,80,65.50,65.50,63.50,65.35,"5,464",NSBM,NSBMAUG-26,2026-07-26
Sep 2026,77.85,-,79.20,15:30,0.04,14,1,15,78.15,79.20,77.21,79.20,"5,513",NSBM,NSBMSEP-26,2026-07-26
Oct 2026,-,-,81.25,15:52,-0.05,3,1,4,80.50,81.25,80.50,81.25,190,NSBM,NSBMOCT-26,2026-07-26
Nov 2026,-,-,94.50,14:56,-2.00,7,1,8,93.74,94.50,93.74,95.50,99,NSBM,NSBMNOV-26,2026-07-26
Dec 2026,-,-,-,-,0.00,-,1,1,-,-,-,96.75,103,NSBM,NSBMDEC-26,2026-07-26
Jan 2027,-,-,-,-,0.00,-,-,-,-,-,-,96.86,7,NSBM,NSBMJAN-27,2026-07-26
2027,-,-,-,-,0.00,-,8,8,-,-,-,-0.60,785,HLBY,HLBY-27,2026-07-28
2028,-,-,-,-,0.00,-,-,-,-,-,-,2.03,335,HLBY,HLBY-28,2026-07-28
2029,-,-,-,-,0.00,-,-,-,-,-,-,1.37,89,HLBY,HLBY-29,2026-07-28
2030,-,-,-,-,0.00,-,-,-,-,-,-,1.52,50,HLBY,HLBY-30,2026-07-28
Q4 2026,-,-,-,-,0.00,-,5,5,-,-,-,-0.75,"1,017",HLBQ,HLBQ4-26,2026-07-28
Q1 2027,-,-,-,-,0.00,-,5,5,-,-,-,2.10,202,HLBQ,HLBQ1-27,2026-07-28
Q2 2027,-,-,-,-,0.00,-,-,-,-,-,-,-1.69,9,HLBQ,HLBQ2-27,2026-07-28
Q3 2027,-,-,-,-,0.00,-,-,-,-,-,-,-0.72,6,HLBQ,HLBQ3-27,2026-07-28
Jul 2026,-,-,-,-,0.00,-,-,-,-,-,-,-35.16,932,HLBM,HLBMJUL-26,2026-07-28
Aug 2026,-,-,-,-,0.00,-,-,-,-,-,-,-21.46,963,HLBM,HLBMAUG-26,2026-07-28
Sep 2026,-,-,-,-,0.00,-,-,-,-,-,-,8.75,912,HLBM,HLBMSEP-26,2026-07-28
Oct 2026,-,-,-,-,0.00,-,-,-,-,-,-,7.41,12,HLBM,HLBMOCT-26,2026-07-28
2027,-,-,53.95,15:59,-0.65,4,17,21,54.00,54.05,53.95,53.95,"4,358",NSBY,NSBY-27,2026-07-28
2028,-,-,45.50,12:18,-0.30,1,5,6,45.50,45.50,45.50,45.50,"1,852",NSBY,NSBY-28,2026-07-28
2029,42.50,-,-,-,0.00,-,5,5,-,-,-,44.95,743,NSBY,NSBY-29,2026-07-28
2030,-,-,-,-,0.00,-,-,-,-,-,-,45.55,352,NSBY,NSBY-30,2026-07-28
2031,-,-,-,-,0.00,-,-,-,-,-,-,46.30,181,NSBY,NSBY-31,2026-07-28
2032,-,-,-,-,0.00,-,-,-,-,-,-,48.38,53,NSBY,NSBY-32,2026-07-28
2033,-,-,-,-,0.00,-,-,-,-,-,-,48.88,1,NSBY,NSBY-33,2026-07-28
2034,-,-,-,-,0.00,-,-,-,-,-,-,49.38,1,NSBY,NSBY-34,2026-07-28
2035,-,-,-,-,0.00,-,-,-,-,-,-,49.88,0,NSBY,NSBY-35,2026-07-28
2036,-,-,-,-,0.00,-,-,-,-,-,-,50.13,0,NSBY,NSBY-36,2026-07-28
Q4 2026,87.05,91.45,89.25,15:59,-2.25,33,21,54,87.55,89.25,87.40,89.21,"5,563",NSBQ,NSBQ4-26,2026-07-28
Q1 2027,-,-,91.18,15:51,-1.57,9,7,16,90.95,91.18,90.95,91.05,"1,394",NSBQ,NSBQ1-27,2026-07-28
Q2 2027,-,-,40.85,15:38,-1.15,5,-,5,40.50,40.85,40.50,40.85,502,NSBQ,NSBQ2-27,2026-07-28
Q3 2027,-,-,-,-,0.00,-,-,-,-,-,-,30.33,496,NSBQ,NSBQ3-27,2026-07-28
Q4 2027,-,-,54.00,15:43,0.02,3,-,3,54.00,54.00,54.00,54.00,524,NSBQ,NSBQ4-27,2026-07-28
Q1 2028,-,-,-,-,0.00,-,-,-,-,-,-,72.03,221,NSBQ,NSBQ1-28,2026-07-28
Q2 2028,-,-,-,-,0.00,-,-,-,-,-,-,36.12,53,NSBQ,NSBQ2-28,2026-07-28
Q3 2028,-,-,-,-,0.00,-,-,-,-,-,-,25.38,57,NSBQ,NSBQ3-28,2026-07-28
Q4 2028,-,-,-,-,0.00,-,-,-,-,-,-,49.20,87,NSBQ,NSBQ4-28,2026-07-28
Jul 2026,-,-,52.00,12:59,-3.00,10,-,10,52.00,52.00,52.00,52.00,"5,668",NSBM,NSBMJUL-26,2026-07-28
Aug 2026,-,-,60.00,15:58,-5.35,54,95,149,60.00,60.45,60.00,60.00,"5,566",NSBM,NSBMAUG-26,2026-07-28
Sep 2026,-,-,76.00,15:59,-3.20,45,70,115,75.00,76.50,75.00,76.06,"5,556",NSBM,NSBMSEP-26,2026-07-28
Oct 2026,-,-,-,-,0.00,-,-,-,-,-,-,79.00,189,NSBM,NSBMOCT-26,2026-07-28
Nov 2026,-,-,91.04,09:02,-4.46,2,-,2,91.04,91.04,91.04,92.65,99,NSBM,NSBMNOV-26,2026-07-28
Dec 2026,-,-,-,-,0.00,-,-,-,-,-,-,94.75,103,NSBM,NSBMDEC-26,2026-07-28
Jan 2027,-,-,-,-,0.00,-,-,-,-,-,-,94.77,7,NSBM,NSBMJAN-27,2026-07-28
2027,-,-,-,-,0.00,-,1,1,-,-,-,-0.60,785,HLBY,HLBY-27,2026-07-28
2028,-,-,-,-,0.00,-,3,3,-,-,-,2.25,335,HLBY,HLBY-28,2026-07-28
2029,-,-,-,-,0.00,-,-,-,-,-,-,1.40,89,HLBY,HLBY-29,2026-07-28
2030,-,-,-,-,0.00,-,-,-,-,-,-,1.52,50,HLBY,HLBY-30,2026-07-28
Q4 2026,-,-,-,-,0.00,-,1,1,-,-,-,-0.10,"1,017",HLBQ,HLBQ4-26,2026-07-28
Q1 2027,-,-,-,-,0.00,-,4,4,-,-,-,2.10,206,HLBQ,HLBQ1-27,2026-07-28
Q2 2027,-,-,-,-,0.00,-,-,-,-,-,-,-1.53,9,HLBQ,HLBQ2-27,2026-07-28
Q3 2027,-,-,-,-,0.00,-,-,-,-,-,-,-0.47,6,HLBQ,HLBQ3-27,2026-07-28
Jul 2026,-,-,-,-,0.00,-,-,-,-,-,-,-35.64,932,HLBM,HLBMJUL-26,2026-07-28
Aug 2026,-,-,-,-,0.00,-,20,20,-,-,-,-21.00,975,HLBM,HLBMAUG-26,2026-07-28
Sep 2026,-,-,-,-,0.00,-,21,21,-,-,-,9.00,927,HLBM,HLBMSEP-26,2026-07-28
Oct 2026,-,-,-,-,0.00,-,-,-,-,-,-,7.53,12,HLBM,HLBMOCT-26,2026-07-28
2027,-,-,53.15,16:06,-0.80,37,9,46,53.53,53.53,53.15,53.15,"4,390",NSBY,NSBY-27,2026-07-28
2028,-,-,45.40,15:40,-0.10,7,3,10,45.65,45.75,45.40,45.40,"1,860",NSBY,NSBY-28,2026-07-28
2029,42.50,-,-,-,0.00,-,4,4,-,-,-,44.85,741,NSBY,NSBY-29,2026-07-28
2030,-,-,-,-,0.00,-,-,-,-,-,-,45.70,352,NSBY,NSBY-30,2026-07-28
2031,-,-,-,-,0.00,-,-,-,-,-,-,46.35,181,NSBY,NSBY-31,2026-07-28
2032,-,-,-,-,0.00,-,-,-,-,-,-,48.38,53,NSBY,NSBY-32,2026-07-28
2033,-,-,-,-,0.00,-,-,-,-,-,-,48.88,1,NSBY,NSBY-33,2026-07-28
2034,-,-,-,-,0.00,-,-,-,-,-,-,49.38,1,NSBY,NSBY-34,2026-07-28
2035,-,-,-,-,0.00,-,-,-,-,-,-,49.88,0,NSBY,NSBY-35,2026-07-28
2036,-,-,-,-,0.00,-,-,-,-,-,-,50.13,0,NSBY,NSBY-36,2026-07-28
Q4 2026,-,-,87.75,15:58,-1.46,47,16,63,87.75,88.34,87.40,87.75,"5,569",NSBQ,NSBQ4-26,2026-07-28
Q1 2027,-,-,90.40,15:59,-0.65,6,10,16,90.40,90.40,90.40,90.40,"1,389",NSBQ,NSBQ1-27,2026-07-28
Q2 2027,-,-,40.35,13:33,-0.50,8,-,8,40.30,40.35,40.30,40.35,502,NSBQ,NSBQ2-27,2026-07-28
Q3 2027,-,-,-,-,0.00,-,-,-,-,-,-,30.02,496,NSBQ,NSBQ3-27,2026-07-28
Q4 2027,52.24,-,-,-,0.00,-,-,-,-,-,-,53.38,521,NSBQ,NSBQ4-27,2026-07-28
Q1 2028,68.22,72.75,-,-,0.00,-,-,-,-,-,-,71.99,221,NSBQ,NSBQ1-28,2026-07-28
Q2 2028,-,-,36.20,11:47,0.08,2,-,2,36.20,36.20,36.20,36.20,53,NSBQ,NSBQ2-28,2026-07-28
Q3 2028,-,-,-,-,0.00,-,-,-,-,-,-,24.67,57,NSBQ,NSBQ3-28,2026-07-28
Q4 2028,-,-,-,-,0.00,-,-,-,-,-,-,49.21,87,NSBQ,NSBQ4-28,2026-07-28
Jul 2026,-,-,-,-,0.00,-,-,-,-,-,-,52.00,"5,668",NSBM,NSBMJUL-26,2026-07-28
Aug 2026,-,60.15,59.75,15:59,-0.25,81,25,106,58.20,59.75,57.65,59.73,"5,521",NSBM,NSBMAUG-26,2026-07-28
Sep 2026,-,-,75.57,15:58,-0.49,53,58,111,75.30,75.57,74.50,75.57,"5,567",NSBM,NSBMSEP-26,2026-07-28
Oct 2026,-,-,-,-,0.00,-,-,-,-,-,-,77.88,189,NSBM,NSBMOCT-26,2026-07-28
Nov 2026,-,-,-,-,0.00,-,-,-,-,-,-,91.69,99,NSBM,NSBMNOV-26,2026-07-28
Dec 2026,-,-,-,-,0.00,-,-,-,-,-,-,93.85,103,NSBM,NSBMDEC-26,2026-07-28
Jan 2027,91.85,-,-,-,0.00,-,-,-,-,-,-,94.04,7,NSBM,NSBMJAN-27,2026-07-28
2027,-,-,-,-,0.00,-,9,9,-,-,-,-0.60,790,HLBY,HLBY-27,2026-07-29
2028,-,-,-,-,0.00,-,-,-,-,-,-,2.06,333,HLBY,HLBY-28,2026-07-29
2029,-,-,-,-,0.00,-,-,-,-,-,-,1.36,89,HLBY,HLBY-29,2026-07-29
2030,-,-,-,-,0.00,-,-,-,-,-,-,1.48,50,HLBY,HLBY-30,2026-07-29
Q4 2026,-,-,-,-,0.00,-,22,22,-,-,-,-0.20,"1,035",HLBQ,HLBQ4-26,2026-07-29
Q1 2027,-,-,-,-,0.00,-,4,4,-,-,-,2.00,207,HLBQ,HLBQ1-27,2026-07-29
Q2 2027,-,-,-,-,0.00,-,-,-,-,-,-,-1.84,9,HLBQ,HLBQ2-27,2026-07-29
Q3 2027,-,-,-,-,0.00,-,-,-,-,-,-,-0.77,6,HLBQ,HLBQ3-27,2026-07-29
Jul 2026,-,-,-,-,0.00,-,-,-,-,-,-,-35.71,932,HLBM,HLBMJUL-26,2026-07-29
Aug 2026,-,-,-,-,0.00,-,10,10,-,-,-,-23.50,975,HLBM,HLBMAUG-26,2026-07-29
Sep 2026,-,-,-,-,0.00,-,5,5,-,-,-,8.75,929,HLBM,HLBMSEP-26,2026-07-29
Oct 2026,-,-,-,-,0.00,-,-,-,-,-,-,6.18,12,HLBM,HLBMOCT-26,2026-07-29
2027,-,-,54.41,15:57,1.26,16,9,25,53.90,54.41,53.60,54.41,"4,394",NSBY,NSBY-27,2026-07-29
2028,-,-,46.00,15:32,0.60,3,13,16,46.00,46.00,46.00,46.00,"1,870",NSBY,NSBY-28,2026-07-29
2029,42.50,-,-,-,0.00,-,2,2,-,-,-,44.90,741,NSBY,NSBY-29,2026-07-29
2030,-,-,-,-,0.00,-,-,-,-,-,-,45.70,352,NSBY,NSBY-30,2026-07-29
2031,-,-,-,-,0.00,-,-,-,-,-,-,46.35,181,NSBY,NSBY-31,2026-07-29
2032,-,-,-,-,0.00,-,-,-,-,-,-,48.38,53,NSBY,NSBY-32,2026-07-29
2033,-,-,-,-,0.00,-,-,-,-,-,-,48.88,1,NSBY,NSBY-33,2026-07-29
2034,-,-,-,-,0.00,-,-,-,-,-,-,49.38,1,NSBY,NSBY-34,2026-07-29
2035,-,-,-,-,0.00,-,-,-,-,-,-,49.88,0,NSBY,NSBY-35,2026-07-29
2036,-,-,-,-,0.00,-,-,-,-,-,-,50.13,0,NSBY,NSBY-36,2026-07-29
Q4 2026,-,-,92.00,15:58,4.25,72,26,98,89.15,92.00,88.90,91.93,"5,554",NSBQ,NSBQ4-26,2026-07-29
Q1 2027,-,-,93.86,15:59,3.46,11,6,17,91.50,94.00,91.50,93.89,"1,391",NSBQ,NSBQ1-27,2026-07-29
Q2 2027,-,-,41.71,15:59,1.36,3,-,3,41.35,41.71,41.35,41.35,502,NSBQ,NSBQ2-27,2026-07-29
Q3 2027,-,-,31.00,15:33,0.98,4,2,6,30.50,31.00,30.50,31.00,500,NSBQ,NSBQ3-27,2026-07-29
Q4 2027,52.25,-,-,-,0.00,-,-,-,-,-,-,53.38,521,NSBQ,NSBQ4-27,2026-07-29
Q1 2028,-,73.23,-,-,0.00,-,-,-,-,-,-,72.19,221,NSBQ,NSBQ1-28,2026-07-29
Q2 2028,-,-,-,-,0.00,-,-,-,-,-,-,36.89,53,NSBQ,NSBQ2-28,2026-07-29
Q3 2028,-,-,-,-,0.00,-,-,-,-,-,-,25.46,57,NSBQ,NSBQ3-28,2026-07-29
Q4 2028,-,-,-,-,0.00,-,-,-,-,-,-,49.49,87,NSBQ,NSBQ4-28,2026-07-29
Jul 2026,-,-,51.25,14:53,-0.75,16,-,16,51.25,51.25,51.25,51.25,"5,649",NSBM,NSBMJUL-26,2026-07-29
Aug 2026,-,-,63.25,15:59,3.52,125,11,136,60.50,63.25,60.50,63.25,"5,508",NSBM,NSBMAUG-26,2026-07-29
Sep 2026,76.55,-,79.00,15:47,3.43,36,-,36,77.00,79.50,77.00,79.00,"5,544",NSBM,NSBMSEP-26,2026-07-29
Oct 2026,-,83.50,81.55,15:55,3.67,4,-,4,79.00,81.55,79.00,81.55,192,NSBM,NSBMOCT-26,2026-07-29
Nov 2026,-,-,-,-,0.00,-,-,-,-,-,-,95.71,99,NSBM,NSBMNOV-26,2026-07-29
Dec 2026,-,99.07,-,-,0.00,-,-,-,-,-,-,97.23,103,NSBM,NSBMDEC-26,2026-07-29
Jan 2027,95.88,-,-,-,0.00,-,-,-,-,-,-,97.00,7,NSBM,NSBMJAN-27,2026-07-29
2027,-,-,-,-,0.00,-,5,5,-,-,-,-0.50,793,HLBY,HLBY-27,2026-07-30
2028,-,-,-,-,0.00,-,5,5,-,-,-,2.00,335,HLBY,HLBY-28,2026-07-30
2029,-,-,-,-,0.00,-,-,-,-,-,-,1.37,89,HLBY,HLBY-29,2026-07-30
2030,-,-,-,-,0.00,-,-,-,-,-,-,1.46,50,HLBY,HLBY-30,2026-07-30
Q4 2026,-,-,-,-,0.00,-,-,-,-,-,-,-0.95,"1,035",HLBQ,HLBQ4-26,2026-07-30
Q1 2027,-,-,-,-,0.00,-,-,-,-,-,-,1.86,207,HLBQ,HLBQ1-27,2026-07-30
Q2 2027,-,-,-,-,0.00,-,-,-,-,-,-,-1.82,9,HLBQ,HLBQ2-27,2026-07-30
Q3 2027,-,-,-,-,0.00,-,-,-,-,-,-,-0.75,6,HLBQ,HLBQ3-27,2026-07-30
Jul 2026,-,-,-,-,0.00,-,-,-,-,-,-,-35.89,932,HLBM,HLBMJUL-26,2026-07-30
Aug 2026,-,-,-,-,0.00,-,26,26,-,-,-,-25.50,975,HLBM,HLBMAUG-26,2026-07-30
Sep 2026,-,-,-,-,0.00,-,-,-,-,-,-,9.13,929,HLBM,HLBMSEP-26,2026-07-30
Oct 2026,-,-,-,-,0.00,-,-,-,-,-,-,6.53,12,HLBM,HLBMOCT-26,2026-07-30
2027,-,-,54.45,15:59,0.04,10,20,30,54.40,54.45,54.40,54.45,"4,395",NSBY,NSBY-27,2026-07-30
2028,-,-,-,-,0.00,-,10,10,-,-,-,46.00,"1,875",NSBY,NSBY-28,2026-07-30
2029,42.50,-,-,-,0.00,-,-,-,-,-,-,44.88,741,NSBY,NSBY-29,2026-07-30
2030,-,-,-,-,0.00,-,-,-,-,-,-,45.75,352,NSBY,NSBY-30,2026-07-30
2031,-,-,-,-,0.00,-,-,-,-,-,-,46.53,181,NSBY,NSBY-31,2026-07-30
2032,-,-,-,-,0.00,-,-,-,-,-,-,48.38,53,NSBY,NSBY-32,2026-07-30
2033,-,-,-,-,0.00,-,-,-,-,-,-,48.88,1,NSBY,NSBY-33,2026-07-30
2034,-,-,-,-,0.00,-,-,-,-,-,-,49.38,1,NSBY,NSBY-34,2026-07-30
2035,-,-,-,-,0.00,-,-,-,-,-,-,49.88,0,NSBY,NSBY-35,2026-07-30
2036,-,-,-,-,0.00,-,-,-,-,-,-,50.13,0,NSBY,NSBY-36,2026-07-30
Q4 2026,-,-,91.50,16:02,-0.43,55,23,78,91.50,92.00,91.50,91.50,"5,583",NSBQ,NSBQ4-26,2026-07-30
Q1 2027,91.33,-,93.25,16:01,-0.64,17,60,77,93.75,94.00,93.25,93.39,"1,343",NSBQ,NSBQ1-27,2026-07-30
Q2 2027,-,-,41.30,15:59,-0.05,20,50,70,41.50,41.50,41.00,41.30,468,NSBQ,NSBQ2-27,2026-07-30
Q3 2027,-,-,30.95,15:59,-0.05,6,-,6,30.50,31.00,30.50,30.95,502,NSBQ,NSBQ3-27,2026-07-30
Q4 2027,52.80,-,53.15,15:59,-0.23,4,-,4,53.00,53.15,53.00,53.15,523,NSBQ,NSBQ4-27,2026-07-30
Q1 2028,-,-,-,-,0.00,-,-,-,-,-,-,71.90,221,NSBQ,NSBQ1-28,2026-07-30
Q2 2028,-,-,-,-,0.00,-,-,-,-,-,-,36.20,53,NSBQ,NSBQ2-28,2026-07-30
Q3 2028,-,-,-,-,0.00,-,-,-,-,-,-,25.75,57,NSBQ,NSBQ3-28,2026-07-30
Q4 2028,-,-,-,-,0.00,-,-,-,-,-,-,49.56,87,NSBQ,NSBQ4-28,2026-07-30
Jul 2026,-,51.75,-,-,0.00,-,-,-,-,-,-,51.26,"5,649",NSBM,NSBMJUL-26,2026-07-30
Aug 2026,-,-,63.75,15:57,0.50,57,62,119,64.00,64.00,63.35,63.75,"5,517",NSBM,NSBMAUG-26,2026-07-30
Sep 2026,-,-,79.00,15:34,0.00,29,22,51,80.00,80.00,78.67,78.88,"5,579",NSBM,NSBMSEP-26,2026-07-30
Oct 2026,-,-,-,-,0.00,-,5,5,-,-,-,82.05,196,NSBM,NSBMOCT-26,2026-07-30
Nov 2026,-,-,-,-,0.00,-,-,-,-,-,-,95.22,99,NSBM,NSBMNOV-26,2026-07-30
Dec 2026,-,98.82,-,-,0.00,-,-,-,-,-,-,96.94,103,NSBM,NSBMDEC-26,2026-07-30
Jan 2027,95.05,-,-,-,0.00,-,-,-,-,-,-,96.94,7,NSBM,NSBMJAN-27,2026-07-30
2027,-,-,-,-,-,-,-,-,-,-,-,-,-,HLBY,HLBY-27,2026-07-31
2028,-,-,-,-,-,-,-,-,-,-,-,-,-,HLBY,HLBY-28,2026-07-31
2029,-,-,-,-,-,-,-,-,-,-,-,-,-,HLBY,HLBY-29,2026-07-31
2030,-,-,-,-,-,-,-,-,-,-,-,-,-,HLBY,HLBY-30,2026-07-31
Q4 2026,-,-,-,-,-,-,-,-,-,-,-,-,-,HLBQ,HLBQ4-26,2026-07-31
Q1 2027,-,-,-,-,-,-,-,-,-,-,-,-,-,HLBQ,HLBQ1-27,2026-07-31
Q2 2027,-,-,-,-,-,-,-,-,-,-,-,-,-,HLBQ,HLBQ2-27,2026-07-31
Q3 2027,-,-,-,-,-,-,-,-,-,-,-,-,-,HLBQ,HLBQ3-27,2026-07-31
Jul 2026,-,-,-,-,-,-,-,-,-,-,-,-,-,HLBM,HLBMJUL-26,2026-07-31
Aug 2026,-,-,-30.85,16:13,-5.35,12,33,45,-26.00,-26.00,-30.85,-30.85,979,HLBM,HLBMAUG-26,2026-07-31
Sep 2026,-,-,-,-,-,-,-,-,-,-,-,-,-,HLBM,HLBMSEP-26,2026-07-31
Oct 2026,-,-,-,-,-,-,-,-,-,-,-,-,-,HLBM,HLBMOCT-26,2026-07-31
2027,-,55.45,55.20,16:03,0.75,10,8,18,54.85,55.45,54.85,55.20,"4,403",NSBY,NSBY-27,2026-07-31
2028,-,-,46.50,15:55,0.50,3,11,14,46.30,46.50,46.30,46.40,"1,882",NSBY,NSBY-28,2026-07-31
2029,-,-,-,-,-,-,-,-,-,-,-,-,-,NSBY,NSBY-29,2026-07-31
2030,-,-,-,-,-,-,-,-,-,-,-,-,-,NSBY,NSBY-30,2026-07-31
2031,-,-,-,-,-,-,-,-,-,-,-,-,-,NSBY,NSBY-31,2026-07-31
2032,-,-,-,-,-,-,-,-,-,-,-,-,-,NSBY,NSBY-32,2026-07-31
2033,-,-,-,-,-,-,-,-,-,-,-,-,-,NSBY,NSBY-33,2026-07-31
2034,-,-,-,-,-,-,-,-,-,-,-,-,-,NSBY,NSBY-34,2026-07-31
2035,-,-,-,-,-,-,-,-,-,-,-,-,-,NSBY,NSBY-35,2026-07-31
2036,-,-,-,-,-,-,-,-,-,-,-,-,-,NSBY,NSBY-36,2026-07-31
Q4 2026,-,94.85,94.20,15:56,2.70,49,23,72,92.00,94.25,92.00,94.20,"5,612",NSBQ,NSBQ4-26,2026-07-31
Q1 2027,95.30,96.05,95.65,16:05,2.26,14,7,21,94.00,95.65,94.00,95.65,"1,351",NSBQ,NSBQ1-27,2026-07-31
Q2 2027,-,-,42.00,16:07,0.70,1,1,2,42.00,42.00,42.00,42.30,469,NSBQ,NSBQ2-27,2026-07-31
Q3 2027,-,-,31.75,15:42,0.80,2,-,2,31.50,31.75,31.50,31.75,503,NSBQ,NSBQ3-27,2026-07-31
Q4 2027,-,-,-,-,-,-,-,-,-,-,-,-,-,NSBQ,NSBQ4-27,2026-07-31
Q1 2028,-,-,-,-,-,-,-,-,-,-,-,-,-,NSBQ,NSBQ1-28,2026-07-31
Q2 2028,-,-,36.30,13:33,0.10,3,2,5,36.30,36.30,36.30,36.30,58,NSBQ,NSBQ2-28,2026-07-31
Q3 2028,-,-,-,-,-,-,-,-,-,-,-,-,-,NSBQ,NSBQ3-28,2026-07-31
Q4 2028,-,-,-,-,-,-,-,-,-,-,-,-,-,NSBQ,NSBQ4-28,2026-07-31
Jul 2026,-,-,-,-,-,-,-,-,-,-,-,-,-,NSBM,NSBMJUL-26,2026-07-31
Aug 2026,-,-,68.90,15:59,5.15,85,11,96,65.00,69.00,65.00,68.86,"5,455",NSBM,NSBMAUG-26,2026-07-31
Sep 2026,-,-,83.00,15:50,4.12,61,-,61,80.50,83.20,80.50,83.00,"5,614",NSBM,NSBMSEP-26,2026-07-31
Oct 2026,-,-,85.50,15:31,3.45,13,-,13,83.00,85.50,83.00,85.50,199,NSBM,NSBMOCT-26,2026-07-31
Nov 2026,-,-,-,-,-,-,-,-,-,-,-,-,-,NSBM,NSBMNOV-26,2026-07-31
Dec 2026,-,-,-,-,-,-,-,-,-,-,-,-,-,NSBM,NSBMDEC-26,2026-07-31
Jan 2027,-,-,-,-,-,-,-,-,-,-,-,-,-,NSBM,NSBMJAN-27,2026-07-31
2027,-,-,-,-,-,-,-,-,-,-,-,-,-,HLBY,HLBY-27,2026-08-01
2028,-,-,-,-,-,-,-,-,-,-,-,-,-,HLBY,HLBY-28,2026-08-01
2029,-,-,-,-,-,-,-,-,-,-,-,-,-,HLBY,HLBY-29,2026-08-01
2030,-,-,-,-,-,-,-,-,-,-,-,-,-,HLBY,HLBY-30,2026-08-01
Q4 2026,-,-,-,-,-,-,-,-,-,-,-,-,-,HLBQ,HLBQ4-26,2026-08-01
Q1 2027,-,-,-,-,-,-,-,-,-,-,-,-,-,HLBQ,HLBQ1-27,2026-08-01
Q2 2027,-,-,-,-,-,-,-,-,-,-,-,-,-,HLBQ,HLBQ2-27,2026-08-01
Q3 2027,-,-,-,-,-,-,-,-,-,-,-,-,-,HLBQ,HLBQ3-27,2026-08-01
Jul 2026,-,-,-,-,-,-,-,-,-,-,-,-,-,HLBM,HLBMJUL-26,2026-08-01
Aug 2026,-,-,-30.85,16:13,-5.35,12,33,45,-26.00,-26.00,-30.85,-30.85,979,HLBM,HLBMAUG-26,2026-08-01
Sep 2026,-,-,-,-,-,-,-,-,-,-,-,-,-,HLBM,HLBMSEP-26,2026-08-01
Oct 2026,-,-,-,-,-,-,-,-,-,-,-,-,-,HLBM,HLBMOCT-26,2026-08-01
2027,-,55.45,55.20,16:03,0.75,10,8,18,54.85,55.45,54.85,55.20,"4,403",NSBY,NSBY-27,2026-08-01
2028,-,-,46.50,15:55,0.50,3,11,14,46.30,46.50,46.30,46.40,"1,882",NSBY,NSBY-28,2026-08-01
2029,-,-,-,-,-,-,-,-,-,-,-,-,-,NSBY,NSBY-29,2026-08-01
2030,-,-,-,-,-,-,-,-,-,-,-,-,-,NSBY,NSBY-30,2026-08-01
2031,-,-,-,-,-,-,-,-,-,-,-,-,-,NSBY,NSBY-31,2026-08-01
2032,-,-,-,-,-,-,-,-,-,-,-,-,-,NSBY,NSBY-32,2026-08-01
2033,-,-,-,-,-,-,-,-,-,-,-,-,-,NSBY,NSBY-33,2026-08-01
2034,-,-,-,-,-,-,-,-,-,-,-,-,-,NSBY,NSBY-34,2026-08-01
2035,-,-,-,-,-,-,-,-,-,-,-,-,-,NSBY,NSBY-35,2026-08-01
2036,-,-,-,-,-,-,-,-,-,-,-,-,-,NSBY,NSBY-36,2026-08-01
Q4 2026,-,94.85,94.20,15:56,2.70,49,23,72,92.00,94.25,92.00,94.20,"5,612",NSBQ,NSBQ4-26,2026-08-01
Q1 2027,95.30,96.05,95.65,16:05,2.26,14,7,21,94.00,95.65,94.00,95.65,"1,351",NSBQ,NSBQ1-27,2026-08-01
Q2 2027,-,-,42.00,16:07,0.70,1,1,2,42.00,42.00,42.00,42.30,469,NSBQ,NSBQ2-27,2026-08-01
Q3 2027,-,-,31.75,15:42,0.80,2,-,2,31.50,31.75,31.50,31.75,503,NSBQ,NSBQ3-27,2026-08-01
Q4 2027,-,-,-,-,-,-,-,-,-,-,-,-,-,NSBQ,NSBQ4-27,2026-08-01
Q1 2028,-,-,-,-,-,-,-,-,-,-,-,-,-,NSBQ,NSBQ1-28,2026-08-01
Q2 2028,-,-,36.30,13:33,0.10,3,2,5,36.30,36.30,36.30,36.30,58,NSBQ,NSBQ2-28,2026-08-01
Q3 2028,-,-,-,-,-,-,-,-,-,-,-,-,-,NSBQ,NSBQ3-28,2026-08-01
Q4 2028,-,-,-,-,-,-,-,-,-,-,-,-,-,NSBQ,NSBQ4-28,2026-08-01
Jul 2026,-,-,-,-,-,-,-,-,-,-,-,-,-,NSBM,NSBMJUL-26,2026-08-01
Aug 2026,-,-,68.90,15:59,5.15,85,11,96,65.00,69.00,65.00,68.86,"5,455",NSBM,NSBMAUG-26,2026-08-01
Sep 2026,-,-,83.00,15:50,4.12,61,-,61,80.50,83.20,80.50,83.00,"5,614",NSBM,NSBMSEP-26,2026-08-01
Oct 2026,-,-,85.50,15:31,3.45,13,-,13,83.00,85.50,83.00,85.50,199,NSBM,NSBMOCT-26,2026-08-01
Nov 2026,-,-,-,-,-,-,-,-,-,-,-,-,-,NSBM,NSBMNOV-26,2026-08-01
Dec 2026,-,-,-,-,-,-,-,-,-,-,-,-,-,NSBM,NSBMDEC-26,2026-08-01
Jan 2027,-,-,-,-,-,-,-,-,-,-,-,-,-,NSBM,NSBMJAN-27,2026-08-01
2027,-,-,-,-,-,-,-,-,-,-,-,-,-,HLBY,HLBY-27,2026-08-02
2028,-,-,-,-,-,-,-,-,-,-,-,-,-,HLBY,HLBY-28,2026-08-02
2029,-,-,-,-,-,-,-,-,-,-,-,-,-,HLBY,HLBY-29,2026-08-02
2030,-,-,-,-,-,-,-,-,-,-,-,-,-,HLBY,HLBY-30,2026-08-02
Q4 2026,-,-,-,-,-,-,-,-,-,-,-,-,-,HLBQ,HLBQ4-26,2026-08-02
Q1 2027,-,-,-,-,-,-,-,-,-,-,-,-,-,HLBQ,HLBQ1-27,2026-08-02
Q2 2027,-,-,-,-,-,-,-,-,-,-,-,-,-,HLBQ,HLBQ2-27,2026-08-02
Q3 2027,-,-,-,-,-,-,-,-,-,-,-,-,-,HLBQ,HLBQ3-27,2026-08-02
2027,-,55.45,55.20,16:03,0.75,10,8,18,54.85,55.45,54.85,55.20,"4,403",NSBY,NSBY-27,2026-08-02
2028,-,-,46.50,15:55,0.50,3,11,14,46.30,46.50,46.30,46.40,"1,882",NSBY,NSBY-28,2026-08-02
2029,-,-,-,-,-,-,-,-,-,-,-,-,-,NSBY,NSBY-29,2026-08-02
2030,-,-,-,-,-,-,-,-,-,-,-,-,-,NSBY,NSBY-30,2026-08-02
2031,-,-,-,-,-,-,-,-,-,-,-,-,-,NSBY,NSBY-31,2026-08-02
2032,-,-,-,-,-,-,-,-,-,-,-,-,-,NSBY,NSBY-32,2026-08-02
2033,-,-,-,-,-,-,-,-,-,-,-,-,-,NSBY,NSBY-33,2026-08-02
2034,-,-,-,-,-,-,-,-,-,-,-,-,-,NSBY,NSBY-34,2026-08-02
2035,-,-,-,-,-,-,-,-,-,-,-,-,-,NSBY,NSBY-35,2026-08-02
2036,-,-,-,-,-,-,-,-,-,-,-,-,-,NSBY,NSBY-36,2026-08-02
Q4 2026,-,94.85,94.20,15:56,2.70,49,23,72,92.00,94.25,92.00,94.20,"5,612",NSBQ,NSBQ4-26,2026-08-02
Q1 2027,95.30,96.05,95.65,16:05,2.26,14,7,21,94.00,95.65,94.00,95.65,"1,351",NSBQ,NSBQ1-27,2026-08-02
Q2 2027,-,-,42.00,16:07,0.70,1,1,2,42.00,42.00,42.00,42.30,469,NSBQ,NSBQ2-27,2026-08-02
Q3 2027,-,-,31.75,15:42,0.80,2,-,2,31.50,31.75,31.50,31.75,503,NSBQ,NSBQ3-27,2026-08-02
Q4 2027,-,-,-,-,-,-,-,-,-,-,-,-,-,NSBQ,NSBQ4-27,2026-08-02
Q1 2028,-,-,-,-,-,-,-,-,-,-,-,-,-,NSBQ,NSBQ1-28,2026-08-02
Q2 2028,-,-,36.30,13:33,0.10,3,2,5,36.30,36.30,36.30,36.30,58,NSBQ,NSBQ2-28,2026-08-02
Q3 2028,-,-,-,-,-,-,-,-,-,-,-,-,-,NSBQ,NSBQ3-28,2026-08-02
Q4 2028,-,-,-,-,-,-,-,-,-,-,-,-,-,NSBQ,NSBQ4-28,2026-08-02
2027,-,-,-,-,0.00,-,9,9,-,-,-,-0.80,806,HLBY,HLBY-27,2026-08-04
2028,-,-,-,-,0.00,-,3,3,-,-,-,2.00,339,HLBY,HLBY-28,2026-08-04
2029,-,-,-,-,0.00,-,-,-,-,-,-,1.35,89,HLBY,HLBY-29,2026-08-04
2030,-,-,-,-,0.00,-,-,-,-,-,-,1.44,50,HLBY,HLBY-30,2026-08-04
Q4 2026,-,-,-,-,0.00,-,-,-,-,-,-,-0.80,"1,039",HLBQ,HLBQ4-26,2026-08-04
Q1 2027,-,-,-,-,0.00,-,-,-,-,-,-,1.31,208,HLBQ,HLBQ1-27,2026-08-04
Q2 2027,-,-,-,-,0.00,-,-,-,-,-,-,-2.27,9,HLBQ,HLBQ2-27,2026-08-04
Q3 2027,-,-,-,-,0.00,-,-,-,-,-,-,-1.37,6,HLBQ,HLBQ3-27,2026-08-04
Aug 2026,-,-,-,-,0.00,-,-,-,-,-,-,-30.85,979,HLBM,HLBMAUG-26,2026-08-04
Sep 2026,-,-,-,-,0.00,-,20,20,-,-,-,7.40,944,HLBM,HLBMSEP-26,2026-08-04
Oct 2026,-,-,-,-,0.00,-,10,10,-,-,-,5.50,22,HLBM,HLBMOCT-26,2026-08-04
Nov 2026,-,-,-6.22,13:59,0.00,3,3,6,-6.22,-6.22,-6.22,-6.25,6,HLBM,HLBMNOV-26,2026-08-04
2027,-,-,55.10,16:00,-0.10,17,31,48,54.60,55.15,54.60,55.10,"4,422",NSBY,NSBY-27,2026-08-04
2028,45.35,-,46.25,15:57,-0.15,3,5,8,46.25,46.25,46.25,46.20,"1,883",NSBY,NSBY-28,2026-08-04
2029,42.50,-,44.95,15:31,-0.05,6,2,8,44.95,44.95,44.95,44.95,746,NSBY,NSBY-29,2026-08-04
2030,-,-,-,-,0.00,-,-,-,-,-,-,45.95,352,NSBY,NSBY-30,2026-08-04
2031,-,-,-,-,0.00,-,-,-,-,-,-,46.36,181,NSBY,NSBY-31,2026-08-04
2032,-,-,-,-,0.00,-,-,-,-,-,-,48.38,53,NSBY,NSBY-32,2026-08-04
2033,-,-,-,-,0.00,-,-,-,-,-,-,48.88,1,NSBY,NSBY-33,2026-08-04
2034,-,-,-,-,0.00,-,-,-,-,-,-,49.38,1,NSBY,NSBY-34,2026-08-04
2035,-,-,-,-,0.00,-,-,-,-,-,-,49.88,0,NSBY,NSBY-35,2026-08-04
2036,-,-,-,-,0.00,-,-,-,-,-,-,50.13,0,NSBY,NSBY-36,2026-08-04
Q4 2026,-,-,92.60,16:05,-1.60,52,89,141,92.00,92.75,91.75,92.60,"5,701",NSBQ,NSBQ4-26,2026-08-04
Q1 2027,93.60,95.50,95.00,15:15,-0.65,9,8,17,93.75,95.25,93.75,95.20,"1,354",NSBQ,NSBQ1-27,2026-08-04
Q2 2027,-,-,-,-,0.00,-,-,-,-,-,-,41.60,469,NSBQ,NSBQ2-27,2026-08-04
Q3 2027,-,-,-,-,0.00,-,-,-,-,-,-,31.45,503,NSBQ,NSBQ3-27,2026-08-04
Q4 2027,-,-,-,-,0.00,-,-,-,-,-,-,52.85,523,NSBQ,NSBQ4-27,2026-08-04
Q1 2028,-,74.33,-,-,0.00,-,-,-,-,-,-,72.39,221,NSBQ,NSBQ1-28,2026-08-04
Q2 2028,-,-,-,-,0.00,-,-,-,-,-,-,36.33,53,NSBQ,NSBQ2-28,2026-08-04
Q3 2028,-,-,-,-,0.00,-,-,-,-,-,-,26.14,57,NSBQ,NSBQ3-28,2026-08-04
Q4 2028,-,-,-,-,0.00,-,-,-,-,-,-,49.43,87,NSBQ,NSBQ4-28,2026-08-04
Aug 2026,-,-,66.00,16:00,-2.86,52,11,63,64.00,66.50,64.00,66.00,"5,467",NSBM,NSBMAUG-26,2026-08-04
Sep 2026,-,-,80.20,15:59,-2.80,104,8,112,80.00,80.20,79.50,80.10,"5,612",NSBM,NSBMSEP-26,2026-08-04
Oct 2026,83.20,-,83.80,15:57,-1.70,15,-,15,83.00,83.80,83.00,83.80,213,NSBM,NSBMOCT-26,2026-08-04
Nov 2026,-,-,95.25,12:04,-2.25,1,-,1,95.25,95.25,95.25,96.43,100,NSBM,NSBMNOV-26,2026-08-04
Dec 2026,-,98.23,97.00,12:04,-1.50,1,-,1,97.00,97.00,97.00,97.58,105,NSBM,NSBMDEC-26,2026-08-04
Jan 2027,94.73,-,98.21,12:58,-0.04,3,-,3,98.21,98.21,98.21,98.21,10,NSBM,NSBMJAN-27,2026-08-04
Feb 2027,-,-,-,-,0.00,-,-,-,-,-,-,97.53,0,NSBM,NSBMFEB-27,2026-08-04
2027,-,-,-,-,0.00,-,14,14,-,-,-,-1.15,819,HLBY,HLBY-27,2026-08-04
2028,-,-,-,-,0.00,-,1,1,-,-,-,1.90,340,HLBY,HLBY-28,2026-08-04
2029,-,-,-,-,0.00,-,-,-,-,-,-,0.88,89,HLBY,HLBY-29,2026-08-04
2030,-,-,-,-,0.00,-,-,-,-,-,-,1.44,50,HLBY,HLBY-30,2026-08-04
Q4 2026,-,-,-,-,0.00,-,1,1,-,-,-,-1.30,"1,040",HLBQ,HLBQ4-26,2026-08-04
Q1 2027,-,-,-,-,0.00,-,2,2,-,-,-,1.20,209,HLBQ,HLBQ1-27,2026-08-04
Q2 2027,-,-,-,-,0.00,-,-,-,-,-,-,-2.47,9,HLBQ,HLBQ2-27,2026-08-04
Q3 2027,-,-,-,-,0.00,-,-,-,-,-,-,-1.49,6,HLBQ,HLBQ3-27,2026-08-04
Aug 2026,-,-,-,-,0.00,-,-,-,-,-,-,-30.85,979,HLBM,HLBMAUG-26,2026-08-04
Sep 2026,-,-,7.00,14:05,-0.40,3,-,3,7.00,7.00,7.00,7.00,947,HLBM,HLBMSEP-26,2026-08-04
Oct 2026,-,-,6.00,14:12,0.50,3,-,3,6.00,6.00,6.00,6.00,25,HLBM,HLBMOCT-26,2026-08-04
Nov 2026,-,-,-,-,0.00,-,-,-,-,-,-,-6.87,6,HLBM,HLBMNOV-26,2026-08-04
2027,-,-,55.70,16:10,0.60,23,64,87,55.80,56.15,55.70,55.73,"4,470",NSBY,NSBY-27,2026-08-04
2028,-,-,46.55,15:06,0.35,1,10,11,46.55,46.55,46.55,46.33,"1,878",NSBY,NSBY-28,2026-08-04
2029,42.50,-,45.00,14:53,0.05,12,5,17,45.00,45.00,45.00,45.00,751,NSBY,NSBY-29,2026-08-04
2030,-,-,-,-,0.00,-,-,-,-,-,-,45.29,352,NSBY,NSBY-30,2026-08-04
2031,-,-,-,-,0.00,-,-,-,-,-,-,45.91,181,NSBY,NSBY-31,2026-08-04
2032,-,-,-,-,0.00,-,-,-,-,-,-,48.38,53,NSBY,NSBY-32,2026-08-04
2033,-,-,-,-,0.00,-,-,-,-,-,-,48.88,1,NSBY,NSBY-33,2026-08-04
2034,-,-,-,-,0.00,-,-,-,-,-,-,49.38,1,NSBY,NSBY-34,2026-08-04
2035,-,-,-,-,0.00,-,-,-,-,-,-,49.88,0,NSBY,NSBY-35,2026-08-04
2036,-,-,-,-,0.00,-,-,-,-,-,-,50.13,0,NSBY,NSBY-36,2026-08-04
Q4 2026,-,94.20,94.02,15:58,1.42,102,72,174,93.60,94.75,93.60,94.02,"5,735",NSBQ,NSBQ4-26,2026-08-04
Q1 2027,-,97.90,96.75,15:59,1.55,22,13,35,96.20,97.10,96.20,96.73,"1,365",NSBQ,NSBQ1-27,2026-08-04
Q2 2027,-,-,42.25,15:25,0.65,1,-,1,42.25,42.25,42.25,42.25,470,NSBQ,NSBQ2-27,2026-08-04
Q3 2027,-,-,-,-,0.00,-,-,-,-,-,-,31.66,503,NSBQ,NSBQ3-27,2026-08-04
Q4 2027,52.70,-,-,-,0.00,-,3,3,-,-,-,53.25,523,NSBQ,NSBQ4-27,2026-08-04
Q1 2028,-,-,-,-,0.00,-,-,-,-,-,-,73.03,221,NSBQ,NSBQ1-28,2026-08-04
Q2 2028,-,-,-,-,0.00,-,-,-,-,-,-,36.56,53,NSBQ,NSBQ2-28,2026-08-04
Q3 2028,-,-,-,-,0.00,-,-,-,-,-,-,26.30,57,NSBQ,NSBQ3-28,2026-08-04
Q4 2028,-,-,-,-,0.00,-,3,3,-,-,-,50.00,84,NSBQ,NSBQ4-28,2026-08-04
Aug 2026,-,-,65.50,15:49,-0.50,3,-,3,63.50,65.50,63.50,65.50,"5,468",NSBM,NSBMAUG-26,2026-08-04
Sep 2026,-,-,80.00,15:39,-0.10,52,26,78,80.60,81.25,80.00,80.00,"5,631",NSBM,NSBMSEP-26,2026-08-04
Oct 2026,84.05,-,85.60,15:31,1.80,10,-,10,84.80,86.00,84.80,85.55,220,NSBM,NSBMOCT-26,2026-08-04
Nov 2026,-,-,99.20,14:59,2.77,5,-,5,97.40,99.20,97.40,98.95,102,NSBM,NSBMNOV-26,2026-08-04
Dec 2026,-,-,-,-,0.00,-,3,3,-,-,-,98.00,107,NSBM,NSBMDEC-26,2026-08-04
Jan 2027,96.00,-,100.92,14:54,2.71,3,-,3,100.92,100.92,100.92,100.92,13,NSBM,NSBMJAN-27,2026-08-04
Feb 2027,-,-,101.35,14:54,3.82,3,-,3,101.35,101.35,101.35,101.35,3,NSBM,NSBMFEB-27,2026-08-04
2027,-,-,-1.20,15:17,-0.05,1,8,9,-1.20,-1.20,-1.20,-1.15,827,HLBY,HLBY-27,2026-08-05
2028,-,-,-,-,0.00,-,-,-,-,-,-,2.00,340,HLBY,HLBY-28,2026-08-05
2029,-,-,-,-,0.00,-,-,-,-,-,-,0.91,89,HLBY,HLBY-29,2026-08-05
2030,-,-,-,-,0.00,-,-,-,-,-,-,1.40,50,HLBY,HLBY-30,2026-08-05
Q4 2026,-,-,-,-,0.00,-,1,1,-,-,-,-1.30,"1,040",HLBQ,HLBQ4-26,2026-08-05
Q1 2027,-,-,-,-,0.00,-,12,12,-,-,-,1.20,221,HLBQ,HLBQ1-27,2026-08-05
Q2 2027,-,-,-,-,0.00,-,-,-,-,-,-,-2.24,9,HLBQ,HLBQ2-27,2026-08-05
Q3 2027,-,-,-,-,0.00,-,-,-,-,-,-,-1.16,6,HLBQ,HLBQ3-27,2026-08-05
Aug 2026,-,-,-,-,0.00,-,-,-,-,-,-,-30.85,979,HLBM,HLBMAUG-26,2026-08-05
Sep 2026,-,-,7.10,15:58,0.10,1,4,5,7.10,7.10,7.10,7.10,948,HLBM,HLBMSEP-26,2026-08-05
Oct 2026,-,-,6.25,15:59,0.25,3,-,3,6.25,6.25,6.25,6.25,28,HLBM,HLBMOCT-26,2026-08-05
Nov 2026,-,-,-,-,0.00,-,1,1,-,-,-,-6.03,7,HLBM,HLBMNOV-26,2026-08-05
2027,-,-,55.05,16:12,-0.68,6,35,41,54.75,55.05,54.75,55.05,"4,492",NSBY,NSBY-27,2026-08-05
2028,-,-,-,-,0.00,-,3,3,-,-,-,46.15,"1,879",NSBY,NSBY-28,2026-08-05
2029,42.50,-,-,-,0.00,-,1,1,-,-,-,44.75,752,NSBY,NSBY-29,2026-08-05
2030,-,-,-,-,0.00,-,-,-,-,-,-,45.75,352,NSBY,NSBY-30,2026-08-05
2031,-,-,-,-,0.00,-,-,-,-,-,-,46.25,181,NSBY,NSBY-31,2026-08-05
2032,-,-,-,-,0.00,-,-,-,-,-,-,48.38,53,NSBY,NSBY-32,2026-08-05
2033,-,-,-,-,0.00,-,-,-,-,-,-,48.88,1,NSBY,NSBY-33,2026-08-05
2034,-,-,-,-,0.00,-,-,-,-,-,-,49.38,1,NSBY,NSBY-34,2026-08-05
2035,-,-,-,-,0.00,-,-,-,-,-,-,49.88,0,NSBY,NSBY-35,2026-08-05
2036,-,-,-,-,0.00,-,-,-,-,-,-,50.13,0,NSBY,NSBY-36,2026-08-05
Q4 2026,-,-,90.75,16:03,-3.27,80,78,158,91.35,91.75,90.75,90.86,"5,770",NSBQ,NSBQ4-26,2026-08-05
Q1 2027,-,95.25,95.05,16:05,-1.68,20,27,47,95.50,95.50,95.00,95.05,"1,368",NSBQ,NSBQ1-27,2026-08-05
Q2 2027,-,-,41.50,14:55,-0.75,4,-,4,41.30,41.50,41.30,41.50,472,NSBQ,NSBQ2-27,2026-08-05
Q3 2027,-,-,-,-,0.00,-,-,-,-,-,-,30.95,503,NSBQ,NSBQ3-27,2026-08-05
Q4 2027,-,-,-,-,0.00,-,-,-,-,-,-,53.57,523,NSBQ,NSBQ4-27,2026-08-05
Q1 2028,-,-,72.00,09:42,-1.03,2,-,2,72.00,72.00,72.00,72.00,223,NSBQ,NSBQ1-28,2026-08-05
Q2 2028,-,-,-,-,0.00,-,-,-,-,-,-,36.48,53,NSBQ,NSBQ2-28,2026-08-05
Q3 2028,-,-,-,-,0.00,-,-,-,-,-,-,25.55,57,NSBQ,NSBQ3-28,2026-08-05
Q4 2028,-,-,-,-,0.00,-,-,-,-,-,-,49.60,84,NSBQ,NSBQ4-28,2026-08-05
Aug 2026,-,-,60.95,14:49,-4.55,1,-,1,60.95,60.95,60.95,62.00,"5,469",NSBM,NSBMAUG-26,2026-08-05
Sep 2026,-,-,75.60,15:55,-4.40,62,18,80,77.50,77.50,75.60,75.64,"5,646",NSBM,NSBMSEP-26,2026-08-05
Oct 2026,-,83.75,82.10,15:44,-3.45,17,25,42,83.50,83.50,82.00,81.90,243,NSBM,NSBMOCT-26,2026-08-05
Nov 2026,-,-,96.00,15:54,-2.95,5,-,5,96.25,96.25,96.00,96.00,107,NSBM,NSBMNOV-26,2026-08-05
Dec 2026,-,-,96.50,15:54,-1.50,1,-,1,96.50,96.50,96.50,96.00,108,NSBM,NSBMDEC-26,2026-08-05
Jan 2027,-,-,-,-,0.00,-,-,-,-,-,-,99.55,13,NSBM,NSBMJAN-27,2026-08-05
Feb 2027,-,-,-,-,0.00,-,-,-,-,-,-,100.00,3,NSBM,NSBMFEB-27,2026-08-05
2027,-,-,-1.15,15:40,0.00,1,2,3,-1.15,-1.15,-1.15,-1.35,826,HLBY,HLBY-27,2026-08-07
2028,-,-,-,-,0.00,-,5,5,-,-,-,1.70,345,HLBY,HLBY-28,2026-08-07
2029,-,-,-,-,0.00,-,-,-,-,-,-,1.45,89,HLBY,HLBY-29,2026-08-07
2030,-,-,-,-,0.00,-,-,-,-,-,-,1.39,50,HLBY,HLBY-30,2026-08-07
Q4 2026,-,-,-,-,0.00,-,4,4,-,-,-,-1.30,"1,040",HLBQ,HLBQ4-26,2026-08-07
Q1 2027,-,-,-,-,0.00,-,6,6,-,-,-,1.00,227,HLBQ,HLBQ1-27,2026-08-07
Q2 2027,-,-,-,-,0.00,-,-,-,-,-,-,-2.45,9,HLBQ,HLBQ2-27,2026-08-07
Q3 2027,-,-,-,-,0.00,-,-,-,-,-,-,-1.32,6,HLBQ,HLBQ3-27,2026-08-07
Aug 2026,-,-,-,-,0.00,-,-,-,-,-,-,-29.50,979,HLBM,HLBMAUG-26,2026-08-07
Sep 2026,-,-,7.00,15:18,-0.10,1,9,10,7.00,7.00,7.00,6.65,943,HLBM,HLBMSEP-26,2026-08-07
Oct 2026,-,-,6.86,15:18,0.61,3,3,6,6.86,6.86,6.86,6.86,34,HLBM,HLBMOCT-26,2026-08-07
Nov 2026,-,-,-7.50,15:21,-1.47,3,22,25,-7.50,-7.50,-7.50,-7.50,32,HLBM,HLBMNOV-26,2026-08-07
2027,-,-,55.30,15:53,0.25,7,31,38,55.30,55.70,55.30,55.30,"4,508",NSBY,NSBY-27,2026-08-07
2028,-,-,46.40,14:57,0.25,1,35,36,46.40,46.40,46.40,46.40,"1,877",NSBY,NSBY-28,2026-08-07
2029,42.50,-,-,-,0.00,-,-,-,-,-,-,44.65,752,NSBY,NSBY-29,2026-08-07
2030,44.65,-,-,-,0.00,-,-,-,-,-,-,45.75,352,NSBY,NSBY-30,2026-08-07
2031,-,-,-,-,0.00,-,-,-,-,-,-,46.32,181,NSBY,NSBY-31,2026-08-07
2032,-,-,-,-,0.00,-,-,-,-,-,-,48.38,53,NSBY,NSBY-32,2026-08-07
2033,-,-,-,-,0.00,-,-,-,-,-,-,48.88,1,NSBY,NSBY-33,2026-08-07
2034,-,-,-,-,0.00,-,-,-,-,-,-,49.38,1,NSBY,NSBY-34,2026-08-07
2035,-,-,-,-,0.00,-,-,-,-,-,-,49.88,0,NSBY,NSBY-35,2026-08-07
2036,-,-,-,-,0.00,-,-,-,-,-,-,50.13,0,NSBY,NSBY-36,2026-08-07
Q4 2026,-,91.45,91.15,15:57,0.29,65,31,96,90.85,91.50,90.75,91.25,"5,756",NSBQ,NSBQ4-26,2026-08-07
Q1 2027,-,-,95.50,16:03,0.45,20,5,25,95.65,96.00,95.50,95.56,"1,382",NSBQ,NSBQ1-27,2026-08-07
Q2 2027,-,-,41.95,15:59,0.45,4,-,4,41.85,41.95,41.85,41.95,476,NSBQ,NSBQ2-27,2026-08-07
Q3 2027,-,-,31.45,14:27,0.50,1,-,1,31.45,31.45,31.45,31.45,503,NSBQ,NSBQ3-27,2026-08-07
Q4 2027,-,-,-,-,0.00,-,-,-,-,-,-,54.05,523,NSBQ,NSBQ4-27,2026-08-07
Q1 2028,-,-,-,-,0.00,-,-,-,-,-,-,72.85,223,NSBQ,NSBQ1-28,2026-08-07
Q2 2028,-,-,-,-,0.00,-,-,-,-,-,-,36.98,53,NSBQ,NSBQ2-28,2026-08-07
Q3 2028,-,-,-,-,0.00,-,-,-,-,-,-,26.09,57,NSBQ,NSBQ3-28,2026-08-07
Q4 2028,-,-,-,-,0.00,-,-,-,-,-,-,49.59,84,NSBQ,NSBQ4-28,2026-08-07
Aug 2026,-,-,61.50,16:05,-0.50,11,15,26,61.50,61.50,61.50,61.50,"5,475",NSBM,NSBMAUG-26,2026-08-07
Sep 2026,-,-,75.91,15:58,0.27,31,21,52,76.25,76.60,75.50,75.60,"5,652",NSBM,NSBMSEP-26,2026-08-07
Oct 2026,-,-,-,-,0.00,-,5,5,-,-,-,82.30,248,NSBM,NSBMOCT-26,2026-08-07
Nov 2026,-,-,96.50,15:53,0.50,8,5,13,96.25,96.65,96.00,96.50,118,NSBM,NSBMNOV-26,2026-08-07
Dec 2026,-,-,-,-,0.00,-,-,-,-,-,-,96.00,108,NSBM,NSBMDEC-26,2026-08-07
Jan 2027,-,-,-,-,0.00,-,-,-,-,-,-,99.55,13,NSBM,NSBMJAN-27,2026-08-07
Feb 2027,-,-,-,-,0.00,-,-,-,-,-,-,100.00,3,NSBM,NSBMFEB-27,2026-08-07
2027,-,-,-,-,0.00,-,1,1,-,-,-,-1.35,827,HLBY,HLBY-27,2026-08-07
2028,-,-,-,-,0.00,-,1,1,-,-,-,1.70,346,HLBY,HLBY-28,2026-08-07
2029,-,-,-,-,0.00,-,-,-,-,-,-,1.44,89,HLBY,HLBY-29,2026-08-07
2030,-,-,-,-,0.00,-,-,-,-,-,-,1.39,50,HLBY,HLBY-30,2026-08-07
Q4 2026,-,-,-2.10,15:58,-0.80,2,12,14,-2.10,-2.10,-2.10,-2.10,"1,041",HLBQ,HLBQ4-26,2026-08-07
Q1 2027,-,-,-,-,0.00,-,1,1,-,-,-,1.00,228,HLBQ,HLBQ1-27,2026-08-07
Q2 2027,-,-,-,-,0.00,-,-,-,-,-,-,-2.48,9,HLBQ,HLBQ2-27,2026-08-07
Q3 2027,-,-,-,-,0.00,-,-,-,-,-,-,-1.33,6,HLBQ,HLBQ3-27,2026-08-07
Aug 2026,-,-,-,-,0.00,-,-,-,-,-,-,-29.50,979,HLBM,HLBMAUG-26,2026-08-07
Sep 2026,-,-,-,-,0.00,-,-,-,-,-,-,6.31,943,HLBM,HLBMSEP-26,2026-08-07
Oct 2026,-,-,-,-,0.00,-,-,-,-,-,-,7.69,34,HLBM,HLBMOCT-26,2026-08-07
Nov 2026,-,-,-7.50,15:28,0.00,3,-,3,-7.50,-7.50,-7.50,-7.50,35,HLBM,HLBMNOV-26,2026-08-07
2027,-,-,55.65,15:59,0.35,14,14,28,55.80,55.80,55.60,55.63,"4,524",NSBY,NSBY-27,2026-08-07
2028,-,-,-,-,0.00,-,14,14,-,-,-,46.50,"1,874",NSBY,NSBY-28,2026-08-07
2029,42.50,-,-,-,0.00,-,2,2,-,-,-,44.70,754,NSBY,NSBY-29,2026-08-07
2030,-,-,-,-,0.00,-,-,-,-,-,-,45.79,352,NSBY,NSBY-30,2026-08-07
2031,-,-,-,-,0.00,-,-,-,-,-,-,46.41,181,NSBY,NSBY-31,2026-08-07
2032,-,-,-,-,0.00,-,-,-,-,-,-,48.38,53,NSBY,NSBY-32,2026-08-07
2033,-,-,-,-,0.00,-,-,-,-,-,-,48.88,1,NSBY,NSBY-33,2026-08-07
2034,-,-,-,-,0.00,-,-,-,-,-,-,49.38,1,NSBY,NSBY-34,2026-08-07
2035,-,-,-,-,0.00,-,-,-,-,-,-,49.88,0,NSBY,NSBY-35,2026-08-07
2036,-,-,-,-,0.00,-,-,-,-,-,-,50.13,0,NSBY,NSBY-36,2026-08-07
Q4 2026,-,92.40,91.00,15:58,-0.25,85,25,110,91.50,91.75,90.95,91.00,"5,784",NSBQ,NSBQ4-26,2026-08-07
Q1 2027,95.55,96.10,96.00,15:14,0.44,13,-,13,95.75,96.05,95.75,96.00,"1,376",NSBQ,NSBQ1-27,2026-08-07
Q2 2027,-,-,-,-,0.00,-,-,-,-,-,-,42.42,475,NSBQ,NSBQ2-27,2026-08-07
Q3 2027,-,-,-,-,0.00,-,6,6,-,-,-,31.40,507,NSBQ,NSBQ3-27,2026-08-07
Q4 2027,-,-,-,-,0.00,-,7,7,-,-,-,54.00,530,NSBQ,NSBQ4-27,2026-08-07
Q1 2028,-,-,-,-,0.00,-,3,3,-,-,-,72.90,226,NSBQ,NSBQ1-28,2026-08-07
Q2 2028,-,-,-,-,0.00,-,-,-,-,-,-,36.92,53,NSBQ,NSBQ2-28,2026-08-07
Q3 2028,-,-,-,-,0.00,-,-,-,-,-,-,26.66,57,NSBQ,NSBQ3-28,2026-08-07
Q4 2028,-,-,-,-,0.00,-,-,-,-,-,-,50.08,84,NSBQ,NSBQ4-28,2026-08-07
Aug 2026,-,-,60.00,14:21,-1.50,1,-,1,60.00,60.00,60.00,60.00,"5,475",NSBM,NSBMAUG-26,2026-08-07
Sep 2026,-,-,74.50,15:59,-1.10,70,53,123,75.80,75.80,74.30,74.50,"5,712",NSBM,NSBMSEP-26,2026-08-07
Oct 2026,-,-,82.25,15:26,-0.05,3,-,3,82.30,82.30,82.25,81.75,248,NSBM,NSBMOCT-26,2026-08-07
Nov 2026,-,-,96.40,13:29,-0.10,2,-,2,96.40,96.40,96.40,96.40,119,NSBM,NSBMNOV-26,2026-08-07
Dec 2026,-,-,-,-,0.00,-,-,-,-,-,-,95.15,108,NSBM,NSBMDEC-26,2026-08-07
Jan 2027,-,-,-,-,0.00,-,-,-,-,-,-,100.66,13,NSBM,NSBMJAN-27,2026-08-07
Feb 2027,-,-,-,-,0.00,-,-,-,-,-,-,100.15,3,NSBM,NSBMFEB-27,2026-08-07
2027,-,-,-,-,0.00,-,1,1,-,-,-,-1.35,827,HLBY,HLBY-27,2026-08-08
2028,-,-,-,-,0.00,-,1,1,-,-,-,1.70,346,HLBY,HLBY-28,2026-08-08
2029,-,-,-,-,0.00,-,-,-,-,-,-,1.44,89,HLBY,HLBY-29,2026-08-08
2030,-,-,-,-,0.00,-,-,-,-,-,-,1.39,50,HLBY,HLBY-30,2026-08-08
Q4 2026,-,-,-2.10,15:58,-0.80,2,12,14,-2.10,-2.10,-2.10,-2.10,"1,041",HLBQ,HLBQ4-26,2026-08-08
Q1 2027,-,-,-,-,0.00,-,1,1,-,-,-,1.00,228,HLBQ,HLBQ1-27,2026-08-08
Q2 2027,-,-,-,-,0.00,-,-,-,-,-,-,-2.48,9,HLBQ,HLBQ2-27,2026-08-08
Q3 2027,-,-,-,-,0.00,-,-,-,-,-,-,-1.33,6,HLBQ,HLBQ3-27,2026-08-08
Aug 2026,-,-,-,-,0.00,-,-,-,-,-,-,-29.50,979,HLBM,HLBMAUG-26,2026-08-08
Sep 2026,-,-,-,-,0.00,-,-,-,-,-,-,6.31,943,HLBM,HLBMSEP-26,2026-08-08
Oct 2026,-,-,-,-,0.00,-,-,-,-,-,-,7.69,34,HLBM,HLBMOCT-26,2026-08-08
Nov 2026,-,-,-7.50,15:28,0.00,3,-,3,-7.50,-7.50,-7.50,-7.50,35,HLBM,HLBMNOV-26,2026-08-08
2027,-,-,55.65,15:59,0.35,14,14,28,55.80,55.80,55.60,55.63,"4,524",NSBY,NSBY-27,2026-08-08
2028,-,-,-,-,0.00,-,14,14,-,-,-,46.50,"1,874",NSBY,NSBY-28,2026-08-08
2029,42.50,-,-,-,0.00,-,2,2,-,-,-,44.70,754,NSBY,NSBY-29,2026-08-08
2030,-,-,-,-,0.00,-,-,-,-,-,-,45.79,352,NSBY,NSBY-30,2026-08-08
2031,-,-,-,-,0.00,-,-,-,-,-,-,46.41,181,NSBY,NSBY-31,2026-08-08
2032,-,-,-,-,0.00,-,-,-,-,-,-,48.38,53,NSBY,NSBY-32,2026-08-08
2033,-,-,-,-,0.00,-,-,-,-,-,-,48.88,1,NSBY,NSBY-33,2026-08-08
2034,-,-,-,-,0.00,-,-,-,-,-,-,49.38,1,NSBY,NSBY-34,2026-08-08
2035,-,-,-,-,0.00,-,-,-,-,-,-,49.88,0,NSBY,NSBY-35,2026-08-08
2036,-,-,-,-,0.00,-,-,-,-,-,-,50.13,0,NSBY,NSBY-36,2026-08-08
Q4 2026,-,92.40,91.00,15:58,-0.25,85,25,110,91.50,91.75,90.95,91.00,"5,784",NSBQ,NSBQ4-26,2026-08-08
Q1 2027,95.55,96.10,96.00,15:14,0.44,13,-,13,95.75,96.05,95.75,96.00,"1,376",NSBQ,NSBQ1-27,2026-08-08
Q2 2027,-,-,-,-,0.00,-,-,-,-,-,-,42.42,475,NSBQ,NSBQ2-27,2026-08-08
Q3 2027,-,-,-,-,0.00,-,6,6,-,-,-,31.40,507,NSBQ,NSBQ3-27,2026-08-08
Q4 2027,-,-,-,-,0.00,-,7,7,-,-,-,54.00,530,NSBQ,NSBQ4-27,2026-08-08
Q1 2028,-,-,-,-,0.00,-,3,3,-,-,-,72.90,226,NSBQ,NSBQ1-28,2026-08-08
Q2 2028,-,-,-,-,0.00,-,-,-,-,-,-,36.92,53,NSBQ,NSBQ2-28,2026-08-08
Q3 2028,-,-,-,-,0.00,-,-,-,-,-,-,26.66,57,NSBQ,NSBQ3-28,2026-08-08
Q4 2028,-,-,-,-,0.00,-,-,-,-,-,-,50.08,84,NSBQ,NSBQ4-28,2026-08-08
Aug 2026,-,-,60.00,14:21,-1.50,1,-,1,60.00,60.00,60.00,60.00,"5,475",NSBM,NSBMAUG-26,2026-08-08
Sep 2026,-,-,74.50,15:59,-1.10,70,53,123,75.80,75.80,74.30,74.50,"5,712",NSBM,NSBMSEP-26,2026-08-08
Oct 2026,-,-,82.25,15:26,-0.05,3,-,3,82.30,82.30,82.25,81.75,248,NSBM,NSBMOCT-26,2026-08-08
Nov 2026,-,-,96.40,13:29,-0.10,2,-,2,96.40,96.40,96.40,96.40,119,NSBM,NSBMNOV-26,2026-08-08
Dec 2026,-,-,-,-,0.00,-,-,-,-,-,-,95.15,108,NSBM,NSBMDEC-26,2026-08-08
Jan 2027,-,-,-,-,0.00,-,-,-,-,-,-,100.66,13,NSBM,NSBMJAN-27,2026-08-08
Feb 2027,-,-,-,-,0.00,-,-,-,-,-,-,100.15,3,NSBM,NSBMFEB-27,2026-08-08
2027,-,-,-,-,0.00,-,1,1,-,-,-,-1.35,827,HLBY,HLBY-27,2026-08-09
2028,-,-,-,-,0.00,-,1,1,-,-,-,1.70,346,HLBY,HLBY-28,2026-08-09
2029,-,-,-,-,0.00,-,-,-,-,-,-,1.44,89,HLBY,HLBY-29,2026-08-09
2030,-,-,-,-,0.00,-,-,-,-,-,-,1.39,50,HLBY,HLBY-30,2026-08-09
Q4 2026,-,-,-2.10,15:58,-0.80,2,12,14,-2.10,-2.10,-2.10,-2.10,"1,041",HLBQ,HLBQ4-26,2026-08-09
Q1 2027,-,-,-,-,0.00,-,1,1,-,-,-,1.00,228,HLBQ,HLBQ1-27,2026-08-09
Q2 2027,-,-,-,-,0.00,-,-,-,-,-,-,-2.48,9,HLBQ,HLBQ2-27,2026-08-09
Q3 2027,-,-,-,-,0.00,-,-,-,-,-,-,-1.33,6,HLBQ,HLBQ3-27,2026-08-09
Aug 2026,-,-,-,-,0.00,-,-,-,-,-,-,-29.50,979,HLBM,HLBMAUG-26,2026-08-09
Sep 2026,-,-,-,-,0.00,-,-,-,-,-,-,6.31,943,HLBM,HLBMSEP-26,2026-08-09
Oct 2026,-,-,-,-,0.00,-,-,-,-,-,-,7.69,34,HLBM,HLBMOCT-26,2026-08-09
Nov 2026,-,-,-7.50,15:28,0.00,3,-,3,-7.50,-7.50,-7.50,-7.50,35,HLBM,HLBMNOV-26,2026-08-09
2027,-,-,55.65,15:59,0.35,14,14,28,55.80,55.80,55.60,55.63,"4,524",NSBY,NSBY-27,2026-08-09
2028,-,-,-,-,0.00,-,14,14,-,-,-,46.50,"1,874",NSBY,NSBY-28,2026-08-09
2029,42.50,-,-,-,0.00,-,2,2,-,-,-,44.70,754,NSBY,NSBY-29,2026-08-09
2030,-,-,-,-,0.00,-,-,-,-,-,-,45.79,352,NSBY,NSBY-30,2026-08-09
2031,-,-,-,-,0.00,-,-,-,-,-,-,46.41,181,NSBY,NSBY-31,2026-08-09
2032,-,-,-,-,0.00,-,-,-,-,-,-,48.38,53,NSBY,NSBY-32,2026-08-09
2033,-,-,-,-,0.00,-,-,-,-,-,-,48.88,1,NSBY,NSBY-33,2026-08-09
2034,-,-,-,-,0.00,-,-,-,-,-,-,49.38,1,NSBY,NSBY-34,2026-08-09
2035,-,-,-,-,0.00,-,-,-,-,-,-,49.88,0,NSBY,NSBY-35,2026-08-09
2036,-,-,-,-,0.00,-,-,-,-,-,-,50.13,0,NSBY,NSBY-36,2026-08-09
Q4 2026,-,92.40,91.00,15:58,-0.25,85,25,110,91.50,91.75,90.95,91.00,"5,784",NSBQ,NSBQ4-26,2026-08-09
Q1 2027,95.55,96.10,96.00,15:14,0.44,13,-,13,95.75,96.05,95.75,96.00,"1,376",NSBQ,NSBQ1-27,2026-08-09
Q2 2027,-,-,-,-,0.00,-,-,-,-,-,-,42.42,475,NSBQ,NSBQ2-27,2026-08-09
Q3 2027,-,-,-,-,0.00,-,6,6,-,-,-,31.40,507,NSBQ,NSBQ3-27,2026-08-09
Q4 2027,-,-,-,-,0.00,-,7,7,-,-,-,54.00,530,NSBQ,NSBQ4-27,2026-08-09
Q1 2028,-,-,-,-,0.00,-,3,3,-,-,-,72.90,226,NSBQ,NSBQ1-28,2026-08-09
Q2 2028,-,-,-,-,0.00,-,-,-,-,-,-,36.92,53,NSBQ,NSBQ2-28,2026-08-09
Q3 2028,-,-,-,-,0.00,-,-,-,-,-,-,26.66,57,NSBQ,NSBQ3-28,2026-08-09
Q4 2028,-,-,-,-,0.00,-,-,-,-,-,-,50.08,84,NSBQ,NSBQ4-28,2026-08-09
Aug 2026,-,-,60.00,14:21,-1.50,1,-,1,60.00,60.00,60.00,60.00,"5,475",NSBM,NSBMAUG-26,2026-08-09
Sep 2026,-,-,74.50,15:59,-1.10,70,53,123,75.80,75.80,74.30,74.50,"5,712",NSBM,NSBMSEP-26,2026-08-09
Oct 2026,-,-,82.25,15:26,-0.05,3,-,3,82.30,82.30,82.25,81.75,248,NSBM,NSBMOCT-26,2026-08-09
Nov 2026,-,-,96.40,13:29,-0.10,2,-,2,96.40,96.40,96.40,96.40,119,NSBM,NSBMNOV-26,2026-08-09
Dec 2026,-,-,-,-,0.00,-,-,-,-,-,-,95.15,108,NSBM,NSBMDEC-26,2026-08-09
Jan 2027,-,-,-,-,0.00,-,-,-,-,-,-,100.66,13,NSBM,NSBMJAN-27,2026-08-09
Feb 2027,-,-,-,-,0.00,-,-,-,-,-,-,100.15,3,NSBM,NSBMFEB-27,2026-08-09
2027,-,-,-,-,0.00,-,1,1,-,-,-,-1.40,827,HLBY,HLBY-27,2026-08-10
2028,-,-,-,-,0.00,-,1,1,-,-,-,1.60,346,HLBY,HLBY-28,2026-08-10
2029,-,-,-,-,0.00,-,-,-,-,-,-,1.04,89,HLBY,HLBY-29,2026-08-10
2030,-,-,-,-,0.00,-,-,-,-,-,-,1.36,50,HLBY,HLBY-30,2026-08-10
Q4 2026,-,-,-,-,0.00,-,1,1,-,-,-,-2.10,"1,041",HLBQ,HLBQ4-26,2026-08-10
Q1 2027,-,-,-,-,0.00,-,-,-,-,-,-,0.19,228,HLBQ,HLBQ1-27,2026-08-10
Q2 2027,-,-,-,-,0.00,-,-,-,-,-,-,-2.91,9,HLBQ,HLBQ2-27,2026-08-10
Q3 2027,-,-,-,-,0.00,-,-,-,-,-,-,-1.52,6,HLBQ,HLBQ3-27,2026-08-10
Aug 2026,-,-,-,-,0.00,-,-,-,-,-,-,-27.50,979,HLBM,HLBMAUG-26,2026-08-10
Sep 2026,-,-,-,-,0.00,-,-,-,-,-,-,6.03,943,HLBM,HLBMSEP-26,2026-08-10
Oct 2026,-,-,8.31,12:58,0.62,3,-,3,8.31,8.31,8.31,8.31,37,HLBM,HLBMOCT-26,2026-08-10
Nov 2026,-,-,-,-,0.00,-,-,-,-,-,-,-7.63,35,HLBM,HLBMNOV-26,2026-08-10
2027,-,-,56.45,15:56,0.82,24,10,34,56.35,56.50,55.90,56.45,"4,536",NSBY,NSBY-27,2026-08-10
2028,45.70,-,46.65,15:56,0.15,5,-,5,46.60,46.65,46.50,46.65,"1,879",NSBY,NSBY-28,2026-08-10
2029,42.50,-,-,-,0.00,-,3,3,-,-,-,44.70,754,NSBY,NSBY-29,2026-08-10
2030,-,-,-,-,0.00,-,-,-,-,-,-,45.79,352,NSBY,NSBY-30,2026-08-10
2031,-,-,-,-,0.00,-,-,-,-,-,-,46.41,181,NSBY,NSBY-31,2026-08-10
2032,-,-,-,-,0.00,-,-,-,-,-,-,48.38,53,NSBY,NSBY-32,2026-08-10
2033,-,-,-,-,0.00,-,-,-,-,-,-,48.88,1,NSBY,NSBY-33,2026-08-10
2034,-,-,-,-,0.00,-,-,-,-,-,-,49.38,1,NSBY,NSBY-34,2026-08-10
2035,-,-,-,-,0.00,-,-,-,-,-,-,49.88,0,NSBY,NSBY-35,2026-08-10
2036,-,-,-,-,0.00,-,-,-,-,-,-,50.13,0,NSBY,NSBY-36,2026-08-10
Q4 2026,-,-,92.90,15:55,1.90,87,43,130,93.00,93.00,91.53,92.90,"5,756",NSBQ,NSBQ4-26,2026-08-10
Q1 2027,-,98.30,98.05,16:01,2.05,32,5,37,97.83,98.05,97.25,98.05,"1,406",NSBQ,NSBQ1-27,2026-08-10
Q2 2027,-,-,-,-,0.00,-,-,-,-,-,-,42.68,475,NSBQ,NSBQ2-27,2026-08-10
Q3 2027,-,-,32.00,15:33,0.60,5,-,5,31.80,32.00,31.75,31.85,511,NSBQ,NSBQ3-27,2026-08-10
Q4 2027,-,-,-,-,0.00,-,-,-,-,-,-,54.50,525,NSBQ,NSBQ4-27,2026-08-10
Q1 2028,-,-,-,-,0.00,-,-,-,-,-,-,73.70,226,NSBQ,NSBQ1-28,2026-08-10
Q2 2028,-,-,-,-,0.00,-,-,-,-,-,-,37.40,53,NSBQ,NSBQ2-28,2026-08-10
Q3 2028,-,-,-,-,0.00,-,-,-,-,-,-,26.45,57,NSBQ,NSBQ3-28,2026-08-10
Q4 2028,49.00,-,-,-,0.00,-,-,-,-,-,-,50.38,84,NSBQ,NSBQ4-28,2026-08-10
Aug 2026,-,-,-,-,0.00,-,-,-,-,-,-,60.50,"5,475",NSBM,NSBMAUG-26,2026-08-10
Sep 2026,-,-,73.30,16:05,-1.20,156,92,248,75.00,75.00,72.50,73.31,"5,882",NSBM,NSBMSEP-26,2026-08-10
Oct 2026,-,83.75,83.40,15:33,1.65,4,4,8,83.50,83.50,83.40,83.40,252,NSBM,NSBMOCT-26,2026-08-10
Nov 2026,-,-,97.80,15:42,1.40,6,-,6,97.35,97.80,97.25,97.80,119,NSBM,NSBMNOV-26,2026-08-10
Dec 2026,-,-,97.00,15:42,1.85,1,-,1,97.00,97.00,97.00,97.00,109,NSBM,NSBMDEC-26,2026-08-10
Jan 2027,-,-,-,-,0.00,-,-,-,-,-,-,103.15,13,NSBM,NSBMJAN-27,2026-08-10
Feb 2027,-,-,102.96,09:28,2.81,3,-,3,102.96,102.96,102.96,102.96,6,NSBM,NSBMFEB-27,2026-08-10
2027,-,-,-1.60,15:03,-0.20,2,1,3,-1.55,-1.55,-1.60,-1.60,828,HLBY,HLBY-27,2026-08-11
2028,-,-,-,-,0.00,-,2,2,-,-,-,1.60,347,HLBY,HLBY-28,2026-08-11
2029,-,-,-,-,0.00,-,-,-,-,-,-,1.50,89,HLBY,HLBY-29,2026-08-11
2030,-,-,-,-,0.00,-,-,-,-,-,-,1.33,50,HLBY,HLBY-30,2026-08-11
Q4 2026,-,-,-,-,0.00,-,5,5,-,-,-,-2.25,"1,042",HLBQ,HLBQ4-26,2026-08-11
Q1 2027,-,-,-,-,0.00,-,1,1,-,-,-,0.20,229,HLBQ,HLBQ1-27,2026-08-11
Q2 2027,-,-,-,-,0.00,-,-,-,-,-,-,-2.99,9,HLBQ,HLBQ2-27,2026-08-11
Q3 2027,-,-,-,-,0.00,-,-,-,-,-,-,-0.87,6,HLBQ,HLBQ3-27,2026-08-11
Aug 2026,-,-,-,-,0.00,-,-,-,-,-,-,-25.20,979,HLBM,HLBMAUG-26,2026-08-11
Sep 2026,-,-,-,-,0.00,-,-,-,-,-,-,6.55,943,HLBM,HLBMSEP-26,2026-08-11
Oct 2026,-,-,-,-,0.00,-,-,-,-,-,-,8.25,37,HLBM,HLBMOCT-26,2026-08-11
Nov 2026,-,-,-,-,0.00,-,-,-,-,-,-,-7.75,35,HLBM,HLBMNOV-26,2026-08-11
2027,-,-,56.30,15:58,-0.15,39,24,63,57.17,57.17,56.30,56.30,"4,554",NSBY,NSBY-27,2026-08-11
2028,-,-,46.75,13:21,0.10,1,2,3,46.75,46.75,46.75,46.70,"1,882",NSBY,NSBY-28,2026-08-11
2029,44.50,-,44.70,15:50,0.00,6,7,13,44.70,44.75,44.70,44.80,762,NSBY,NSBY-29,2026-08-11
2030,44.90,-,-,-,0.00,-,-,-,-,-,-,46.23,352,NSBY,NSBY-30,2026-08-11
2031,-,-,-,-,0.00,-,-,-,-,-,-,46.41,181,NSBY,NSBY-31,2026-08-11
2032,-,-,-,-,0.00,-,-,-,-,-,-,48.38,53,NSBY,NSBY-32,2026-08-11
2033,-,-,-,-,0.00,-,-,-,-,-,-,48.88,1,NSBY,NSBY-33,2026-08-11
2034,-,-,-,-,0.00,-,-,-,-,-,-,49.38,1,NSBY,NSBY-34,2026-08-11
2035,-,-,-,-,0.00,-,-,-,-,-,-,49.88,0,NSBY,NSBY-35,2026-08-11
2036,-,-,-,-,0.00,-,-,-,-,-,-,50.13,0,NSBY,NSBY-36,2026-08-11
Q4 2026,-,-,91.45,15:58,-1.45,211,64,275,94.00,95.00,91.45,91.54,"5,648",NSBQ,NSBQ4-26,2026-08-11
Q1 2027,-,99.00,97.50,14:43,-0.55,15,27,42,98.15,98.15,97.45,97.50,"1,419",NSBQ,NSBQ1-27,2026-08-11
Q2 2027,-,-,42.94,10:09,0.26,1,-,1,42.94,42.94,42.94,42.94,476,NSBQ,NSBQ2-27,2026-08-11
Q3 2027,-,-,32.25,10:16,0.40,3,-,3,32.25,32.25,32.25,32.20,513,NSBQ,NSBQ3-27,2026-08-11
Q4 2027,-,-,54.50,14:22,0.00,4,-,4,54.50,54.50,54.50,54.50,527,NSBQ,NSBQ4-27,2026-08-11
Q1 2028,-,-,73.50,15:35,-0.20,7,-,7,73.60,73.60,73.50,73.50,228,NSBQ,NSBQ1-28,2026-08-11
Q2 2028,-,-,-,-,0.00,-,-,-,-,-,-,37.70,53,NSBQ,NSBQ2-28,2026-08-11
Q3 2028,-,-,-,-,0.00,-,-,-,-,-,-,26.73,57,NSBQ,NSBQ3-28,2026-08-11
Q4 2028,49.11,-,-,-,0.00,-,-,-,-,-,-,50.38,84,NSBQ,NSBQ4-28,2026-08-11
Aug 2026,-,-,-,-,0.00,-,-,-,-,-,-,60.50,"5,475",NSBM,NSBMAUG-26,2026-08-11
Sep 2026,-,-,72.10,15:58,-1.21,186,42,228,74.50,74.50,72.00,72.20,"5,914",NSBM,NSBMSEP-26,2026-08-11
Oct 2026,-,-,82.70,15:58,-0.70,17,-,17,85.00,85.00,82.70,82.70,263,NSBM,NSBMOCT-26,2026-08-11
Nov 2026,-,-,-,-,0.00,-,-,-,-,-,-,96.23,119,NSBM,NSBMNOV-26,2026-08-11
Dec 2026,-,-,96.00,15:26,-1.00,16,-,16,96.00,96.00,96.00,96.00,125,NSBM,NSBMDEC-26,2026-08-11
Jan 2027,-,-,-,-,0.00,-,-,-,-,-,-,103.14,13,NSBM,NSBMJAN-27,2026-08-11
Feb 2027,-,-,-,-,0.00,-,-,-,-,-,-,102.59,6,NSBM,NSBMFEB-27,2026-08-11
2027,-,-,-1.65,12:57,-0.05,1,-,1,-1.65,-1.65,-1.65,-1.82,829,HLBY,HLBY-27,2026-08-12
2028,-,-,-,-,0.00,-,4,4,-,-,-,1.61,349,HLBY,HLBY-28,2026-08-12
2029,-,-,-,-,0.00,-,-,-,-,-,-,1.25,89,HLBY,HLBY-29,2026-08-12
2030,-,-,-,-,0.00,-,-,-,-,-,-,1.33,50,HLBY,HLBY-30,2026-08-12
Q4 2026,-,-,-,-,0.00,-,29,29,-,-,-,-2.30,"1,043",HLBQ,HLBQ4-26,2026-08-12
Q1 2027,-,-,0.20,14:54,0.00,5,4,9,0.20,0.20,0.20,0.20,237,HLBQ,HLBQ1-27,2026-08-12
Q2 2027,-,-,-,-,0.00,-,-,-,-,-,-,-3.09,9,HLBQ,HLBQ2-27,2026-08-12
Q3 2027,-,-,-1.75,14:04,-0.88,1,-,1,-1.75,-1.75,-1.75,-1.75,7,HLBQ,HLBQ3-27,2026-08-12
Aug 2026,-,-,-,-,0.00,-,-,-,-,-,-,-23.20,979,HLBM,HLBMAUG-26,2026-08-12
Sep 2026,-,-,-,-,0.00,-,-,-,-,-,-,6.89,943,HLBM,HLBMSEP-26,2026-08-12
Oct 2026,-,-,-,-,0.00,-,-,-,-,-,-,8.75,37,HLBM,HLBMOCT-26,2026-08-12
Nov 2026,-,-,-,-,0.00,-,-,-,-,-,-,-7.81,35,HLBM,HLBMNOV-26,2026-08-12
2027,-,-,56.42,15:53,0.12,14,10,24,56.70,56.75,56.42,56.42,"4,552",NSBY,NSBY-27,2026-08-12
2028,-,-,-,-,0.00,-,11,11,-,-,-,46.70,"1,893",NSBY,NSBY-28,2026-08-12
2029,44.50,-,44.80,15:52,0.00,1,5,6,44.80,44.80,44.80,44.80,768,NSBY,NSBY-29,2026-08-12
2030,-,-,46.23,15:56,0.00,1,-,1,46.23,46.23,46.23,46.23,353,NSBY,NSBY-30,2026-08-12
2031,-,-,-,-,0.00,-,-,-,-,-,-,46.41,181,NSBY,NSBY-31,2026-08-12
2032,-,-,-,-,0.00,-,-,-,-,-,-,48.38,53,NSBY,NSBY-32,2026-08-12
2033,-,-,-,-,0.00,-,-,-,-,-,-,48.88,1,NSBY,NSBY-33,2026-08-12
2034,-,-,-,-,0.00,-,-,-,-,-,-,49.38,1,NSBY,NSBY-34,2026-08-12
2035,-,-,-,-,0.00,-,-,-,-,-,-,49.88,0,NSBY,NSBY-35,2026-08-12
2036,-,-,-,-,0.00,-,-,-,-,-,-,50.13,0,NSBY,NSBY-36,2026-08-12
Q4 2026,-,-,91.15,15:59,-0.39,40,48,88,91.28,92.20,91.15,91.15,"5,622",NSBQ,NSBQ4-26,2026-08-12
Q1 2027,96.15,-,96.60,15:49,-0.90,16,3,19,96.60,97.30,96.60,96.60,"1,412",NSBQ,NSBQ1-27,2026-08-12
Q2 2027,-,-,-,-,0.00,-,5,5,-,-,-,43.95,475,NSBQ,NSBQ2-27,2026-08-12
Q3 2027,-,33.10,32.10,14:02,-0.10,1,-,1,32.10,32.10,32.10,32.10,511,NSBQ,NSBQ3-27,2026-08-12
Q4 2027,-,-,54.65,15:13,0.15,1,-,1,54.65,54.65,54.65,54.65,528,NSBQ,NSBQ4-27,2026-08-12
Q1 2028,-,-,73.40,15:58,-0.10,1,-,1,73.40,73.40,73.40,73.40,229,NSBQ,NSBQ1-28,2026-08-12
Q2 2028,-,-,37.70,15:58,0.00,1,5,6,37.70,37.70,37.70,37.70,59,NSBQ,NSBQ2-28,2026-08-12
Q3 2028,-,-,-,-,0.00,-,-,-,-,-,-,26.24,57,NSBQ,NSBQ3-28,2026-08-12
Q4 2028,-,-,50.38,15:39,0.00,1,-,1,50.38,50.38,50.38,50.38,85,NSBQ,NSBQ4-28,2026-08-12
Aug 2026,-,-,63.00,16:03,2.50,6,20,26,62.00,63.00,62.00,63.00,"5,457",NSBM,NSBMAUG-26,2026-08-12
Sep 2026,-,-,72.70,16:03,0.50,163,70,233,72.20,73.00,72.20,72.70,"6,008",NSBM,NSBMSEP-26,2026-08-12
Oct 2026,-,-,82.30,15:43,-0.40,9,-,9,82.45,82.45,82.25,82.30,264,NSBM,NSBMOCT-26,2026-08-12
Nov 2026,-,-,96.40,13:28,0.17,1,-,1,96.40,96.40,96.40,96.40,119,NSBM,NSBMNOV-26,2026-08-12
Dec 2026,-,-,-,-,0.00,-,-,-,-,-,-,96.00,125,NSBM,NSBMDEC-26,2026-08-12
Jan 2027,-,-,105.28,12:57,2.14,2,-,2,105.28,105.28,105.28,105.28,15,NSBM,NSBMJAN-27,2026-08-12
Feb 2027,-,-,-,-,0.00,-,5,5,-,-,-,104.50,11,NSBM,NSBMFEB-27,2026-08-12
2027,-,-,-,-,0.00,-,3,3,-,-,-,-1.80,826,HLBY,HLBY-27,2026-08-13
2028,-,-,-,-,0.00,-,-,-,-,-,-,2.08,349,HLBY,HLBY-28,2026-08-13
2029,-,-,-,-,0.00,-,-,-,-,-,-,1.83,89,HLBY,HLBY-29,2026-08-13
2030,-,-,-,-,0.00,-,-,-,-,-,-,1.35,50,HLBY,HLBY-30,2026-08-13
Q4 2026,-,-,-1.90,15:04,0.40,1,7,8,-1.90,-1.90,-1.90,-1.90,"1,043",HLBQ,HLBQ4-26,2026-08-13
Q1 2027,-,-,-,-,0.00,-,23,23,-,-,-,0.20,256,HLBQ,HLBQ1-27,2026-08-13
Q2 2027,-,-,-2.90,14:56,0.19,3,7,10,-2.90,-2.90,-2.90,-3.00,17,HLBQ,HLBQ2-27,2026-08-13
Q3 2027,-,-,-,-,0.00,-,-,-,-,-,-,-1.82,7,HLBQ,HLBQ3-27,2026-08-13
Aug 2026,-,-,-,-,0.00,-,-,-,-,-,-,-21.66,979,HLBM,HLBMAUG-26,2026-08-13
Sep 2026,-,9.50,-,-,0.00,-,-,-,-,-,-,7.36,943,HLBM,HLBMSEP-26,2026-08-13
Oct 2026,-,-,-,-,0.00,-,-,-,-,-,-,9.56,37,HLBM,HLBMOCT-26,2026-08-13
Nov 2026,-,-,-,-,0.00,-,-,-,-,-,-,-6.85,35,HLBM,HLBMNOV-26,2026-08-13
2027,-,-,55.00,15:59,-1.42,17,30,47,56.02,56.02,55.00,55.28,"4,569",NSBY,NSBY-27,2026-08-13
2028,-,-,46.20,15:58,-0.50,1,10,11,46.20,46.20,46.20,46.30,"1,902",NSBY,NSBY-28,2026-08-13
2029,44.50,-,-,-,0.00,-,9,9,-,-,-,44.60,777,NSBY,NSBY-29,2026-08-13
2030,44.75,-,-,-,0.00,-,-,-,-,-,-,46.15,353,NSBY,NSBY-30,2026-08-13
2031,-,-,-,-,0.00,-,-,-,-,-,-,46.29,181,NSBY,NSBY-31,2026-08-13
2032,-,-,-,-,0.00,-,-,-,-,-,-,48.38,53,NSBY,NSBY-32,2026-08-13
2033,-,-,-,-,0.00,-,-,-,-,-,-,48.88,1,NSBY,NSBY-33,2026-08-13
2034,-,-,-,-,0.00,-,-,-,-,-,-,49.38,1,NSBY,NSBY-34,2026-08-13
2035,-,-,-,-,0.00,-,-,-,-,-,-,49.88,0,NSBY,NSBY-35,2026-08-13
2036,-,-,-,-,0.00,-,-,-,-,-,-,50.13,0,NSBY,NSBY-36,2026-08-13
Q4 2026,-,89.20,89.14,15:59,-2.01,107,74,181,91.00,91.00,88.85,89.11,"5,574",NSBQ,NSBQ4-26,2026-08-13
Q1 2027,93.35,94.40,93.75,15:57,-2.85,45,12,57,95.85,95.85,93.60,93.75,"1,445",NSBQ,NSBQ1-27,2026-08-13
Q2 2027,-,-,43.75,15:58,-0.20,6,19,25,43.00,43.75,43.00,43.75,495,NSBQ,NSBQ2-27,2026-08-13
Q3 2027,-,34.05,31.25,14:50,-0.85,5,1,6,31.40,31.60,31.25,31.25,513,NSBQ,NSBQ3-27,2026-08-13
Q4 2027,-,-,53.40,14:38,-1.25,5,-,5,54.20,54.20,53.40,53.50,531,NSBQ,NSBQ4-27,2026-08-13
Q1 2028,-,-,73.00,15:29,-0.40,9,-,9,73.15,73.15,73.00,73.00,238,NSBQ,NSBQ1-28,2026-08-13
Q2 2028,-,-,37.50,15:57,-0.20,1,-,1,37.50,37.50,37.50,37.50,60,NSBQ,NSBQ2-28,2026-08-13
Q3 2028,-,-,-,-,0.00,-,-,-,-,-,-,25.80,57,NSBQ,NSBQ3-28,2026-08-13
Q4 2028,-,-,50.00,15:45,-0.38,4,-,4,50.05,50.05,50.00,50.00,88,NSBQ,NSBQ4-28,2026-08-13
Aug 2026,-,-,-,-,0.00,-,-,-,-,-,-,63.50,"5,457",NSBM,NSBMAUG-26,2026-08-13
Sep 2026,-,-,72.50,15:57,-0.20,214,17,231,71.90,72.50,71.90,72.50,"6,143",NSBM,NSBMSEP-26,2026-08-13
Oct 2026,79.85,-,80.10,15:57,-2.20,23,7,30,81.25,81.25,80.00,80.10,278,NSBM,NSBMOCT-26,2026-08-13
Nov 2026,92.25,-,93.80,13:38,-2.60,2,-,2,94.70,94.70,93.80,93.80,120,NSBM,NSBMNOV-26,2026-08-13
Dec 2026,-,-,94.40,14:24,-1.60,11,-,11,94.50,94.60,94.40,94.35,135,NSBM,NSBMDEC-26,2026-08-13
Jan 2027,-,-,102.33,14:24,-2.95,3,-,3,102.33,102.33,102.33,102.33,12,NSBM,NSBMJAN-27,2026-08-13
Feb 2027,-,-,102.16,14:24,-2.34,3,-,3,102.16,102.16,102.16,102.16,8,NSBM,NSBMFEB-27,2026-08-13
2027,-,-,-,-,0.00,-,2,2,-,-,-,-1.30,826,HLBY,HLBY-27,2026-08-14
2028,-,-,-,-,0.00,-,2,2,-,-,-,2.00,351,HLBY,HLBY-28,2026-08-14
2029,-,-,-,-,0.00,-,1,1,-,-,-,1.60,90,HLBY,HLBY-29,2026-08-14
2030,-,-,-,-,0.00,-,-,-,-,-,-,1.34,50,HLBY,HLBY-30,2026-08-14
Q4 2026,-,-,-,-,0.00,-,8,8,-,-,-,-2.00,"1,043",HLBQ,HLBQ4-26,2026-08-14
Q1 2027,-,-,-,-,0.00,-,5,5,-,-,-,0.30,256,HLBQ,HLBQ1-27,2026-08-14
Q2 2027,-,-,-,-,0.00,-,-,-,-,-,-,-2.91,17,HLBQ,HLBQ2-27,2026-08-14
Q3 2027,-,-,-,-,0.00,-,-,-,-,-,-,-1.87,7,HLBQ,HLBQ3-27,2026-08-14
Aug 2026,-,-,-,-,0.00,-,-,-,-,-,-,-22.29,979,HLBM,HLBMAUG-26,2026-08-14
Sep 2026,-,-,-,-,0.00,-,-,-,-,-,-,7.50,943,HLBM,HLBMSEP-26,2026-08-14
Oct 2026,-,-,-,-,0.00,-,-,-,-,-,-,9.91,37,HLBM,HLBMOCT-26,2026-08-14
Nov 2026,-,-,-,-,0.00,-,-,-,-,-,-,-6.37,35,HLBM,HLBMNOV-26,2026-08-14
2027,-,-,55.25,15:52,-0.03,23,20,43,55.25,55.25,55.00,55.25,"4,566",NSBY,NSBY-27,2026-08-14
2028,45.20,-,46.00,15:57,-0.30,4,29,33,46.00,46.00,46.00,46.00,"1,912",NSBY,NSBY-28,2026-08-14
2029,43.60,-,-,-,0.00,-,4,4,-,-,-,44.65,780,NSBY,NSBY-29,2026-08-14
2030,44.75,-,-,-,0.00,-,-,-,-,-,-,46.24,353,NSBY,NSBY-30,2026-08-14
2031,-,-,-,-,0.00,-,-,-,-,-,-,46.36,181,NSBY,NSBY-31,2026-08-14
2032,-,-,-,-,0.00,-,-,-,-,-,-,48.38,53,NSBY,NSBY-32,2026-08-14
2033,-,-,-,-,0.00,-,-,-,-,-,-,48.88,1,NSBY,NSBY-33,2026-08-14
2034,-,-,-,-,0.00,-,-,-,-,-,-,49.38,1,NSBY,NSBY-34,2026-08-14
2035,-,-,-,-,0.00,-,-,-,-,-,-,49.88,0,NSBY,NSBY-35,2026-08-14
2036,-,-,-,-,0.00,-,-,-,-,-,-,50.13,0,NSBY,NSBY-36,2026-08-14
Q4 2026,87.00,-,88.25,15:52,-0.86,116,49,165,88.87,89.00,87.65,88.25,"5,556",NSBQ,NSBQ4-26,2026-08-14
Q1 2027,-,-,92.90,15:32,-0.85,66,12,78,93.10,93.55,92.40,92.73,"1,478",NSBQ,NSBQ1-27,2026-08-14
Q2 2027,-,-,-,-,0.00,-,-,-,-,-,-,43.75,495,NSBQ,NSBQ2-27,2026-08-14
Q3 2027,-,-,31.96,15:48,0.71,1,-,1,31.96,31.96,31.96,31.96,513,NSBQ,NSBQ3-27,2026-08-14
Q4 2027,52.65,-,54.50,15:48,1.00,1,-,1,54.50,54.50,54.50,53.98,531,NSBQ,NSBQ4-27,2026-08-14
Q1 2028,-,-,72.85,15:55,-0.15,6,3,9,72.75,72.85,72.75,72.85,247,NSBQ,NSBQ1-28,2026-08-14
Q2 2028,-,-,37.10,14:02,-0.40,3,-,3,37.15,37.15,37.10,37.10,63,NSBQ,NSBQ2-28,2026-08-14
Q3 2028,-,-,25.40,15:28,-0.40,3,-,3,25.40,25.40,25.40,25.40,60,NSBQ,NSBQ3-28,2026-08-14
Q4 2028,-,-,49.90,15:41,-0.10,3,-,3,49.70,50.00,49.70,49.90,91,NSBQ,NSBQ4-28,2026-08-14
Aug 2026,-,-,-,-,0.00,-,-,-,-,-,-,65.00,"5,457",NSBM,NSBMAUG-26,2026-08-14
Sep 2026,-,-,71.50,16:04,-1.00,124,71,195,73.00,73.00,71.20,71.67,"6,138",NSBM,NSBMSEP-26,2026-08-14
Oct 2026,79.00,-,79.15,15:32,-0.95,14,20,34,79.90,79.90,79.15,79.25,298,NSBM,NSBMOCT-26,2026-08-14
Nov 2026,90.95,-,92.50,11:18,-1.30,24,10,34,92.50,92.55,92.50,92.25,127,NSBM,NSBMNOV-26,2026-08-14
Dec 2026,-,-,93.00,15:52,-1.35,16,10,26,93.30,93.30,93.00,93.00,157,NSBM,NSBMDEC-26,2026-08-14
Jan 2027,-,-,101.50,15:25,-0.83,1,-,1,101.50,101.50,101.50,101.50,12,NSBM,NSBMJAN-27,2026-08-14
Feb 2027,-,-,-,-,0.00,-,-,-,-,-,-,101.76,8,NSBM,NSBMFEB-27,2026-08-14
2027,-,-,-,-,0.00,-,2,2,-,-,-,-1.30,826,HLBY,HLBY-27,2026-08-15
2028,-,-,-,-,0.00,-,2,2,-,-,-,2.00,351,HLBY,HLBY-28,2026-08-15
2029,-,-,-,-,0.00,-,1,1,-,-,-,1.60,90,HLBY,HLBY-29,2026-08-15
2030,-,-,-,-,0.00,-,-,-,-,-,-,1.34,50,HLBY,HLBY-30,2026-08-15
Q4 2026,-,-,-,-,0.00,-,8,8,-,-,-,-2.00,"1,043",HLBQ,HLBQ4-26,2026-08-15
Q1 2027,-,-,-,-,0.00,-,5,5,-,-,-,0.30,256,HLBQ,HLBQ1-27,2026-08-15
Q2 2027,-,-,-,-,0.00,-,-,-,-,-,-,-2.91,17,HLBQ,HLBQ2-27,2026-08-15
Q3 2027,-,-,-,-,0.00,-,-,-,-,-,-,-1.87,7,HLBQ,HLBQ3-27,2026-08-15
Aug 2026,-,-,-,-,0.00,-,-,-,-,-,-,-22.29,979,HLBM,HLBMAUG-26,2026-08-15
Sep 2026,-,-,-,-,0.00,-,-,-,-,-,-,7.50,943,HLBM,HLBMSEP-26,2026-08-15
Oct 2026,-,-,-,-,0.00,-,-,-,-,-,-,9.91,37,HLBM,HLBMOCT-26,2026-08-15
Nov 2026,-,-,-,-,0.00,-,-,-,-,-,-,-6.37,35,HLBM,HLBMNOV-26,2026-08-15
2027,-,-,55.25,15:52,-0.03,23,20,43,55.25,55.25,55.00,55.25,"4,566",NSBY,NSBY-27,2026-08-15
2028,45.20,-,46.00,15:57,-0.30,4,29,33,46.00,46.00,46.00,46.00,"1,912",NSBY,NSBY-28,2026-08-15
2029,43.60,-,-,-,0.00,-,4,4,-,-,-,44.65,780,NSBY,NSBY-29,2026-08-15
2030,44.75,-,-,-,0.00,-,-,-,-,-,-,46.24,353,NSBY,NSBY-30,2026-08-15
2031,-,-,-,-,0.00,-,-,-,-,-,-,46.36,181,NSBY,NSBY-31,2026-08-15
2032,-,-,-,-,0.00,-,-,-,-,-,-,48.38,53,NSBY,NSBY-32,2026-08-15
2033,-,-,-,-,0.00,-,-,-,-,-,-,48.88,1,NSBY,NSBY-33,2026-08-15
2034,-,-,-,-,0.00,-,-,-,-,-,-,49.38,1,NSBY,NSBY-34,2026-08-15
2035,-,-,-,-,0.00,-,-,-,-,-,-,49.88,0,NSBY,NSBY-35,2026-08-15
2036,-,-,-,-,0.00,-,-,-,-,-,-,50.13,0,NSBY,NSBY-36,2026-08-15
Q4 2026,87.00,-,88.25,15:52,-0.86,116,49,165,88.87,89.00,87.65,88.25,"5,556",NSBQ,NSBQ4-26,2026-08-15
Q1 2027,-,-,92.90,15:32,-0.85,66,12,78,93.10,93.55,92.40,92.73,"1,478",NSBQ,NSBQ1-27,2026-08-15
Q2 2027,-,-,-,-,0.00,-,-,-,-,-,-,43.75,495,NSBQ,NSBQ2-27,2026-08-15
Q3 2027,-,-,31.96,15:48,0.71,1,-,1,31.96,31.96,31.96,31.96,513,NSBQ,NSBQ3-27,2026-08-15
Q4 2027,52.65,-,54.50,15:48,1.00,1,-,1,54.50,54.50,54.50,53.98,531,NSBQ,NSBQ4-27,2026-08-15
Q1 2028,-,-,72.85,15:55,-0.15,6,3,9,72.75,72.85,72.75,72.85,247,NSBQ,NSBQ1-28,2026-08-15
Q2 2028,-,-,37.10,14:02,-0.40,3,-,3,37.15,37.15,37.10,37.10,63,NSBQ,NSBQ2-28,2026-08-15
Q3 2028,-,-,25.40,15:28,-0.40,3,-,3,25.40,25.40,25.40,25.40,60,NSBQ,NSBQ3-28,2026-08-15
Q4 2028,-,-,49.90,15:41,-0.10,3,-,3,49.70,50.00,49.70,49.90,91,NSBQ,NSBQ4-28,2026-08-15
Aug 2026,-,-,-,-,0.00,-,-,-,-,-,-,65.00,"5,457",NSBM,NSBMAUG-26,2026-08-15
Sep 2026,-,-,71.50,16:04,-1.00,124,71,195,73.00,73.00,71.20,71.67,"6,138",NSBM,NSBMSEP-26,2026-08-15
Oct 2026,79.00,-,79.15,15:32,-0.95,14,20,34,79.90,79.90,79.15,79.25,298,NSBM,NSBMOCT-26,2026-08-15
Nov 2026,90.95,-,92.50,11:18,-1.30,24,10,34,92.50,92.55,92.50,92.25,127,NSBM,NSBMNOV-26,2026-08-15
Dec 2026,-,-,93.00,15:52,-1.35,16,10,26,93.30,93.30,93.00,93.00,157,NSBM,NSBMDEC-26,2026-08-15
Jan 2027,-,-,101.50,15:25,-0.83,1,-,1,101.50,101.50,101.50,101.50,12,NSBM,NSBMJAN-27,2026-08-15
Feb 2027,-,-,-,-,0.00,-,-,-,-,-,-,101.76,8,NSBM,NSBMFEB-27,2026-08-15
2027,-,-,-,-,0.00,-,2,2,-,-,-,-1.30,826,HLBY,HLBY-27,2026-08-16
2028,-,-,-,-,0.00,-,2,2,-,-,-,2.00,351,HLBY,HLBY-28,2026-08-16
2029,-,-,-,-,0.00,-,1,1,-,-,-,1.60,90,HLBY,HLBY-29,2026-08-16
2030,-,-,-,-,0.00,-,-,-,-,-,-,1.34,50,HLBY,HLBY-30,2026-08-16
Q4 2026,-,-,-,-,0.00,-,8,8,-,-,-,-2.00,"1,043",HLBQ,HLBQ4-26,2026-08-16
Q1 2027,-,-,-,-,0.00,-,5,5,-,-,-,0.30,256,HLBQ,HLBQ1-27,2026-08-16
Q2 2027,-,-,-,-,0.00,-,-,-,-,-,-,-2.91,17,HLBQ,HLBQ2-27,2026-08-16
Q3 2027,-,-,-,-,0.00,-,-,-,-,-,-,-1.87,7,HLBQ,HLBQ3-27,2026-08-16
Aug 2026,-,-,-,-,0.00,-,-,-,-,-,-,-22.29,979,HLBM,HLBMAUG-26,2026-08-16
Sep 2026,-,-,-,-,0.00,-,-,-,-,-,-,7.50,943,HLBM,HLBMSEP-26,2026-08-16
Oct 2026,-,-,-,-,0.00,-,-,-,-,-,-,9.91,37,HLBM,HLBMOCT-26,2026-08-16
Nov 2026,-,-,-,-,0.00,-,-,-,-,-,-,-6.37,35,HLBM,HLBMNOV-26,2026-08-16
2027,-,-,55.25,15:52,-0.03,23,20,43,55.25,55.25,55.00,55.25,"4,566",NSBY,NSBY-27,2026-08-16
2028,45.20,-,46.00,15:57,-0.30,4,29,33,46.00,46.00,46.00,46.00,"1,912",NSBY,NSBY-28,2026-08-16
2029,43.60,-,-,-,0.00,-,4,4,-,-,-,44.65,780,NSBY,NSBY-29,2026-08-16
2030,44.75,-,-,-,0.00,-,-,-,-,-,-,46.24,353,NSBY,NSBY-30,2026-08-16
2031,-,-,-,-,0.00,-,-,-,-,-,-,46.36,181,NSBY,NSBY-31,2026-08-16
2032,-,-,-,-,0.00,-,-,-,-,-,-,48.38,53,NSBY,NSBY-32,2026-08-16
2033,-,-,-,-,0.00,-,-,-,-,-,-,48.88,1,NSBY,NSBY-33,2026-08-16
2034,-,-,-,-,0.00,-,-,-,-,-,-,49.38,1,NSBY,NSBY-34,2026-08-16
2035,-,-,-,-,0.00,-,-,-,-,-,-,49.88,0,NSBY,NSBY-35,2026-08-16
2036,-,-,-,-,0.00,-,-,-,-,-,-,50.13,0,NSBY,NSBY-36,2026-08-16
Q4 2026,87.00,-,88.25,15:52,-0.86,116,49,165,88.87,89.00,87.65,88.25,"5,556",NSBQ,NSBQ4-26,2026-08-16
Q1 2027,-,-,92.90,15:32,-0.85,66,12,78,93.10,93.55,92.40,92.73,"1,478",NSBQ,NSBQ1-27,2026-08-16
Q2 2027,-,-,-,-,0.00,-,-,-,-,-,-,43.75,495,NSBQ,NSBQ2-27,2026-08-16
Q3 2027,-,-,31.96,15:48,0.71,1,-,1,31.96,31.96,31.96,31.96,513,NSBQ,NSBQ3-27,2026-08-16
Q4 2027,52.65,-,54.50,15:48,1.00,1,-,1,54.50,54.50,54.50,53.98,531,NSBQ,NSBQ4-27,2026-08-16
Q1 2028,-,-,72.85,15:55,-0.15,6,3,9,72.75,72.85,72.75,72.85,247,NSBQ,NSBQ1-28,2026-08-16
Q2 2028,-,-,37.10,14:02,-0.40,3,-,3,37.15,37.15,37.10,37.10,63,NSBQ,NSBQ2-28,2026-08-16
Q3 2028,-,-,25.40,15:28,-0.40,3,-,3,25.40,25.40,25.40,25.40,60,NSBQ,NSBQ3-28,2026-08-16
Q4 2028,-,-,49.90,15:41,-0.10,3,-,3,49.70,50.00,49.70,49.90,91,NSBQ,NSBQ4-28,2026-08-16
Aug 2026,-,-,-,-,0.00,-,-,-,-,-,-,65.00,"5,457",NSBM,NSBMAUG-26,2026-08-16
Sep 2026,-,-,71.50,16:04,-1.00,124,71,195,73.00,73.00,71.20,71.67,"6,138",NSBM,NSBMSEP-26,2026-08-16
Oct 2026,79.00,-,79.15,15:32,-0.95,14,20,34,79.90,79.90,79.15,79.25,298,NSBM,NSBMOCT-26,2026-08-16
Nov 2026,90.95,-,92.50,11:18,-1.30,24,10,34,92.50,92.55,92.50,92.25,127,NSBM,NSBMNOV-26,2026-08-16
Dec 2026,-,-,93.00,15:52,-1.35,16,10,26,93.30,93.30,93.00,93.00,157,NSBM,NSBMDEC-26,2026-08-16
Jan 2027,-,-,101.50,15:25,-0.83,1,-,1,101.50,101.50,101.50,101.50,12,NSBM,NSBMJAN-27,2026-08-16
Feb 2027,-,-,-,-,0.00,-,-,-,-,-,-,101.76,8,NSBM,NSBMFEB-27,2026-08-16
2027,-,-,-1.90,15:05,-0.60,1,4,5,-1.90,-1.90,-1.90,-1.80,826,HLBY,HLBY-27,2026-08-17
2028,-,-,2.00,14:07,0.00,1,9,10,2.00,2.00,2.00,2.00,356,HLBY,HLBY-28,2026-08-17
2029,-,-,-,-,0.00,-,-,-,-,-,-,1.58,90,HLBY,HLBY-29,2026-08-17
2030,-,-,-,-,0.00,-,-,-,-,-,-,1.27,50,HLBY,HLBY-30,2026-08-17
Q4 2026,-,-,-,-,0.00,-,-,-,-,-,-,-2.65,"1,043",HLBQ,HLBQ4-26,2026-08-17
Q1 2027,-,-,-,-,0.00,-,-,-,-,-,-,-0.73,256,HLBQ,HLBQ1-27,2026-08-17
Q2 2027,-,-,-,-,0.00,-,-,-,-,-,-,-3.55,17,HLBQ,HLBQ2-27,2026-08-17
Q3 2027,-,-,-,-,0.00,-,-,-,-,-,-,-2.10,7,HLBQ,HLBQ3-27,2026-08-17
Aug 2026,-,-,-,-,0.00,-,-,-,-,-,-,-27.27,979,HLBM,HLBMAUG-26,2026-08-17
Sep 2026,-,-,4.00,15:33,-3.50,67,23,90,7.07,7.07,4.00,4.00,981,HLBM,HLBMSEP-26,2026-08-17
Oct 2026,-,-,-,-,0.00,-,-,-,-,-,-,9.20,37,HLBM,HLBMOCT-26,2026-08-17
Nov 2026,-,-,-,-,0.00,-,-,-,-,-,-,-7.33,35,HLBM,HLBMNOV-26,2026-08-17
2027,-,-,56.50,16:01,1.25,9,24,33,56.35,56.50,56.25,56.48,"4,570",NSBY,NSBY-27,2026-08-17
2028,45.20,-,-,-,0.00,-,16,16,-,-,-,46.40,"1,925",NSBY,NSBY-28,2026-08-17
2029,43.60,-,-,-,0.00,-,-,-,-,-,-,45.00,779,NSBY,NSBY-29,2026-08-17
2030,-,-,46.90,10:55,0.66,1,-,1,46.90,46.90,46.90,46.90,353,NSBY,NSBY-30,2026-08-17
2031,-,-,-,-,0.00,-,-,-,-,-,-,47.00,181,NSBY,NSBY-31,2026-08-17
2032,-,-,-,-,0.00,-,-,-,-,-,-,48.38,53,NSBY,NSBY-32,2026-08-17
2033,-,-,-,-,0.00,-,-,-,-,-,-,48.88,1,NSBY,NSBY-33,2026-08-17
2034,-,-,-,-,0.00,-,-,-,-,-,-,49.38,1,NSBY,NSBY-34,2026-08-17
2035,-,-,-,-,0.00,-,-,-,-,-,-,49.88,0,NSBY,NSBY-35,2026-08-17
2036,-,-,-,-,0.00,-,-,-,-,-,-,50.13,0,NSBY,NSBY-36,2026-08-17
Q4 2026,-,-,91.30,16:03,3.05,156,51,207,90.65,91.30,90.58,91.19,"5,564",NSBQ,NSBQ4-26,2026-08-17
Q1 2027,94.16,-,95.00,16:00,2.27,48,62,110,95.00,95.00,94.45,94.88,"1,532",NSBQ,NSBQ1-27,2026-08-17
Q2 2027,44.90,45.27,45.00,11:05,1.25,1,-,1,45.00,45.00,45.00,45.00,495,NSBQ,NSBQ2-27,2026-08-17
Q3 2027,31.36,-,31.90,14:44,-0.06,2,-,2,31.90,31.90,31.90,31.90,514,NSBQ,NSBQ3-27,2026-08-17
Q4 2027,-,-,54.80,15:55,0.82,2,-,2,54.70,54.80,54.70,54.80,532,NSBQ,NSBQ4-27,2026-08-17
Q1 2028,-,-,73.80,15:44,0.95,4,3,7,73.80,73.80,73.75,73.60,251,NSBQ,NSBQ1-28,2026-08-17
Q2 2028,-,38.60,-,-,0.00,-,-,-,-,-,-,37.40,63,NSBQ,NSBQ2-28,2026-08-17
Q3 2028,-,-,26.00,10:45,0.60,9,-,9,26.00,26.00,26.00,26.00,69,NSBQ,NSBQ3-28,2026-08-17
Q4 2028,-,-,50.20,11:23,0.30,1,-,1,50.20,50.20,50.20,50.20,91,NSBQ,NSBQ4-28,2026-08-17
Aug 2026,-,-,72.50,15:54,7.50,37,59,96,72.50,73.00,72.00,72.50,"5,438",NSBM,NSBMAUG-26,2026-08-17
Sep 2026,-,-,76.30,15:59,4.63,154,57,211,75.00,76.30,74.70,76.28,"6,138",NSBM,NSBMSEP-26,2026-08-17
Oct 2026,82.60,83.70,83.45,15:58,4.20,51,28,79,82.12,83.45,82.12,83.45,340,NSBM,NSBMOCT-26,2026-08-17
Nov 2026,94.85,-,94.85,15:58,2.60,17,-,17,94.00,95.10,94.00,94.85,136,NSBM,NSBMNOV-26,2026-08-17
Dec 2026,-,-,95.90,13:32,2.90,7,-,7,95.00,95.90,95.00,95.55,164,NSBM,NSBMDEC-26,2026-08-17
Jan 2027,-,-,-,-,0.00,-,-,-,-,-,-,104.53,12,NSBM,NSBMJAN-27,2026-08-17
Feb 2027,-,-,-,-,0.00,-,-,-,-,-,-,104.30,8,NSBM,NSBMFEB-27,2026-08-17
2027,-,-,-,-,0.00,-,10,10,-,-,-,-1.80,833,HLBY,HLBY-27,2026-08-18
2028,-,-,-,-,0.00,-,1,1,-,-,-,2.00,357,HLBY,HLBY-28,2026-08-18
2029,-,-,-,-,0.00,-,-,-,-,-,-,1.92,90,HLBY,HLBY-29,2026-08-18
2030,-,-,-,-,0.00,-,1,1,-,-,-,1.25,50,HLBY,HLBY-30,2026-08-18
Q4 2026,-,-,-,-,0.00,-,26,26,-,-,-,-2.50,"1,048",HLBQ,HLBQ4-26,2026-08-18
Q1 2027,-,-,-,-,0.00,-,11,11,-,-,-,0.08,256,HLBQ,HLBQ1-27,2026-08-18
Q2 2027,-,-,-,-,0.00,-,-,-,-,-,-,-3.92,17,HLBQ,HLBQ2-27,2026-08-18
Q3 2027,-,-,-,-,0.00,-,-,-,-,-,-,-1.77,7,HLBQ,HLBQ3-27,2026-08-18
Aug 2026,-,-,-,-,0.00,-,-,-,-,-,-,-27.37,979,HLBM,HLBMAUG-26,2026-08-18
Sep 2026,-,-,3.85,15:20,-0.15,3,-,3,3.85,3.85,3.85,3.90,981,HLBM,HLBMSEP-26,2026-08-18
Oct 2026,-,-,9.20,11:16,0.00,5,-,5,8.60,9.20,8.60,9.20,42,HLBM,HLBMOCT-26,2026-08-18
Nov 2026,-,-,-,-,0.00,-,-,-,-,-,-,-7.48,35,HLBM,HLBMNOV-26,2026-08-18
2027,-,-,56.75,16:03,0.27,4,30,34,56.65,56.75,56.65,56.50,"4,576",NSBY,NSBY-27,2026-08-18
2028,45.20,-,46.25,16:03,-0.15,3,14,17,46.40,46.40,46.25,46.25,"1,940",NSBY,NSBY-28,2026-08-18
2029,43.60,-,44.90,15:59,-0.10,1,3,4,44.90,44.90,44.90,44.90,782,NSBY,NSBY-29,2026-08-18
2030,-,-,-,-,0.00,-,3,3,-,-,-,46.60,354,NSBY,NSBY-30,2026-08-18
2031,-,-,-,-,0.00,-,-,-,-,-,-,47.00,181,NSBY,NSBY-31,2026-08-18
2032,-,-,-,-,0.00,-,-,-,-,-,-,48.38,53,NSBY,NSBY-32,2026-08-18
2033,-,-,-,-,0.00,-,-,-,-,-,-,48.88,1,NSBY,NSBY-33,2026-08-18
2034,-,-,-,-,0.00,-,-,-,-,-,-,49.38,1,NSBY,NSBY-34,2026-08-18
2035,-,-,-,-,0.00,-,-,-,-,-,-,49.88,0,NSBY,NSBY-35,2026-08-18
2036,-,-,-,-,0.00,-,-,-,-,-,-,50.13,0,NSBY,NSBY-36,2026-08-18
Q4 2026,-,95.00,91.90,15:59,0.71,106,19,125,91.50,92.10,91.25,91.97,"5,585",NSBQ,NSBQ4-26,2026-08-18
Q1 2027,95.20,-,95.40,15:59,0.52,48,12,60,95.00,95.55,95.00,95.49,"1,563",NSBQ,NSBQ1-27,2026-08-18
Q2 2027,-,-,-,-,0.00,-,-,-,-,-,-,45.24,495,NSBQ,NSBQ2-27,2026-08-18
Q3 2027,-,-,31.70,15:59,-0.20,1,-,1,31.70,31.70,31.70,31.70,515,NSBQ,NSBQ3-27,2026-08-18
Q4 2027,-,-,55.00,13:40,0.20,1,-,1,55.00,55.00,55.00,55.00,532,NSBQ,NSBQ4-27,2026-08-18
Q1 2028,-,-,-,-,0.00,-,-,-,-,-,-,73.53,251,NSBQ,NSBQ1-28,2026-08-18
Q2 2028,-,38.75,-,-,0.00,-,-,-,-,-,-,37.53,63,NSBQ,NSBQ2-28,2026-08-18
Q3 2028,-,-,-,-,0.00,-,-,-,-,-,-,25.33,69,NSBQ,NSBQ3-28,2026-08-18
Q4 2028,-,-,-,-,0.00,-,-,-,-,-,-,50.20,91,NSBQ,NSBQ4-28,2026-08-18
Aug 2026,-,-,75.00,13:13,2.50,18,-,18,73.00,75.00,73.00,75.88,"5,446",NSBM,NSBMAUG-26,2026-08-18
Sep 2026,-,-,77.00,15:57,0.72,232,51,283,76.00,77.30,76.00,77.00,"6,221",NSBM,NSBMSEP-26,2026-08-18
Oct 2026,84.70,-,85.25,15:50,1.80,95,36,131,84.40,85.50,84.40,85.00,393,NSBM,NSBMOCT-26,2026-08-18
Nov 2026,-,96.25,95.25,15:50,0.40,38,10,48,95.25,95.25,95.25,95.25,180,NSBM,NSBMNOV-26,2026-08-18
Dec 2026,-,-,96.00,15:09,0.45,7,-,7,96.00,96.00,96.00,96.00,171,NSBM,NSBMDEC-26,2026-08-18
Jan 2027,103.04,-,105.00,15:35,0.47,12,-,12,105.00,105.00,105.00,105.00,24,NSBM,NSBMJAN-27,2026-08-18
Feb 2027,-,105.00,-,-,0.00,-,-,-,-,-,-,104.00,8,NSBM,NSBMFEB-27,2026-08-18
2027,-,-,-,-,0.00,-,7,7,-,-,-,-1.75,836,HLBY,HLBY-27,2026-08-19
2028,-,-,2.25,15:05,0.25,2,2,4,2.25,2.25,2.25,2.25,358,HLBY,HLBY-28,2026-08-19
2029,-,-,-,-,0.00,-,-,-,-,-,-,2.01,90,HLBY,HLBY-29,2026-08-19
2030,-,-,-,-,0.00,-,-,-,-,-,-,1.25,50,HLBY,HLBY-30,2026-08-19
Q4 2026,-,-,-,-,0.00,-,10,10,-,-,-,-2.35,"1,047",HLBQ,HLBQ4-26,2026-08-19
Q1 2027,-,-,-,-,0.00,-,12,12,-,-,-,0.40,252,HLBQ,HLBQ1-27,2026-08-19
Q2 2027,-,-,-,-,0.00,-,-,-,-,-,-,-2.98,17,HLBQ,HLBQ2-27,2026-08-19
Q3 2027,-,-,-1.75,15:44,0.02,5,-,5,-1.75,-1.75,-1.75,-1.75,12,HLBQ,HLBQ3-27,2026-08-19
Aug 2026,-,-,-,-,0.00,-,-,-,-,-,-,-28.90,979,HLBM,HLBMAUG-26,2026-08-19
Sep 2026,-,-,2.00,15:22,-1.90,29,7,36,3.15,3.15,2.00,2.00,997,HLBM,HLBMSEP-26,2026-08-19
Oct 2026,-,-,-,-,0.00,-,-,-,-,-,-,8.95,42,HLBM,HLBMOCT-26,2026-08-19
Nov 2026,-,-,-,-,0.00,-,-,-,-,-,-,-7.11,35,HLBM,HLBMNOV-26,2026-08-19
2027,-,-,56.20,15:56,-0.30,17,30,47,56.30,56.30,56.00,56.30,"4,591",NSBY,NSBY-27,2026-08-19
2028,45.20,-,46.25,16:00,0.00,7,16,23,46.15,46.25,46.15,46.25,"1,956",NSBY,NSBY-28,2026-08-19
2029,43.60,-,45.00,15:00,0.10,2,5,7,45.00,45.00,45.00,45.00,789,NSBY,NSBY-29,2026-08-19
2030,-,46.85,46.65,13:41,0.05,1,-,1,46.65,46.65,46.65,46.65,354,NSBY,NSBY-30,2026-08-19
2031,-,-,-,-,0.00,-,-,-,-,-,-,46.88,181,NSBY,NSBY-31,2026-08-19
2032,-,-,-,-,0.00,-,-,-,-,-,-,48.38,53,NSBY,NSBY-32,2026-08-19
2033,-,-,-,-,0.00,-,-,-,-,-,-,48.88,1,NSBY,NSBY-33,2026-08-19
2034,-,-,-,-,0.00,-,-,-,-,-,-,49.38,1,NSBY,NSBY-34,2026-08-19
2035,-,-,-,-,0.00,-,-,-,-,-,-,49.88,0,NSBY,NSBY-35,2026-08-19
2036,-,-,-,-,0.00,-,-,-,-,-,-,50.13,0,NSBY,NSBY-36,2026-08-19
Q4 2026,-,91.35,91.15,16:00,-0.82,73,21,94,92.00,92.00,90.75,91.15,"5,623",NSBQ,NSBQ4-26,2026-08-19
Q1 2027,-,-,95.10,15:42,-0.39,32,17,49,95.75,95.75,94.90,95.10,"1,568",NSBQ,NSBQ1-27,2026-08-19
Q2 2027,-,-,44.60,14:42,-0.64,12,-,12,45.50,45.50,44.60,45.08,501,NSBQ,NSBQ2-27,2026-08-19
Q3 2027,-,-,31.50,15:14,-0.20,14,-,14,31.40,31.50,31.40,31.50,529,NSBQ,NSBQ3-27,2026-08-19
Q4 2027,-,-,54.90,14:35,-0.10,23,-,23,54.65,54.90,54.65,54.90,535,NSBQ,NSBQ4-27,2026-08-19
Q1 2028,-,-,73.50,15:01,-0.03,4,3,7,73.60,73.60,73.50,73.50,258,NSBQ,NSBQ1-28,2026-08-19
Q2 2028,-,-,36.80,15:47,-0.73,5,-,5,36.90,36.90,36.80,36.80,68,NSBQ,NSBQ2-28,2026-08-19
Q3 2028,-,-,25.50,11:43,0.17,12,-,12,25.50,25.50,25.50,25.50,81,NSBQ,NSBQ3-28,2026-08-19
Q4 2028,-,-,50.10,13:18,-0.10,4,-,4,50.50,50.50,50.10,50.10,95,NSBQ,NSBQ4-28,2026-08-19
Aug 2026,-,-,76.50,15:03,0.62,1,-,1,76.50,76.50,76.50,76.50,"5,447",NSBM,NSBMAUG-26,2026-08-19
Sep 2026,-,-,75.70,15:59,-1.30,390,11,401,77.00,77.00,75.06,75.70,"6,278",NSBM,NSBMSEP-26,2026-08-19
Oct 2026,-,84.65,84.50,15:56,-0.50,190,10,200,84.75,84.80,84.00,84.50,449,NSBM,NSBMOCT-26,2026-08-19
Nov 2026,-,-,94.25,15:56,-1.00,6,10,16,94.90,94.90,94.10,94.25,195,NSBM,NSBMNOV-26,2026-08-19
Dec 2026,-,-,-,-,0.00,-,-,-,-,-,-,95.63,170,NSBM,NSBMDEC-26,2026-08-19
Jan 2027,-,-,-,-,0.00,-,-,-,-,-,-,103.92,24,NSBM,NSBMJAN-27,2026-08-19
Feb 2027,-,-,-,-,0.00,-,-,-,-,-,-,103.83,8,NSBM,NSBMFEB-27,2026-08-19
2027,-,-,-1.77,13:47,-0.02,3,2,5,-1.77,-1.77,-1.77,-1.77,836,HLBY,HLBY-27,2026-08-20
2028,-,-,-,-,0.00,-,7,7,-,-,-,2.75,360,HLBY,HLBY-28,2026-08-20
2029,-,-,-,-,0.00,-,-,-,-,-,-,1.96,90,HLBY,HLBY-29,2026-08-20
2030,-,-,-,-,0.00,-,-,-,-,-,-,1.87,50,HLBY,HLBY-30,2026-08-20
Q4 2026,-,-,-,-,0.00,-,19,19,-,-,-,-2.30,"1,056",HLBQ,HLBQ4-26,2026-08-20
Q1 2027,-,-,-,-,0.00,-,13,13,-,-,-,0.50,253,HLBQ,HLBQ1-27,2026-08-20
Q2 2027,-,-,-,-,0.00,-,-,-,-,-,-,-2.96,17,HLBQ,HLBQ2-27,2026-08-20
Q3 2027,-,-,-,-,0.00,-,-,-,-,-,-,-1.75,12,HLBQ,HLBQ3-27,2026-08-20
Aug 2026,-,-,-,-,0.00,-,-,-,-,-,-,-29.76,979,HLBM,HLBMAUG-26,2026-08-20
Sep 2026,-,-,1.60,15:08,-0.40,43,30,73,2.03,2.03,1.50,1.60,"1,040",HLBM,HLBMSEP-26,2026-08-20
Oct 2026,-,-,-,-,0.00,-,-,-,-,-,-,8.64,42,HLBM,HLBMOCT-26,2026-08-20
Nov 2026,-,-,-,-,0.00,-,-,-,-,-,-,-7.19,35,HLBM,HLBMNOV-26,2026-08-20
2027,-,-,56.60,15:59,0.30,21,11,32,56.25,56.60,56.25,56.60,"4,601",NSBY,NSBY-27,2026-08-20
2028,45.20,-,-,-,0.00,-,16,16,-,-,-,46.40,"1,965",NSBY,NSBY-28,2026-08-20
2029,43.60,-,45.50,15:11,0.50,1,7,8,45.50,45.50,45.50,45.35,794,NSBY,NSBY-29,2026-08-20
2030,-,-,46.80,15:55,0.15,1,1,2,46.80,46.80,46.80,46.80,354,NSBY,NSBY-30,2026-08-20
2031,-,-,-,-,0.00,-,-,-,-,-,-,46.88,181,NSBY,NSBY-31,2026-08-20
2032,-,-,-,-,0.00,-,-,-,-,-,-,48.38,53,NSBY,NSBY-32,2026-08-20
2033,-,-,-,-,0.00,-,-,-,-,-,-,48.88,1,NSBY,NSBY-33,2026-08-20
2034,-,-,-,-,0.00,-,-,-,-,-,-,49.38,1,NSBY,NSBY-34,2026-08-20
2035,-,-,-,-,0.00,-,-,-,-,-,-,49.88,0,NSBY,NSBY-35,2026-08-20
2036,-,-,-,-,0.00,-,-,-,-,-,-,50.13,0,NSBY,NSBY-36,2026-08-20
Q4 2026,89.55,-,89.65,15:42,-1.50,58,43,101,89.25,90.15,89.00,89.65,"5,651",NSBQ,NSBQ4-26,2026-08-20
Q1 2027,92.90,96.40,95.50,15:51,0.40,51,4,55,94.00,95.90,93.50,95.65,"1,549",NSBQ,NSBQ1-27,2026-08-20
Q2 2027,-,-,45.00,15:53,-0.08,8,-,8,45.10,45.20,45.00,45.00,500,NSBQ,NSBQ2-27,2026-08-20
Q3 2027,-,-,31.25,15:58,-0.25,1,-,1,31.25,31.25,31.25,31.25,529,NSBQ,NSBQ3-27,2026-08-20
Q4 2027,-,-,55.50,15:48,0.60,23,-,23,55.00,55.50,55.00,55.50,542,NSBQ,NSBQ4-27,2026-08-20
Q1 2028,-,-,-,-,0.00,-,5,5,-,-,-,73.75,263,NSBQ,NSBQ1-28,2026-08-20
Q2 2028,-,-,36.90,13:43,0.10,4,-,4,36.90,36.90,36.90,36.90,72,NSBQ,NSBQ2-28,2026-08-20
Q3 2028,-,-,-,-,0.00,-,-,-,-,-,-,25.65,81,NSBQ,NSBQ3-28,2026-08-20
Q4 2028,-,-,-,-,0.00,-,-,-,-,-,-,50.17,95,NSBQ,NSBQ4-28,2026-08-20
Aug 2026,-,-,75.50,13:17,-1.00,16,-,16,75.50,75.50,75.00,75.50,"5,458",NSBM,NSBMAUG-26,2026-08-20
Sep 2026,-,-,72.70,15:59,-3.00,215,35,250,74.05,74.05,72.25,72.73,"6,179",NSBM,NSBMSEP-26,2026-08-20
Oct 2026,-,82.85,82.80,15:19,-1.70,77,30,107,84.00,84.00,82.30,82.70,544,NSBM,NSBMOCT-26,2026-08-20
Nov 2026,90.80,96.00,92.70,15:56,-1.55,9,-,9,92.50,93.30,92.40,92.70,194,NSBM,NSBMNOV-26,2026-08-20
Dec 2026,-,-,93.00,15:19,-2.63,8,1,9,93.00,93.00,93.00,93.75,178,NSBM,NSBMDEC-26,2026-08-20
Jan 2027,-,-,105.09,15:06,1.17,1,-,1,105.09,105.09,105.09,105.09,25,NSBM,NSBMJAN-27,2026-08-20
Feb 2027,-,-,104.00,15:29,0.17,4,-,4,104.00,104.00,104.00,104.00,12,NSBM,NSBMFEB-27,2026-08-20
2027,-,-,-1.85,15:24,-0.08,3,5,8,-1.70,-1.70,-1.85,-1.80,841,HLBY,HLBY-27,2026-08-21
2028,-,-,-,-,0.00,-,-,-,-,-,-,2.58,360,HLBY,HLBY-28,2026-08-21
2029,-,-,-,-,0.00,-,-,-,-,-,-,1.98,90,HLBY,HLBY-29,2026-08-21
2030,-,-,-,-,0.00,-,-,-,-,-,-,1.84,50,HLBY,HLBY-30,2026-08-21
Q4 2026,-,-,-2.50,15:55,-0.20,1,6,7,-2.50,-2.50,-2.50,-2.50,"1,056",HLBQ,HLBQ4-26,2026-08-21
Q1 2027,-,-,-,-,0.00,-,13,13,-,-,-,0.65,255,HLBQ,HLBQ1-27,2026-08-21
Q2 2027,-,-,-3.00,15:01,-0.04,2,-,2,-3.00,-3.00,-3.00,-3.00,18,HLBQ,HLBQ2-27,2026-08-21
Q3 2027,-,-,-1.70,15:42,0.05,6,4,10,-1.75,-1.70,-1.75,-1.70,22,HLBQ,HLBQ3-27,2026-08-21
Aug 2026,-,-,-,-,0.00,-,-,-,-,-,-,-30.03,979,HLBM,HLBMAUG-26,2026-08-21
Sep 2026,-,-,0.50,15:43,-1.10,21,-,21,1.00,1.00,0.25,0.50,"1,047",HLBM,HLBMSEP-26,2026-08-21
Oct 2026,-,-,-,-,0.00,-,-,-,-,-,-,8.73,42,HLBM,HLBMOCT-26,2026-08-21
Nov 2026,-,-,-7.00,15:55,0.19,1,-,1,-7.00,-7.00,-7.00,-7.00,36,HLBM,HLBMNOV-26,2026-08-21
2027,-,-,57.20,16:03,0.60,39,27,66,57.00,57.60,57.00,57.25,"4,640",NSBY,NSBY-27,2026-08-21
2028,45.20,-,46.60,15:52,0.20,2,14,16,46.70,46.70,46.60,46.45,"1,965",NSBY,NSBY-28,2026-08-21
2029,43.60,-,45.12,15:57,-0.23,1,2,3,45.12,45.12,45.12,45.12,793,NSBY,NSBY-29,2026-08-21
2030,-,-,-,-,0.00,-,-,-,-,-,-,46.61,354,NSBY,NSBY-30,2026-08-21
2031,-,-,-,-,0.00,-,-,-,-,-,-,47.41,181,NSBY,NSBY-31,2026-08-21
2032,-,-,-,-,0.00,-,-,-,-,-,-,48.38,53,NSBY,NSBY-32,2026-08-21
2033,-,-,-,-,0.00,-,-,-,-,-,-,48.88,1,NSBY,NSBY-33,2026-08-21
2034,-,-,-,-,0.00,-,-,-,-,-,-,49.38,1,NSBY,NSBY-34,2026-08-21
2035,-,-,-,-,0.00,-,-,-,-,-,-,49.88,0,NSBY,NSBY-35,2026-08-21
2036,-,-,-,-,0.00,-,-,-,-,-,-,50.13,0,NSBY,NSBY-36,2026-08-21
Q4 2026,-,93.00,91.00,15:55,1.35,58,10,68,91.50,92.00,90.70,91.00,"5,640",NSBQ,NSBQ4-26,2026-08-21
Q1 2027,95.50,-,97.00,15:59,1.35,51,14,65,96.60,97.35,96.10,97.00,"1,555",NSBQ,NSBQ1-27,2026-08-21
Q2 2027,-,-,45.50,11:22,0.50,3,-,3,45.50,45.50,45.50,45.55,503,NSBQ,NSBQ2-27,2026-08-21
Q3 2027,-,-,32.00,14:00,0.75,31,-,31,32.00,32.20,32.00,32.00,552,NSBQ,NSBQ3-27,2026-08-21
Q4 2027,-,-,55.85,14:03,0.35,3,-,3,55.85,55.85,55.85,55.85,542,NSBQ,NSBQ4-27,2026-08-21
Q1 2028,-,-,-,-,0.00,-,-,-,-,-,-,73.90,263,NSBQ,NSBQ1-28,2026-08-21
Q2 2028,-,-,-,-,0.00,-,-,-,-,-,-,37.50,72,NSBQ,NSBQ2-28,2026-08-21
Q3 2028,-,-,-,-,0.00,-,-,-,-,-,-,25.80,81,NSBQ,NSBQ3-28,2026-08-21
Q4 2028,-,-,-,-,0.00,-,-,-,-,-,-,49.95,95,NSBQ,NSBQ4-28,2026-08-21
Aug 2026,-,-,76.00,15:57,0.50,12,-,12,75.50,76.00,75.50,76.00,"5,468",NSBM,NSBMAUG-26,2026-08-21
Sep 2026,-,-,75.80,15:59,3.07,183,41,224,74.24,76.30,74.24,75.95,"6,075",NSBM,NSBMSEP-26,2026-08-21
Oct 2026,-,83.90,83.45,15:57,0.75,32,26,58,84.75,85.25,83.40,83.45,571,NSBM,NSBMOCT-26,2026-08-21
Nov 2026,93.65,-,94.50,13:57,1.80,6,-,6,94.60,94.65,94.50,94.50,196,NSBM,NSBMNOV-26,2026-08-21
Dec 2026,94.40,-,-,-,0.00,-,-,-,-,-,-,95.40,177,NSBM,NSBMDEC-26,2026-08-21
Jan 2027,-,-,-,-,0.00,-,-,-,-,-,-,106.08,25,NSBM,NSBMJAN-27,2026-08-21
Feb 2027,-,-,-,-,0.00,-,-,-,-,-,-,105.81,12,NSBM,NSBMFEB-27,2026-08-21
